-- MySQL dump 10.13  Distrib 8.1.0, for macos14.0 (arm64)
--
-- Host: localhost    Database: nest
-- ------------------------------------------------------
-- Server version	8.1.0

/*!40101 SET @OLD_CHARACTER_SET_CLIENT=@@CHARACTER_SET_CLIENT */;
/*!40101 SET @OLD_CHARACTER_SET_RESULTS=@@CHARACTER_SET_RESULTS */;
/*!40101 SET @OLD_COLLATION_CONNECTION=@@COLLATION_CONNECTION */;
/*!50503 SET NAMES utf8mb4 */;
/*!40103 SET @OLD_TIME_ZONE=@@TIME_ZONE */;
/*!40103 SET TIME_ZONE='+00:00' */;
/*!40014 SET @OLD_UNIQUE_CHECKS=@@UNIQUE_CHECKS, UNIQUE_CHECKS=0 */;
/*!40014 SET @OLD_FOREIGN_KEY_CHECKS=@@FOREIGN_KEY_CHECKS, FOREIGN_KEY_CHECKS=0 */;
/*!40101 SET @OLD_SQL_MODE=@@SQL_MODE, SQL_MODE='NO_AUTO_VALUE_ON_ZERO' */;
/*!40111 SET @OLD_SQL_NOTES=@@SQL_NOTES, SQL_NOTES=0 */;

--
-- Table structure for table `activations`
--

DROP TABLE IF EXISTS `activations`;
/*!40101 SET @saved_cs_client     = @@character_set_client */;
/*!50503 SET character_set_client = utf8mb4 */;
CREATE TABLE `activations` (
  `id` bigint unsigned NOT NULL AUTO_INCREMENT,
  `user_id` bigint unsigned NOT NULL,
  `code` varchar(120) COLLATE utf8mb4_unicode_ci NOT NULL,
  `completed` tinyint(1) NOT NULL DEFAULT '0',
  `completed_at` timestamp NULL DEFAULT NULL,
  `created_at` timestamp NULL DEFAULT NULL,
  `updated_at` timestamp NULL DEFAULT NULL,
  PRIMARY KEY (`id`),
  KEY `activations_user_id_index` (`user_id`)
) ENGINE=InnoDB AUTO_INCREMENT=4 DEFAULT CHARSET=utf8mb4 COLLATE=utf8mb4_unicode_ci;
/*!40101 SET character_set_client = @saved_cs_client */;

--
-- Dumping data for table `activations`
--

LOCK TABLES `activations` WRITE;
/*!40000 ALTER TABLE `activations` DISABLE KEYS */;
INSERT INTO `activations` VALUES (1,1,'4f8LK5Y78xv0k1YOL0rbxXocZoIimkfY',1,'2023-11-08 01:37:42','2023-11-08 01:37:42','2023-11-08 01:37:42'),(2,2,'2pUAzcFAezfTAm06A3LPgIW53g9srhG9',1,'2023-11-08 01:37:42','2023-11-08 01:37:42','2023-11-08 01:37:42'),(3,3,'EkvJjQaweMGb3zYVWQhr4oqBRzmGpWds',1,'2023-11-08 01:37:42','2023-11-08 01:37:42','2023-11-08 01:37:42');
/*!40000 ALTER TABLE `activations` ENABLE KEYS */;
UNLOCK TABLES;

--
-- Table structure for table `admin_notifications`
--

DROP TABLE IF EXISTS `admin_notifications`;
/*!40101 SET @saved_cs_client     = @@character_set_client */;
/*!50503 SET character_set_client = utf8mb4 */;
CREATE TABLE `admin_notifications` (
  `id` bigint unsigned NOT NULL AUTO_INCREMENT,
  `title` varchar(191) COLLATE utf8mb4_unicode_ci NOT NULL,
  `action_label` varchar(191) COLLATE utf8mb4_unicode_ci DEFAULT NULL,
  `action_url` varchar(191) COLLATE utf8mb4_unicode_ci DEFAULT NULL,
  `description` varchar(400) COLLATE utf8mb4_unicode_ci NOT NULL,
  `read_at` timestamp NULL DEFAULT NULL,
  `created_at` timestamp NULL DEFAULT NULL,
  `updated_at` timestamp NULL DEFAULT NULL,
  `permission` varchar(191) COLLATE utf8mb4_unicode_ci DEFAULT NULL,
  PRIMARY KEY (`id`)
) ENGINE=InnoDB DEFAULT CHARSET=utf8mb4 COLLATE=utf8mb4_unicode_ci;
/*!40101 SET character_set_client = @saved_cs_client */;

--
-- Dumping data for table `admin_notifications`
--

LOCK TABLES `admin_notifications` WRITE;
/*!40000 ALTER TABLE `admin_notifications` DISABLE KEYS */;
/*!40000 ALTER TABLE `admin_notifications` ENABLE KEYS */;
UNLOCK TABLES;

--
-- Table structure for table `ads`
--

DROP TABLE IF EXISTS `ads`;
/*!40101 SET @saved_cs_client     = @@character_set_client */;
/*!50503 SET character_set_client = utf8mb4 */;
CREATE TABLE `ads` (
  `id` bigint unsigned NOT NULL AUTO_INCREMENT,
  `name` varchar(255) COLLATE utf8mb4_unicode_ci NOT NULL,
  `expired_at` datetime DEFAULT NULL,
  `location` varchar(120) COLLATE utf8mb4_unicode_ci DEFAULT NULL,
  `key` varchar(120) COLLATE utf8mb4_unicode_ci NOT NULL,
  `image` varchar(255) COLLATE utf8mb4_unicode_ci DEFAULT NULL,
  `url` varchar(255) COLLATE utf8mb4_unicode_ci DEFAULT NULL,
  `clicked` bigint NOT NULL DEFAULT '0',
  `order` int DEFAULT '0',
  `status` varchar(60) COLLATE utf8mb4_unicode_ci NOT NULL DEFAULT 'published',
  `created_at` timestamp NULL DEFAULT NULL,
  `updated_at` timestamp NULL DEFAULT NULL,
  `open_in_new_tab` tinyint(1) NOT NULL DEFAULT '1',
  `tablet_image` varchar(255) COLLATE utf8mb4_unicode_ci DEFAULT NULL,
  `mobile_image` varchar(255) COLLATE utf8mb4_unicode_ci DEFAULT NULL,
  PRIMARY KEY (`id`),
  UNIQUE KEY `ads_key_unique` (`key`)
) ENGINE=InnoDB AUTO_INCREMENT=13 DEFAULT CHARSET=utf8mb4 COLLATE=utf8mb4_unicode_ci;
/*!40101 SET character_set_client = @saved_cs_client */;

--
-- Dumping data for table `ads`
--

LOCK TABLES `ads` WRITE;
/*!40000 ALTER TABLE `ads` DISABLE KEYS */;
INSERT INTO `ads` VALUES (1,'Everyday Fresh','2028-11-08 00:00:00','not_set','IZ6WU8KUALYD','promotion/1.png','/products',0,1,'published','2023-11-08 01:37:43','2023-11-08 01:37:43',1,NULL,NULL),(2,'Make your Breakfast','2028-11-08 00:00:00','not_set','ILSFJVYFGCPZ','promotion/2.png','/products',0,2,'published','2023-11-08 01:37:43','2023-11-08 01:37:43',1,NULL,NULL),(3,'The best Organic','2028-11-08 00:00:00','not_set','ILSDKVYFGXPH','promotion/3.png','/products',0,3,'published','2023-11-08 01:37:43','2023-11-08 01:37:43',1,NULL,NULL),(4,'Bring nature into your home','2028-11-08 00:00:00','not_set','IZ6WU8KUALYG','promotion/4.png','/products',0,4,'published','2023-11-08 01:37:43','2023-11-08 01:37:43',1,NULL,NULL),(5,'Delivered to your home','2028-11-08 00:00:00','not_set','IZ6WU8KUALYH','promotion/5.png','/products',0,5,'published','2023-11-08 01:37:43','2023-11-08 01:37:43',1,NULL,NULL),(6,'Save 17% on Oganic Juice','2028-11-08 00:00:00','not_set','IZ6WU8KUALYI','promotion/6.png','/products',0,6,'published','2023-11-08 01:37:43','2023-11-08 01:37:43',1,NULL,NULL),(7,'Everyday Fresh & Clean with Our Products','2028-11-08 00:00:00','not_set','IZ6WU8KUALYJ','promotion/7.png','/products',0,7,'published','2023-11-08 01:37:43','2023-11-08 01:37:43',1,NULL,NULL),(8,'The best Organic Products Online','2028-11-08 00:00:00','not_set','IZ6WU8KUALYK','promotion/8.png','/products',0,8,'published','2023-11-08 01:37:43','2023-11-08 01:37:43',1,NULL,NULL),(9,'Everyday Fresh with Our Products','2028-11-08 00:00:00','not_set','IZ6WU8KUALYL','promotion/9.png',NULL,0,9,'published','2023-11-08 01:37:43','2023-11-08 01:37:43',1,NULL,NULL),(10,'100% guaranteed all Fresh items','2028-11-08 00:00:00','not_set','IZ6WU8KUALYM','promotion/10.png',NULL,0,10,'published','2023-11-08 01:37:43','2023-11-08 01:37:43',1,NULL,NULL),(11,'Special grocery sale off this month','2028-11-08 00:00:00','not_set','IZ6WU8KUALYN','promotion/11.png',NULL,0,11,'published','2023-11-08 01:37:43','2023-11-08 01:37:43',1,NULL,NULL),(12,'Enjoy 15% OFF for all vegetable and fruit','2028-11-08 00:00:00','not_set','IZ6WU8KUALYO','promotion/12.png',NULL,0,12,'published','2023-11-08 01:37:43','2023-11-08 01:37:43',1,NULL,NULL);
/*!40000 ALTER TABLE `ads` ENABLE KEYS */;
UNLOCK TABLES;

--
-- Table structure for table `ads_translations`
--

DROP TABLE IF EXISTS `ads_translations`;
/*!40101 SET @saved_cs_client     = @@character_set_client */;
/*!50503 SET character_set_client = utf8mb4 */;
CREATE TABLE `ads_translations` (
  `lang_code` varchar(191) COLLATE utf8mb4_unicode_ci NOT NULL,
  `ads_id` bigint unsigned NOT NULL,
  `name` varchar(255) COLLATE utf8mb4_unicode_ci DEFAULT NULL,
  `image` varchar(255) COLLATE utf8mb4_unicode_ci DEFAULT NULL,
  `url` varchar(255) COLLATE utf8mb4_unicode_ci DEFAULT NULL,
  PRIMARY KEY (`lang_code`,`ads_id`)
) ENGINE=InnoDB DEFAULT CHARSET=utf8mb4 COLLATE=utf8mb4_unicode_ci;
/*!40101 SET character_set_client = @saved_cs_client */;

--
-- Dumping data for table `ads_translations`
--

LOCK TABLES `ads_translations` WRITE;
/*!40000 ALTER TABLE `ads_translations` DISABLE KEYS */;
/*!40000 ALTER TABLE `ads_translations` ENABLE KEYS */;
UNLOCK TABLES;

--
-- Table structure for table `audit_histories`
--

DROP TABLE IF EXISTS `audit_histories`;
/*!40101 SET @saved_cs_client     = @@character_set_client */;
/*!50503 SET character_set_client = utf8mb4 */;
CREATE TABLE `audit_histories` (
  `id` bigint unsigned NOT NULL AUTO_INCREMENT,
  `user_id` bigint unsigned NOT NULL,
  `module` varchar(60) COLLATE utf8mb4_unicode_ci NOT NULL,
  `request` text COLLATE utf8mb4_unicode_ci,
  `action` varchar(120) COLLATE utf8mb4_unicode_ci NOT NULL,
  `user_agent` text COLLATE utf8mb4_unicode_ci,
  `ip_address` varchar(39) COLLATE utf8mb4_unicode_ci DEFAULT NULL,
  `reference_user` bigint unsigned NOT NULL,
  `reference_id` bigint unsigned NOT NULL,
  `reference_name` varchar(255) COLLATE utf8mb4_unicode_ci NOT NULL,
  `type` varchar(20) COLLATE utf8mb4_unicode_ci NOT NULL,
  `created_at` timestamp NULL DEFAULT NULL,
  `updated_at` timestamp NULL DEFAULT NULL,
  PRIMARY KEY (`id`),
  KEY `audit_histories_user_id_index` (`user_id`),
  KEY `audit_histories_module_index` (`module`)
) ENGINE=InnoDB DEFAULT CHARSET=utf8mb4 COLLATE=utf8mb4_unicode_ci;
/*!40101 SET character_set_client = @saved_cs_client */;

--
-- Dumping data for table `audit_histories`
--

LOCK TABLES `audit_histories` WRITE;
/*!40000 ALTER TABLE `audit_histories` DISABLE KEYS */;
/*!40000 ALTER TABLE `audit_histories` ENABLE KEYS */;
UNLOCK TABLES;

--
-- Table structure for table `categories`
--

DROP TABLE IF EXISTS `categories`;
/*!40101 SET @saved_cs_client     = @@character_set_client */;
/*!50503 SET character_set_client = utf8mb4 */;
CREATE TABLE `categories` (
  `id` bigint unsigned NOT NULL AUTO_INCREMENT,
  `name` varchar(120) COLLATE utf8mb4_unicode_ci NOT NULL,
  `parent_id` bigint unsigned NOT NULL DEFAULT '0',
  `description` varchar(400) COLLATE utf8mb4_unicode_ci DEFAULT NULL,
  `status` varchar(60) COLLATE utf8mb4_unicode_ci NOT NULL DEFAULT 'published',
  `author_id` bigint unsigned DEFAULT NULL,
  `author_type` varchar(255) CHARACTER SET utf8mb4 COLLATE utf8mb4_unicode_ci NOT NULL DEFAULT 'Botble\\ACL\\Models\\User',
  `icon` varchar(60) COLLATE utf8mb4_unicode_ci DEFAULT NULL,
  `order` tinyint NOT NULL DEFAULT '0',
  `is_featured` tinyint NOT NULL DEFAULT '0',
  `is_default` tinyint unsigned NOT NULL DEFAULT '0',
  `created_at` timestamp NULL DEFAULT NULL,
  `updated_at` timestamp NULL DEFAULT NULL,
  PRIMARY KEY (`id`),
  KEY `categories_parent_id_index` (`parent_id`),
  KEY `categories_status_index` (`status`),
  KEY `categories_created_at_index` (`created_at`)
) ENGINE=InnoDB AUTO_INCREMENT=5 DEFAULT CHARSET=utf8mb4 COLLATE=utf8mb4_unicode_ci;
/*!40101 SET character_set_client = @saved_cs_client */;

--
-- Dumping data for table `categories`
--

LOCK TABLES `categories` WRITE;
/*!40000 ALTER TABLE `categories` DISABLE KEYS */;
INSERT INTO `categories` VALUES (1,'Ecommerce',0,'Aut laudantium laudantium nemo sed eos. Iste repellat est fuga consequuntur et ad. Laudantium nemo sint nihil qui.','published',1,'Botble\\ACL\\Models\\User',NULL,0,0,1,'2023-11-08 01:37:41','2023-11-08 01:37:41'),(2,'Fashion',0,'Alias dolor soluta sunt corporis. Praesentium omnis non ut enim. Suscipit illo quae quis minus commodi. Eum et a ut et iusto illum id.','published',1,'Botble\\ACL\\Models\\User',NULL,0,1,0,'2023-11-08 01:37:41','2023-11-08 01:37:41'),(3,'Electronic',0,'Qui ut quo harum repellat consectetur est in. Deleniti reiciendis officia perspiciatis sapiente enim quaerat eaque. Ducimus dolorem eaque iusto quam quia. Aut sed minus aut magni.','published',1,'Botble\\ACL\\Models\\User',NULL,0,1,0,'2023-11-08 01:37:41','2023-11-08 01:37:41'),(4,'Commercial',0,'Non consequatur dolor voluptates neque aut dolor veniam. Iure autem et laborum ex ea debitis. Earum aliquid occaecati perferendis maxime saepe.','published',1,'Botble\\ACL\\Models\\User',NULL,0,1,0,'2023-11-08 01:37:41','2023-11-08 01:37:41');
/*!40000 ALTER TABLE `categories` ENABLE KEYS */;
UNLOCK TABLES;

--
-- Table structure for table `categories_translations`
--

DROP TABLE IF EXISTS `categories_translations`;
/*!40101 SET @saved_cs_client     = @@character_set_client */;
/*!50503 SET character_set_client = utf8mb4 */;
CREATE TABLE `categories_translations` (
  `lang_code` varchar(191) COLLATE utf8mb4_unicode_ci NOT NULL,
  `categories_id` bigint unsigned NOT NULL,
  `name` varchar(255) COLLATE utf8mb4_unicode_ci DEFAULT NULL,
  `description` varchar(400) COLLATE utf8mb4_unicode_ci DEFAULT NULL,
  PRIMARY KEY (`lang_code`,`categories_id`)
) ENGINE=InnoDB DEFAULT CHARSET=utf8mb4 COLLATE=utf8mb4_unicode_ci;
/*!40101 SET character_set_client = @saved_cs_client */;

--
-- Dumping data for table `categories_translations`
--

LOCK TABLES `categories_translations` WRITE;
/*!40000 ALTER TABLE `categories_translations` DISABLE KEYS */;
/*!40000 ALTER TABLE `categories_translations` ENABLE KEYS */;
UNLOCK TABLES;

--
-- Table structure for table `cities`
--

DROP TABLE IF EXISTS `cities`;
/*!40101 SET @saved_cs_client     = @@character_set_client */;
/*!50503 SET character_set_client = utf8mb4 */;
CREATE TABLE `cities` (
  `id` bigint unsigned NOT NULL AUTO_INCREMENT,
  `name` varchar(120) COLLATE utf8mb4_unicode_ci NOT NULL,
  `slug` varchar(120) COLLATE utf8mb4_unicode_ci DEFAULT NULL,
  `state_id` bigint unsigned DEFAULT NULL,
  `country_id` bigint unsigned DEFAULT NULL,
  `record_id` varchar(40) COLLATE utf8mb4_unicode_ci DEFAULT NULL,
  `order` tinyint NOT NULL DEFAULT '0',
  `image` varchar(255) COLLATE utf8mb4_unicode_ci DEFAULT NULL,
  `is_default` tinyint unsigned NOT NULL DEFAULT '0',
  `status` varchar(60) COLLATE utf8mb4_unicode_ci NOT NULL DEFAULT 'published',
  `created_at` timestamp NULL DEFAULT NULL,
  `updated_at` timestamp NULL DEFAULT NULL,
  PRIMARY KEY (`id`),
  UNIQUE KEY `cities_slug_unique` (`slug`)
) ENGINE=InnoDB DEFAULT CHARSET=utf8mb4 COLLATE=utf8mb4_unicode_ci;
/*!40101 SET character_set_client = @saved_cs_client */;

--
-- Dumping data for table `cities`
--

LOCK TABLES `cities` WRITE;
/*!40000 ALTER TABLE `cities` DISABLE KEYS */;
/*!40000 ALTER TABLE `cities` ENABLE KEYS */;
UNLOCK TABLES;

--
-- Table structure for table `cities_translations`
--

DROP TABLE IF EXISTS `cities_translations`;
/*!40101 SET @saved_cs_client     = @@character_set_client */;
/*!50503 SET character_set_client = utf8mb4 */;
CREATE TABLE `cities_translations` (
  `lang_code` varchar(191) COLLATE utf8mb4_unicode_ci NOT NULL,
  `cities_id` bigint unsigned NOT NULL,
  `name` varchar(120) COLLATE utf8mb4_unicode_ci DEFAULT NULL,
  `slug` varchar(120) CHARACTER SET utf8mb4 COLLATE utf8mb4_unicode_ci DEFAULT NULL,
  PRIMARY KEY (`lang_code`,`cities_id`)
) ENGINE=InnoDB DEFAULT CHARSET=utf8mb4 COLLATE=utf8mb4_unicode_ci;
/*!40101 SET character_set_client = @saved_cs_client */;

--
-- Dumping data for table `cities_translations`
--

LOCK TABLES `cities_translations` WRITE;
/*!40000 ALTER TABLE `cities_translations` DISABLE KEYS */;
/*!40000 ALTER TABLE `cities_translations` ENABLE KEYS */;
UNLOCK TABLES;

--
-- Table structure for table `contact_replies`
--

DROP TABLE IF EXISTS `contact_replies`;
/*!40101 SET @saved_cs_client     = @@character_set_client */;
/*!50503 SET character_set_client = utf8mb4 */;
CREATE TABLE `contact_replies` (
  `id` bigint unsigned NOT NULL AUTO_INCREMENT,
  `message` longtext COLLATE utf8mb4_unicode_ci NOT NULL,
  `contact_id` bigint unsigned NOT NULL,
  `created_at` timestamp NULL DEFAULT NULL,
  `updated_at` timestamp NULL DEFAULT NULL,
  PRIMARY KEY (`id`)
) ENGINE=InnoDB DEFAULT CHARSET=utf8mb4 COLLATE=utf8mb4_unicode_ci;
/*!40101 SET character_set_client = @saved_cs_client */;

--
-- Dumping data for table `contact_replies`
--

LOCK TABLES `contact_replies` WRITE;
/*!40000 ALTER TABLE `contact_replies` DISABLE KEYS */;
/*!40000 ALTER TABLE `contact_replies` ENABLE KEYS */;
UNLOCK TABLES;

--
-- Table structure for table `contacts`
--

DROP TABLE IF EXISTS `contacts`;
/*!40101 SET @saved_cs_client     = @@character_set_client */;
/*!50503 SET character_set_client = utf8mb4 */;
CREATE TABLE `contacts` (
  `id` bigint unsigned NOT NULL AUTO_INCREMENT,
  `name` varchar(60) COLLATE utf8mb4_unicode_ci NOT NULL,
  `email` varchar(60) COLLATE utf8mb4_unicode_ci NOT NULL,
  `phone` varchar(60) COLLATE utf8mb4_unicode_ci DEFAULT NULL,
  `address` varchar(120) COLLATE utf8mb4_unicode_ci DEFAULT NULL,
  `subject` varchar(120) COLLATE utf8mb4_unicode_ci DEFAULT NULL,
  `content` longtext COLLATE utf8mb4_unicode_ci NOT NULL,
  `status` varchar(60) COLLATE utf8mb4_unicode_ci NOT NULL DEFAULT 'unread',
  `created_at` timestamp NULL DEFAULT NULL,
  `updated_at` timestamp NULL DEFAULT NULL,
  PRIMARY KEY (`id`)
) ENGINE=InnoDB DEFAULT CHARSET=utf8mb4 COLLATE=utf8mb4_unicode_ci;
/*!40101 SET character_set_client = @saved_cs_client */;

--
-- Dumping data for table `contacts`
--

LOCK TABLES `contacts` WRITE;
/*!40000 ALTER TABLE `contacts` DISABLE KEYS */;
/*!40000 ALTER TABLE `contacts` ENABLE KEYS */;
UNLOCK TABLES;

--
-- Table structure for table `countries`
--

DROP TABLE IF EXISTS `countries`;
/*!40101 SET @saved_cs_client     = @@character_set_client */;
/*!50503 SET character_set_client = utf8mb4 */;
CREATE TABLE `countries` (
  `id` bigint unsigned NOT NULL AUTO_INCREMENT,
  `name` varchar(120) COLLATE utf8mb4_unicode_ci NOT NULL,
  `nationality` varchar(120) CHARACTER SET utf8mb4 COLLATE utf8mb4_unicode_ci DEFAULT NULL,
  `order` tinyint NOT NULL DEFAULT '0',
  `is_default` tinyint unsigned NOT NULL DEFAULT '0',
  `status` varchar(60) COLLATE utf8mb4_unicode_ci NOT NULL DEFAULT 'published',
  `created_at` timestamp NULL DEFAULT NULL,
  `updated_at` timestamp NULL DEFAULT NULL,
  `code` varchar(10) COLLATE utf8mb4_unicode_ci DEFAULT NULL,
  PRIMARY KEY (`id`)
) ENGINE=InnoDB DEFAULT CHARSET=utf8mb4 COLLATE=utf8mb4_unicode_ci;
/*!40101 SET character_set_client = @saved_cs_client */;

--
-- Dumping data for table `countries`
--

LOCK TABLES `countries` WRITE;
/*!40000 ALTER TABLE `countries` DISABLE KEYS */;
/*!40000 ALTER TABLE `countries` ENABLE KEYS */;
UNLOCK TABLES;

--
-- Table structure for table `countries_translations`
--

DROP TABLE IF EXISTS `countries_translations`;
/*!40101 SET @saved_cs_client     = @@character_set_client */;
/*!50503 SET character_set_client = utf8mb4 */;
CREATE TABLE `countries_translations` (
  `lang_code` varchar(191) COLLATE utf8mb4_unicode_ci NOT NULL,
  `countries_id` bigint unsigned NOT NULL,
  `name` varchar(120) COLLATE utf8mb4_unicode_ci DEFAULT NULL,
  `nationality` varchar(120) COLLATE utf8mb4_unicode_ci DEFAULT NULL,
  PRIMARY KEY (`lang_code`,`countries_id`)
) ENGINE=InnoDB DEFAULT CHARSET=utf8mb4 COLLATE=utf8mb4_unicode_ci;
/*!40101 SET character_set_client = @saved_cs_client */;

--
-- Dumping data for table `countries_translations`
--

LOCK TABLES `countries_translations` WRITE;
/*!40000 ALTER TABLE `countries_translations` DISABLE KEYS */;
/*!40000 ALTER TABLE `countries_translations` ENABLE KEYS */;
UNLOCK TABLES;

--
-- Table structure for table `dashboard_widget_settings`
--

DROP TABLE IF EXISTS `dashboard_widget_settings`;
/*!40101 SET @saved_cs_client     = @@character_set_client */;
/*!50503 SET character_set_client = utf8mb4 */;
CREATE TABLE `dashboard_widget_settings` (
  `id` bigint unsigned NOT NULL AUTO_INCREMENT,
  `settings` text COLLATE utf8mb4_unicode_ci,
  `user_id` bigint unsigned NOT NULL,
  `widget_id` bigint unsigned NOT NULL,
  `order` tinyint unsigned NOT NULL DEFAULT '0',
  `status` tinyint unsigned NOT NULL DEFAULT '1',
  `created_at` timestamp NULL DEFAULT NULL,
  `updated_at` timestamp NULL DEFAULT NULL,
  PRIMARY KEY (`id`),
  KEY `dashboard_widget_settings_user_id_index` (`user_id`),
  KEY `dashboard_widget_settings_widget_id_index` (`widget_id`)
) ENGINE=InnoDB DEFAULT CHARSET=utf8mb4 COLLATE=utf8mb4_unicode_ci;
/*!40101 SET character_set_client = @saved_cs_client */;

--
-- Dumping data for table `dashboard_widget_settings`
--

LOCK TABLES `dashboard_widget_settings` WRITE;
/*!40000 ALTER TABLE `dashboard_widget_settings` DISABLE KEYS */;
/*!40000 ALTER TABLE `dashboard_widget_settings` ENABLE KEYS */;
UNLOCK TABLES;

--
-- Table structure for table `dashboard_widgets`
--

DROP TABLE IF EXISTS `dashboard_widgets`;
/*!40101 SET @saved_cs_client     = @@character_set_client */;
/*!50503 SET character_set_client = utf8mb4 */;
CREATE TABLE `dashboard_widgets` (
  `id` bigint unsigned NOT NULL AUTO_INCREMENT,
  `name` varchar(120) COLLATE utf8mb4_unicode_ci NOT NULL,
  `created_at` timestamp NULL DEFAULT NULL,
  `updated_at` timestamp NULL DEFAULT NULL,
  PRIMARY KEY (`id`)
) ENGINE=InnoDB DEFAULT CHARSET=utf8mb4 COLLATE=utf8mb4_unicode_ci;
/*!40101 SET character_set_client = @saved_cs_client */;

--
-- Dumping data for table `dashboard_widgets`
--

LOCK TABLES `dashboard_widgets` WRITE;
/*!40000 ALTER TABLE `dashboard_widgets` DISABLE KEYS */;
/*!40000 ALTER TABLE `dashboard_widgets` ENABLE KEYS */;
UNLOCK TABLES;

--
-- Table structure for table `ec_brands`
--

DROP TABLE IF EXISTS `ec_brands`;
/*!40101 SET @saved_cs_client     = @@character_set_client */;
/*!50503 SET character_set_client = utf8mb4 */;
CREATE TABLE `ec_brands` (
  `id` bigint unsigned NOT NULL AUTO_INCREMENT,
  `name` varchar(191) COLLATE utf8mb4_unicode_ci NOT NULL,
  `description` mediumtext COLLATE utf8mb4_unicode_ci,
  `website` varchar(255) COLLATE utf8mb4_unicode_ci DEFAULT NULL,
  `logo` varchar(255) COLLATE utf8mb4_unicode_ci DEFAULT NULL,
  `status` varchar(60) COLLATE utf8mb4_unicode_ci NOT NULL DEFAULT 'published',
  `order` tinyint unsigned NOT NULL DEFAULT '0',
  `is_featured` tinyint unsigned NOT NULL DEFAULT '0',
  `created_at` timestamp NULL DEFAULT NULL,
  `updated_at` timestamp NULL DEFAULT NULL,
  PRIMARY KEY (`id`)
) ENGINE=InnoDB AUTO_INCREMENT=8 DEFAULT CHARSET=utf8mb4 COLLATE=utf8mb4_unicode_ci;
/*!40101 SET character_set_client = @saved_cs_client */;

--
-- Dumping data for table `ec_brands`
--

LOCK TABLES `ec_brands` WRITE;
/*!40000 ALTER TABLE `ec_brands` DISABLE KEYS */;
INSERT INTO `ec_brands` VALUES (1,'Perxsion',NULL,NULL,NULL,'published',0,1,'2023-11-08 01:37:26','2023-11-08 01:37:26'),(2,'Hiching',NULL,NULL,NULL,'published',1,1,'2023-11-08 01:37:26','2023-11-08 01:37:26'),(3,'Kepslo',NULL,NULL,NULL,'published',2,1,'2023-11-08 01:37:26','2023-11-08 01:37:26'),(4,'Groneba',NULL,NULL,NULL,'published',3,1,'2023-11-08 01:37:26','2023-11-08 01:37:26'),(5,'Babian',NULL,NULL,NULL,'published',4,1,'2023-11-08 01:37:26','2023-11-08 01:37:26'),(6,'Valorant',NULL,NULL,NULL,'published',5,1,'2023-11-08 01:37:26','2023-11-08 01:37:26'),(7,'Pure',NULL,NULL,NULL,'published',6,1,'2023-11-08 01:37:26','2023-11-08 01:37:26');
/*!40000 ALTER TABLE `ec_brands` ENABLE KEYS */;
UNLOCK TABLES;

--
-- Table structure for table `ec_brands_translations`
--

DROP TABLE IF EXISTS `ec_brands_translations`;
/*!40101 SET @saved_cs_client     = @@character_set_client */;
/*!50503 SET character_set_client = utf8mb4 */;
CREATE TABLE `ec_brands_translations` (
  `lang_code` varchar(191) COLLATE utf8mb4_unicode_ci NOT NULL,
  `ec_brands_id` bigint unsigned NOT NULL,
  `name` varchar(191) COLLATE utf8mb4_unicode_ci DEFAULT NULL,
  `description` varchar(191) COLLATE utf8mb4_unicode_ci DEFAULT NULL,
  PRIMARY KEY (`lang_code`,`ec_brands_id`)
) ENGINE=InnoDB DEFAULT CHARSET=utf8mb4 COLLATE=utf8mb4_unicode_ci;
/*!40101 SET character_set_client = @saved_cs_client */;

--
-- Dumping data for table `ec_brands_translations`
--

LOCK TABLES `ec_brands_translations` WRITE;
/*!40000 ALTER TABLE `ec_brands_translations` DISABLE KEYS */;
/*!40000 ALTER TABLE `ec_brands_translations` ENABLE KEYS */;
UNLOCK TABLES;

--
-- Table structure for table `ec_cart`
--

DROP TABLE IF EXISTS `ec_cart`;
/*!40101 SET @saved_cs_client     = @@character_set_client */;
/*!50503 SET character_set_client = utf8mb4 */;
CREATE TABLE `ec_cart` (
  `identifier` varchar(60) COLLATE utf8mb4_unicode_ci NOT NULL,
  `instance` varchar(60) COLLATE utf8mb4_unicode_ci NOT NULL,
  `content` longtext COLLATE utf8mb4_unicode_ci NOT NULL,
  `created_at` timestamp NULL DEFAULT NULL,
  `updated_at` timestamp NULL DEFAULT NULL,
  PRIMARY KEY (`identifier`,`instance`)
) ENGINE=InnoDB DEFAULT CHARSET=utf8mb4 COLLATE=utf8mb4_unicode_ci;
/*!40101 SET character_set_client = @saved_cs_client */;

--
-- Dumping data for table `ec_cart`
--

LOCK TABLES `ec_cart` WRITE;
/*!40000 ALTER TABLE `ec_cart` DISABLE KEYS */;
/*!40000 ALTER TABLE `ec_cart` ENABLE KEYS */;
UNLOCK TABLES;

--
-- Table structure for table `ec_currencies`
--

DROP TABLE IF EXISTS `ec_currencies`;
/*!40101 SET @saved_cs_client     = @@character_set_client */;
/*!50503 SET character_set_client = utf8mb4 */;
CREATE TABLE `ec_currencies` (
  `id` bigint unsigned NOT NULL AUTO_INCREMENT,
  `title` varchar(191) COLLATE utf8mb4_unicode_ci NOT NULL,
  `symbol` varchar(10) COLLATE utf8mb4_unicode_ci NOT NULL,
  `is_prefix_symbol` tinyint unsigned NOT NULL DEFAULT '0',
  `decimals` tinyint unsigned DEFAULT '0',
  `order` int unsigned DEFAULT '0',
  `is_default` tinyint NOT NULL DEFAULT '0',
  `exchange_rate` double NOT NULL DEFAULT '1',
  `created_at` timestamp NULL DEFAULT NULL,
  `updated_at` timestamp NULL DEFAULT NULL,
  PRIMARY KEY (`id`)
) ENGINE=InnoDB AUTO_INCREMENT=4 DEFAULT CHARSET=utf8mb4 COLLATE=utf8mb4_unicode_ci;
/*!40101 SET character_set_client = @saved_cs_client */;

--
-- Dumping data for table `ec_currencies`
--

LOCK TABLES `ec_currencies` WRITE;
/*!40000 ALTER TABLE `ec_currencies` DISABLE KEYS */;
INSERT INTO `ec_currencies` VALUES (1,'USD','$',1,2,0,1,1,'2023-11-08 01:37:26','2023-11-08 01:37:26'),(2,'EUR','€',0,2,1,0,0.91,'2023-11-08 01:37:26','2023-11-08 01:37:26'),(3,'VND','₫',0,0,2,0,23717.5,'2023-11-08 01:37:26','2023-11-08 01:37:26');
/*!40000 ALTER TABLE `ec_currencies` ENABLE KEYS */;
UNLOCK TABLES;

--
-- Table structure for table `ec_customer_addresses`
--

DROP TABLE IF EXISTS `ec_customer_addresses`;
/*!40101 SET @saved_cs_client     = @@character_set_client */;
/*!50503 SET character_set_client = utf8mb4 */;
CREATE TABLE `ec_customer_addresses` (
  `id` bigint unsigned NOT NULL AUTO_INCREMENT,
  `name` varchar(191) COLLATE utf8mb4_unicode_ci NOT NULL,
  `email` varchar(60) COLLATE utf8mb4_unicode_ci DEFAULT NULL,
  `phone` varchar(20) CHARACTER SET utf8mb4 COLLATE utf8mb4_unicode_ci DEFAULT NULL,
  `country` varchar(120) COLLATE utf8mb4_unicode_ci DEFAULT NULL,
  `state` varchar(120) COLLATE utf8mb4_unicode_ci DEFAULT NULL,
  `city` varchar(120) COLLATE utf8mb4_unicode_ci DEFAULT NULL,
  `address` varchar(255) CHARACTER SET utf8mb4 COLLATE utf8mb4_unicode_ci DEFAULT NULL,
  `customer_id` bigint unsigned NOT NULL,
  `is_default` tinyint unsigned NOT NULL DEFAULT '0',
  `created_at` timestamp NULL DEFAULT NULL,
  `updated_at` timestamp NULL DEFAULT NULL,
  `zip_code` varchar(20) COLLATE utf8mb4_unicode_ci DEFAULT NULL,
  PRIMARY KEY (`id`)
) ENGINE=InnoDB AUTO_INCREMENT=13 DEFAULT CHARSET=utf8mb4 COLLATE=utf8mb4_unicode_ci;
/*!40101 SET character_set_client = @saved_cs_client */;

--
-- Dumping data for table `ec_customer_addresses`
--

LOCK TABLES `ec_customer_addresses` WRITE;
/*!40000 ALTER TABLE `ec_customer_addresses` DISABLE KEYS */;
INSERT INTO `ec_customer_addresses` VALUES (1,'Mr. Pierce Kessler III','customer@botble.com','+12406416003','SJ','Georgia','Adamsfort','44638 Reichert Mall',1,1,'2023-11-08 01:37:36','2023-11-08 01:37:36','23508'),(2,'Mr. Pierce Kessler III','customer@botble.com','+13323986833','SJ','South Dakota','Kenyattaberg','9135 Skiles Rest',1,0,'2023-11-08 01:37:36','2023-11-08 01:37:36','68527'),(3,'Gregorio Johnson','vendor@botble.com','+17749815578','VA','North Carolina','Williamsonstad','7273 Nelle Squares',2,1,'2023-11-08 01:37:36','2023-11-08 01:37:36','97269'),(4,'Gregorio Johnson','vendor@botble.com','+13136826331','ES','Florida','North Dejabury','849 Boyer Plaza Apt. 353',2,0,'2023-11-08 01:37:36','2023-11-08 01:37:36','73915-0402'),(5,'Ressie Gleichner','cornelius.hodkiewicz@example.org','+17652965337','DM','Missouri','East Rheatown','820 Heller Drive Apt. 835',3,1,'2023-11-08 01:37:36','2023-11-08 01:37:36','15521-0164'),(6,'Dr. Elmo Jacobs IV','mateo79@example.com','+18018335835','RU','New Hampshire','Schmittmouth','646 Eddie Court',4,1,'2023-11-08 01:37:36','2023-11-08 01:37:36','35039-7593'),(7,'Britney Johns','mertie06@example.org','+13257752473','WF','Massachusetts','Lake Pearline','2055 Concepcion Ranch Apt. 445',5,1,'2023-11-08 01:37:37','2023-11-08 01:37:37','81860'),(8,'Dr. Harmony Kerluke DVM','milo.rohan@example.com','+16152363728','AT','Arkansas','Staceymouth','497 Blick Inlet Apt. 103',6,1,'2023-11-08 01:37:37','2023-11-08 01:37:37','78242-1791'),(9,'Vivian Berge','baby.herzog@example.com','+15418586033','GB','Pennsylvania','South Carissa','50218 Daugherty Vista Suite 208',7,1,'2023-11-08 01:37:37','2023-11-08 01:37:37','72254-7573'),(10,'Mr. Stone Labadie','daugherty.name@example.org','+14786006358','GS','District of Columbia','Bernhardmouth','65474 Goodwin Inlet',8,1,'2023-11-08 01:37:38','2023-11-08 01:37:38','33283'),(11,'Liliana McGlynn','nicholas.mccullough@example.com','+14329489779','GE','Mississippi','West Eryn','2252 Lynn Mews Suite 356',9,1,'2023-11-08 01:37:38','2023-11-08 01:37:38','56551'),(12,'Maximillian Mayer','gladys.kovacek@example.com','+19794579622','GF','Alabama','Lake Rey','5568 Mraz Avenue',10,1,'2023-11-08 01:37:38','2023-11-08 01:37:38','09499');
/*!40000 ALTER TABLE `ec_customer_addresses` ENABLE KEYS */;
UNLOCK TABLES;

--
-- Table structure for table `ec_customer_password_resets`
--

DROP TABLE IF EXISTS `ec_customer_password_resets`;
/*!40101 SET @saved_cs_client     = @@character_set_client */;
/*!50503 SET character_set_client = utf8mb4 */;
CREATE TABLE `ec_customer_password_resets` (
  `email` varchar(191) COLLATE utf8mb4_unicode_ci NOT NULL,
  `token` varchar(191) COLLATE utf8mb4_unicode_ci NOT NULL,
  `created_at` timestamp NULL DEFAULT NULL,
  KEY `ec_customer_password_resets_email_index` (`email`),
  KEY `ec_customer_password_resets_token_index` (`token`)
) ENGINE=InnoDB DEFAULT CHARSET=utf8mb4 COLLATE=utf8mb4_unicode_ci;
/*!40101 SET character_set_client = @saved_cs_client */;

--
-- Dumping data for table `ec_customer_password_resets`
--

LOCK TABLES `ec_customer_password_resets` WRITE;
/*!40000 ALTER TABLE `ec_customer_password_resets` DISABLE KEYS */;
/*!40000 ALTER TABLE `ec_customer_password_resets` ENABLE KEYS */;
UNLOCK TABLES;

--
-- Table structure for table `ec_customer_recently_viewed_products`
--

DROP TABLE IF EXISTS `ec_customer_recently_viewed_products`;
/*!40101 SET @saved_cs_client     = @@character_set_client */;
/*!50503 SET character_set_client = utf8mb4 */;
CREATE TABLE `ec_customer_recently_viewed_products` (
  `id` bigint unsigned NOT NULL AUTO_INCREMENT,
  `customer_id` bigint unsigned NOT NULL,
  `product_id` bigint unsigned NOT NULL,
  PRIMARY KEY (`id`)
) ENGINE=InnoDB DEFAULT CHARSET=utf8mb4 COLLATE=utf8mb4_unicode_ci;
/*!40101 SET character_set_client = @saved_cs_client */;

--
-- Dumping data for table `ec_customer_recently_viewed_products`
--

LOCK TABLES `ec_customer_recently_viewed_products` WRITE;
/*!40000 ALTER TABLE `ec_customer_recently_viewed_products` DISABLE KEYS */;
/*!40000 ALTER TABLE `ec_customer_recently_viewed_products` ENABLE KEYS */;
UNLOCK TABLES;

--
-- Table structure for table `ec_customer_used_coupons`
--

DROP TABLE IF EXISTS `ec_customer_used_coupons`;
/*!40101 SET @saved_cs_client     = @@character_set_client */;
/*!50503 SET character_set_client = utf8mb4 */;
CREATE TABLE `ec_customer_used_coupons` (
  `discount_id` bigint unsigned NOT NULL,
  `customer_id` bigint unsigned NOT NULL,
  PRIMARY KEY (`discount_id`,`customer_id`)
) ENGINE=InnoDB DEFAULT CHARSET=utf8mb4 COLLATE=utf8mb4_unicode_ci;
/*!40101 SET character_set_client = @saved_cs_client */;

--
-- Dumping data for table `ec_customer_used_coupons`
--

LOCK TABLES `ec_customer_used_coupons` WRITE;
/*!40000 ALTER TABLE `ec_customer_used_coupons` DISABLE KEYS */;
/*!40000 ALTER TABLE `ec_customer_used_coupons` ENABLE KEYS */;
UNLOCK TABLES;

--
-- Table structure for table `ec_customers`
--

DROP TABLE IF EXISTS `ec_customers`;
/*!40101 SET @saved_cs_client     = @@character_set_client */;
/*!50503 SET character_set_client = utf8mb4 */;
CREATE TABLE `ec_customers` (
  `id` bigint unsigned NOT NULL AUTO_INCREMENT,
  `name` varchar(191) COLLATE utf8mb4_unicode_ci NOT NULL,
  `email` varchar(191) COLLATE utf8mb4_unicode_ci NOT NULL,
  `password` varchar(191) COLLATE utf8mb4_unicode_ci NOT NULL,
  `avatar` varchar(255) COLLATE utf8mb4_unicode_ci DEFAULT NULL,
  `dob` date DEFAULT NULL,
  `phone` varchar(20) COLLATE utf8mb4_unicode_ci DEFAULT NULL,
  `remember_token` varchar(100) COLLATE utf8mb4_unicode_ci DEFAULT NULL,
  `created_at` timestamp NULL DEFAULT NULL,
  `updated_at` timestamp NULL DEFAULT NULL,
  `confirmed_at` datetime DEFAULT NULL,
  `email_verify_token` varchar(120) COLLATE utf8mb4_unicode_ci DEFAULT NULL,
  `status` varchar(60) COLLATE utf8mb4_unicode_ci NOT NULL DEFAULT 'activated',
  `is_vendor` tinyint(1) NOT NULL DEFAULT '0',
  `vendor_verified_at` datetime DEFAULT NULL,
  PRIMARY KEY (`id`),
  UNIQUE KEY `ec_customers_email_unique` (`email`)
) ENGINE=InnoDB AUTO_INCREMENT=11 DEFAULT CHARSET=utf8mb4 COLLATE=utf8mb4_unicode_ci;
/*!40101 SET character_set_client = @saved_cs_client */;

--
-- Dumping data for table `ec_customers`
--

LOCK TABLES `ec_customers` WRITE;
/*!40000 ALTER TABLE `ec_customers` DISABLE KEYS */;
INSERT INTO `ec_customers` VALUES (1,'Mr. Pierce Kessler III','customer@botble.com','$2y$12$4qYjQjfgNRPn9hgcQ7TvQOd41vQ82Rhoe.H6WmKXDcvXdk1qd6nsq','customers/6.jpg','1987-10-18','+17739804701',NULL,'2023-11-08 01:37:36','2023-11-08 01:37:36','2023-11-08 08:37:36',NULL,'activated',0,NULL),(2,'Gregorio Johnson','vendor@botble.com','$2y$12$AjrSn286mmT9tlGPddLnduKaZWcIl0fnaxserjfcWJor7VrRzLHvS','customers/7.jpg','1989-10-29','+12765692631',NULL,'2023-11-08 01:37:36','2023-11-08 01:37:46','2023-11-08 08:37:36',NULL,'activated',1,'2023-11-08 08:37:46'),(3,'Ressie Gleichner','cornelius.hodkiewicz@example.org','$2y$12$eIQ3WkLDO1eQo7Xi1NZzqOR5G/UVwxfXXFj32BIyS4STSnoktNKFa','customers/1.jpg','1989-11-02','+12816266529',NULL,'2023-11-08 01:37:36','2023-11-08 01:37:46','2023-11-08 08:37:36',NULL,'activated',1,'2023-11-08 08:37:46'),(4,'Dr. Elmo Jacobs IV','mateo79@example.com','$2y$12$Go6kYh0Djt4lIHsfA9zVZuSR8ERyl.lwtG2IIIPGCzuuIneY6.3G.','customers/2.jpg','1983-10-29','+16366525043',NULL,'2023-11-08 01:37:36','2023-11-08 01:37:47','2023-11-08 08:37:36',NULL,'activated',1,'2023-11-08 08:37:47'),(5,'Britney Johns','mertie06@example.org','$2y$12$Zv.BHsgsflov6Jj5co8V1ulMIbGyAB78dNVag80410AsasjY9pblG','customers/3.jpg','1998-11-04','+14844696854',NULL,'2023-11-08 01:37:37','2023-11-08 01:37:47','2023-11-08 08:37:37',NULL,'activated',1,'2023-11-08 08:37:47'),(6,'Dr. Harmony Kerluke DVM','milo.rohan@example.com','$2y$12$fnJTHAoapkeZlN4dYcfMYetyF1Q/qn.zqge6k.B/FqJdeMaSo1zJK','customers/4.jpg','1977-10-18','+14843384458',NULL,'2023-11-08 01:37:37','2023-11-08 01:37:37','2023-11-08 08:37:37',NULL,'activated',0,NULL),(7,'Vivian Berge','baby.herzog@example.com','$2y$12$R1CPIgDGALphQTuQThLDdeqrNVAFxK8p5J6xpYD4Tzt/E.d345PTK','customers/5.jpg','1997-10-14','+19524711554',NULL,'2023-11-08 01:37:37','2023-11-08 01:37:47','2023-11-08 08:37:37',NULL,'activated',1,'2023-11-08 08:37:47'),(8,'Mr. Stone Labadie','daugherty.name@example.org','$2y$12$SlQlH3uCFcemS23qjRIyDevbiZmQn9p4.OOgBlxOtN0A0l876Ydy.','customers/6.jpg','1997-10-21','+15864478228',NULL,'2023-11-08 01:37:38','2023-11-08 01:37:38','2023-11-08 08:37:38',NULL,'activated',0,NULL),(9,'Liliana McGlynn','nicholas.mccullough@example.com','$2y$12$2/BQsou9zZB..WMvJCRH7um/StHWIiFWu.rT4G25l1rHXD9AiYlVO','customers/7.jpg','1997-10-29','+14076295895',NULL,'2023-11-08 01:37:38','2023-11-08 01:37:38','2023-11-08 08:37:38',NULL,'activated',0,NULL),(10,'Maximillian Mayer','gladys.kovacek@example.com','$2y$12$FlUpQHiZ5JZ1ivMG6fWr8.TITOFw5cG2L1d0q/BCKJTx9ZOAfAD66','customers/8.jpg','1996-10-30','+12546210453',NULL,'2023-11-08 01:37:38','2023-11-08 01:37:47','2023-11-08 08:37:38',NULL,'activated',1,'2023-11-08 08:37:47');
/*!40000 ALTER TABLE `ec_customers` ENABLE KEYS */;
UNLOCK TABLES;

--
-- Table structure for table `ec_discount_customers`
--

DROP TABLE IF EXISTS `ec_discount_customers`;
/*!40101 SET @saved_cs_client     = @@character_set_client */;
/*!50503 SET character_set_client = utf8mb4 */;
CREATE TABLE `ec_discount_customers` (
  `discount_id` bigint unsigned NOT NULL,
  `customer_id` bigint unsigned NOT NULL,
  PRIMARY KEY (`discount_id`,`customer_id`)
) ENGINE=InnoDB DEFAULT CHARSET=utf8mb4 COLLATE=utf8mb4_unicode_ci;
/*!40101 SET character_set_client = @saved_cs_client */;

--
-- Dumping data for table `ec_discount_customers`
--

LOCK TABLES `ec_discount_customers` WRITE;
/*!40000 ALTER TABLE `ec_discount_customers` DISABLE KEYS */;
/*!40000 ALTER TABLE `ec_discount_customers` ENABLE KEYS */;
UNLOCK TABLES;

--
-- Table structure for table `ec_discount_product_categories`
--

DROP TABLE IF EXISTS `ec_discount_product_categories`;
/*!40101 SET @saved_cs_client     = @@character_set_client */;
/*!50503 SET character_set_client = utf8mb4 */;
CREATE TABLE `ec_discount_product_categories` (
  `discount_id` bigint unsigned NOT NULL,
  `product_category_id` bigint unsigned NOT NULL,
  PRIMARY KEY (`discount_id`,`product_category_id`)
) ENGINE=InnoDB DEFAULT CHARSET=utf8mb4 COLLATE=utf8mb4_unicode_ci;
/*!40101 SET character_set_client = @saved_cs_client */;

--
-- Dumping data for table `ec_discount_product_categories`
--

LOCK TABLES `ec_discount_product_categories` WRITE;
/*!40000 ALTER TABLE `ec_discount_product_categories` DISABLE KEYS */;
/*!40000 ALTER TABLE `ec_discount_product_categories` ENABLE KEYS */;
UNLOCK TABLES;

--
-- Table structure for table `ec_discount_product_collections`
--

DROP TABLE IF EXISTS `ec_discount_product_collections`;
/*!40101 SET @saved_cs_client     = @@character_set_client */;
/*!50503 SET character_set_client = utf8mb4 */;
CREATE TABLE `ec_discount_product_collections` (
  `discount_id` bigint unsigned NOT NULL,
  `product_collection_id` bigint unsigned NOT NULL,
  PRIMARY KEY (`discount_id`,`product_collection_id`)
) ENGINE=InnoDB DEFAULT CHARSET=utf8mb4 COLLATE=utf8mb4_unicode_ci;
/*!40101 SET character_set_client = @saved_cs_client */;

--
-- Dumping data for table `ec_discount_product_collections`
--

LOCK TABLES `ec_discount_product_collections` WRITE;
/*!40000 ALTER TABLE `ec_discount_product_collections` DISABLE KEYS */;
/*!40000 ALTER TABLE `ec_discount_product_collections` ENABLE KEYS */;
UNLOCK TABLES;

--
-- Table structure for table `ec_discount_products`
--

DROP TABLE IF EXISTS `ec_discount_products`;
/*!40101 SET @saved_cs_client     = @@character_set_client */;
/*!50503 SET character_set_client = utf8mb4 */;
CREATE TABLE `ec_discount_products` (
  `discount_id` bigint unsigned NOT NULL,
  `product_id` bigint unsigned NOT NULL,
  PRIMARY KEY (`discount_id`,`product_id`)
) ENGINE=InnoDB DEFAULT CHARSET=utf8mb4 COLLATE=utf8mb4_unicode_ci;
/*!40101 SET character_set_client = @saved_cs_client */;

--
-- Dumping data for table `ec_discount_products`
--

LOCK TABLES `ec_discount_products` WRITE;
/*!40000 ALTER TABLE `ec_discount_products` DISABLE KEYS */;
/*!40000 ALTER TABLE `ec_discount_products` ENABLE KEYS */;
UNLOCK TABLES;

--
-- Table structure for table `ec_discounts`
--

DROP TABLE IF EXISTS `ec_discounts`;
/*!40101 SET @saved_cs_client     = @@character_set_client */;
/*!50503 SET character_set_client = utf8mb4 */;
CREATE TABLE `ec_discounts` (
  `id` bigint unsigned NOT NULL AUTO_INCREMENT,
  `title` varchar(120) COLLATE utf8mb4_unicode_ci DEFAULT NULL,
  `code` varchar(20) COLLATE utf8mb4_unicode_ci DEFAULT NULL,
  `start_date` datetime DEFAULT NULL,
  `end_date` datetime DEFAULT NULL,
  `quantity` int DEFAULT NULL,
  `total_used` int unsigned NOT NULL DEFAULT '0',
  `value` double DEFAULT NULL,
  `type` varchar(60) COLLATE utf8mb4_unicode_ci DEFAULT 'coupon',
  `can_use_with_promotion` tinyint(1) NOT NULL DEFAULT '0',
  `discount_on` varchar(20) COLLATE utf8mb4_unicode_ci DEFAULT NULL,
  `product_quantity` int unsigned DEFAULT NULL,
  `type_option` varchar(100) COLLATE utf8mb4_unicode_ci NOT NULL DEFAULT 'amount',
  `target` varchar(100) COLLATE utf8mb4_unicode_ci NOT NULL DEFAULT 'all-orders',
  `min_order_price` decimal(15,2) DEFAULT NULL,
  `apply_via_url` tinyint(1) NOT NULL DEFAULT '0',
  `created_at` timestamp NULL DEFAULT NULL,
  `updated_at` timestamp NULL DEFAULT NULL,
  `store_id` bigint unsigned DEFAULT NULL,
  PRIMARY KEY (`id`),
  UNIQUE KEY `ec_discounts_code_unique` (`code`)
) ENGINE=InnoDB DEFAULT CHARSET=utf8mb4 COLLATE=utf8mb4_unicode_ci;
/*!40101 SET character_set_client = @saved_cs_client */;

--
-- Dumping data for table `ec_discounts`
--

LOCK TABLES `ec_discounts` WRITE;
/*!40000 ALTER TABLE `ec_discounts` DISABLE KEYS */;
/*!40000 ALTER TABLE `ec_discounts` ENABLE KEYS */;
UNLOCK TABLES;

--
-- Table structure for table `ec_flash_sale_products`
--

DROP TABLE IF EXISTS `ec_flash_sale_products`;
/*!40101 SET @saved_cs_client     = @@character_set_client */;
/*!50503 SET character_set_client = utf8mb4 */;
CREATE TABLE `ec_flash_sale_products` (
  `flash_sale_id` bigint unsigned NOT NULL,
  `product_id` bigint unsigned NOT NULL,
  `price` double unsigned DEFAULT NULL,
  `quantity` int unsigned DEFAULT NULL,
  `sold` int unsigned NOT NULL DEFAULT '0'
) ENGINE=InnoDB DEFAULT CHARSET=utf8mb4 COLLATE=utf8mb4_unicode_ci;
/*!40101 SET character_set_client = @saved_cs_client */;

--
-- Dumping data for table `ec_flash_sale_products`
--

LOCK TABLES `ec_flash_sale_products` WRITE;
/*!40000 ALTER TABLE `ec_flash_sale_products` DISABLE KEYS */;
INSERT INTO `ec_flash_sale_products` VALUES (1,19,44.85,6,3),(2,23,53.11,6,3),(3,17,99.44,11,1),(4,13,45.14,20,2),(5,21,46,10,1),(5,1,363.6,18,5),(5,2,247.65,16,4),(5,3,165,13,4),(5,4,36.4038,17,5),(5,5,15.91,6,4);
/*!40000 ALTER TABLE `ec_flash_sale_products` ENABLE KEYS */;
UNLOCK TABLES;

--
-- Table structure for table `ec_flash_sales`
--

DROP TABLE IF EXISTS `ec_flash_sales`;
/*!40101 SET @saved_cs_client     = @@character_set_client */;
/*!50503 SET character_set_client = utf8mb4 */;
CREATE TABLE `ec_flash_sales` (
  `id` bigint unsigned NOT NULL AUTO_INCREMENT,
  `name` varchar(255) COLLATE utf8mb4_unicode_ci NOT NULL,
  `end_date` datetime NOT NULL,
  `status` varchar(60) COLLATE utf8mb4_unicode_ci NOT NULL DEFAULT 'published',
  `created_at` timestamp NULL DEFAULT NULL,
  `updated_at` timestamp NULL DEFAULT NULL,
  PRIMARY KEY (`id`)
) ENGINE=InnoDB AUTO_INCREMENT=6 DEFAULT CHARSET=utf8mb4 COLLATE=utf8mb4_unicode_ci;
/*!40101 SET character_set_client = @saved_cs_client */;

--
-- Dumping data for table `ec_flash_sales`
--

LOCK TABLES `ec_flash_sales` WRITE;
/*!40000 ALTER TABLE `ec_flash_sales` DISABLE KEYS */;
INSERT INTO `ec_flash_sales` VALUES (1,'Deal of the Day','2023-12-11 00:00:00','published','2023-11-08 01:37:39','2023-11-08 01:37:39'),(2,'Winter Sale','2023-12-26 00:00:00','published','2023-11-08 01:37:39','2023-11-08 01:37:39'),(3,'Gadgets &amp; Accessories','2023-12-17 00:00:00','published','2023-11-08 01:37:39','2023-11-08 01:37:39'),(4,'Hot products','2023-12-28 00:00:00','published','2023-11-08 01:37:39','2023-11-08 01:37:39'),(5,'Best sale items','2023-11-23 00:00:00','published','2023-11-08 01:37:39','2023-11-08 01:37:39');
/*!40000 ALTER TABLE `ec_flash_sales` ENABLE KEYS */;
UNLOCK TABLES;

--
-- Table structure for table `ec_flash_sales_translations`
--

DROP TABLE IF EXISTS `ec_flash_sales_translations`;
/*!40101 SET @saved_cs_client     = @@character_set_client */;
/*!50503 SET character_set_client = utf8mb4 */;
CREATE TABLE `ec_flash_sales_translations` (
  `lang_code` varchar(191) COLLATE utf8mb4_unicode_ci NOT NULL,
  `ec_flash_sales_id` bigint unsigned NOT NULL,
  `name` varchar(191) COLLATE utf8mb4_unicode_ci DEFAULT NULL,
  PRIMARY KEY (`lang_code`,`ec_flash_sales_id`)
) ENGINE=InnoDB DEFAULT CHARSET=utf8mb4 COLLATE=utf8mb4_unicode_ci;
/*!40101 SET character_set_client = @saved_cs_client */;

--
-- Dumping data for table `ec_flash_sales_translations`
--

LOCK TABLES `ec_flash_sales_translations` WRITE;
/*!40000 ALTER TABLE `ec_flash_sales_translations` DISABLE KEYS */;
/*!40000 ALTER TABLE `ec_flash_sales_translations` ENABLE KEYS */;
UNLOCK TABLES;

--
-- Table structure for table `ec_global_option_value`
--

DROP TABLE IF EXISTS `ec_global_option_value`;
/*!40101 SET @saved_cs_client     = @@character_set_client */;
/*!50503 SET character_set_client = utf8mb4 */;
CREATE TABLE `ec_global_option_value` (
  `option_id` bigint unsigned NOT NULL COMMENT 'option id',
  `id` bigint unsigned NOT NULL AUTO_INCREMENT,
  `option_value` tinytext COLLATE utf8mb4_unicode_ci COMMENT 'option value',
  `affect_price` double DEFAULT NULL COMMENT 'value of price of this option affect',
  `order` int NOT NULL DEFAULT '9999',
  `affect_type` tinyint NOT NULL DEFAULT '0' COMMENT '0. fixed 1. percent',
  `created_at` timestamp NULL DEFAULT NULL,
  `updated_at` timestamp NULL DEFAULT NULL,
  PRIMARY KEY (`id`)
) ENGINE=InnoDB AUTO_INCREMENT=13 DEFAULT CHARSET=utf8mb4 COLLATE=utf8mb4_unicode_ci;
/*!40101 SET character_set_client = @saved_cs_client */;

--
-- Dumping data for table `ec_global_option_value`
--

LOCK TABLES `ec_global_option_value` WRITE;
/*!40000 ALTER TABLE `ec_global_option_value` DISABLE KEYS */;
INSERT INTO `ec_global_option_value` VALUES (1,1,'1 Year',0,9999,0,'2023-11-08 01:37:45','2023-11-08 01:37:45'),(1,2,'2 Year',10,9999,0,'2023-11-08 01:37:45','2023-11-08 01:37:45'),(1,3,'3 Year',20,9999,0,'2023-11-08 01:37:45','2023-11-08 01:37:45'),(2,4,'4GB',0,9999,0,'2023-11-08 01:37:45','2023-11-08 01:37:45'),(2,5,'8GB',10,9999,0,'2023-11-08 01:37:45','2023-11-08 01:37:45'),(2,6,'16GB',20,9999,0,'2023-11-08 01:37:45','2023-11-08 01:37:45'),(3,7,'Core i5',0,9999,0,'2023-11-08 01:37:45','2023-11-08 01:37:45'),(3,8,'Core i7',10,9999,0,'2023-11-08 01:37:45','2023-11-08 01:37:45'),(3,9,'Core i9',20,9999,0,'2023-11-08 01:37:45','2023-11-08 01:37:45'),(4,10,'128GB',0,9999,0,'2023-11-08 01:37:45','2023-11-08 01:37:45'),(4,11,'256GB',10,9999,0,'2023-11-08 01:37:45','2023-11-08 01:37:45'),(4,12,'512GB',20,9999,0,'2023-11-08 01:37:45','2023-11-08 01:37:45');
/*!40000 ALTER TABLE `ec_global_option_value` ENABLE KEYS */;
UNLOCK TABLES;

--
-- Table structure for table `ec_global_option_value_translations`
--

DROP TABLE IF EXISTS `ec_global_option_value_translations`;
/*!40101 SET @saved_cs_client     = @@character_set_client */;
/*!50503 SET character_set_client = utf8mb4 */;
CREATE TABLE `ec_global_option_value_translations` (
  `lang_code` varchar(191) COLLATE utf8mb4_unicode_ci NOT NULL,
  `ec_global_option_value_id` bigint unsigned NOT NULL,
  `option_value` varchar(255) COLLATE utf8mb4_unicode_ci DEFAULT NULL,
  PRIMARY KEY (`lang_code`,`ec_global_option_value_id`)
) ENGINE=InnoDB DEFAULT CHARSET=utf8mb4 COLLATE=utf8mb4_unicode_ci;
/*!40101 SET character_set_client = @saved_cs_client */;

--
-- Dumping data for table `ec_global_option_value_translations`
--

LOCK TABLES `ec_global_option_value_translations` WRITE;
/*!40000 ALTER TABLE `ec_global_option_value_translations` DISABLE KEYS */;
/*!40000 ALTER TABLE `ec_global_option_value_translations` ENABLE KEYS */;
UNLOCK TABLES;

--
-- Table structure for table `ec_global_options`
--

DROP TABLE IF EXISTS `ec_global_options`;
/*!40101 SET @saved_cs_client     = @@character_set_client */;
/*!50503 SET character_set_client = utf8mb4 */;
CREATE TABLE `ec_global_options` (
  `id` bigint unsigned NOT NULL AUTO_INCREMENT,
  `name` varchar(191) COLLATE utf8mb4_unicode_ci NOT NULL COMMENT 'Name of options',
  `option_type` varchar(191) COLLATE utf8mb4_unicode_ci NOT NULL COMMENT 'option type',
  `required` tinyint(1) NOT NULL DEFAULT '0' COMMENT 'Checked if this option is required',
  `created_at` timestamp NULL DEFAULT NULL,
  `updated_at` timestamp NULL DEFAULT NULL,
  PRIMARY KEY (`id`)
) ENGINE=InnoDB AUTO_INCREMENT=5 DEFAULT CHARSET=utf8mb4 COLLATE=utf8mb4_unicode_ci;
/*!40101 SET character_set_client = @saved_cs_client */;

--
-- Dumping data for table `ec_global_options`
--

LOCK TABLES `ec_global_options` WRITE;
/*!40000 ALTER TABLE `ec_global_options` DISABLE KEYS */;
INSERT INTO `ec_global_options` VALUES (1,'Warranty','Botble\\Ecommerce\\Option\\OptionType\\RadioButton',1,'2023-11-08 01:37:45','2023-11-08 01:37:45'),(2,'RAM','Botble\\Ecommerce\\Option\\OptionType\\RadioButton',1,'2023-11-08 01:37:45','2023-11-08 01:37:45'),(3,'CPU','Botble\\Ecommerce\\Option\\OptionType\\RadioButton',1,'2023-11-08 01:37:45','2023-11-08 01:37:45'),(4,'HDD','Botble\\Ecommerce\\Option\\OptionType\\Dropdown',0,'2023-11-08 01:37:45','2023-11-08 01:37:45');
/*!40000 ALTER TABLE `ec_global_options` ENABLE KEYS */;
UNLOCK TABLES;

--
-- Table structure for table `ec_global_options_translations`
--

DROP TABLE IF EXISTS `ec_global_options_translations`;
/*!40101 SET @saved_cs_client     = @@character_set_client */;
/*!50503 SET character_set_client = utf8mb4 */;
CREATE TABLE `ec_global_options_translations` (
  `lang_code` varchar(191) COLLATE utf8mb4_unicode_ci NOT NULL,
  `ec_global_options_id` bigint unsigned NOT NULL,
  `name` varchar(255) COLLATE utf8mb4_unicode_ci DEFAULT NULL,
  PRIMARY KEY (`lang_code`,`ec_global_options_id`)
) ENGINE=InnoDB DEFAULT CHARSET=utf8mb4 COLLATE=utf8mb4_unicode_ci;
/*!40101 SET character_set_client = @saved_cs_client */;

--
-- Dumping data for table `ec_global_options_translations`
--

LOCK TABLES `ec_global_options_translations` WRITE;
/*!40000 ALTER TABLE `ec_global_options_translations` DISABLE KEYS */;
/*!40000 ALTER TABLE `ec_global_options_translations` ENABLE KEYS */;
UNLOCK TABLES;

--
-- Table structure for table `ec_grouped_products`
--

DROP TABLE IF EXISTS `ec_grouped_products`;
/*!40101 SET @saved_cs_client     = @@character_set_client */;
/*!50503 SET character_set_client = utf8mb4 */;
CREATE TABLE `ec_grouped_products` (
  `id` bigint unsigned NOT NULL AUTO_INCREMENT,
  `parent_product_id` bigint unsigned NOT NULL,
  `product_id` bigint unsigned NOT NULL,
  `fixed_qty` int NOT NULL DEFAULT '1',
  PRIMARY KEY (`id`)
) ENGINE=InnoDB DEFAULT CHARSET=utf8mb4 COLLATE=utf8mb4_unicode_ci;
/*!40101 SET character_set_client = @saved_cs_client */;

--
-- Dumping data for table `ec_grouped_products`
--

LOCK TABLES `ec_grouped_products` WRITE;
/*!40000 ALTER TABLE `ec_grouped_products` DISABLE KEYS */;
/*!40000 ALTER TABLE `ec_grouped_products` ENABLE KEYS */;
UNLOCK TABLES;

--
-- Table structure for table `ec_invoice_items`
--

DROP TABLE IF EXISTS `ec_invoice_items`;
/*!40101 SET @saved_cs_client     = @@character_set_client */;
/*!50503 SET character_set_client = utf8mb4 */;
CREATE TABLE `ec_invoice_items` (
  `id` bigint unsigned NOT NULL AUTO_INCREMENT,
  `invoice_id` bigint unsigned NOT NULL,
  `reference_type` varchar(191) COLLATE utf8mb4_unicode_ci NOT NULL,
  `reference_id` bigint unsigned NOT NULL,
  `name` varchar(191) COLLATE utf8mb4_unicode_ci NOT NULL,
  `description` varchar(191) COLLATE utf8mb4_unicode_ci DEFAULT NULL,
  `image` varchar(191) COLLATE utf8mb4_unicode_ci DEFAULT NULL,
  `qty` int unsigned NOT NULL,
  `price` decimal(15,2) NOT NULL DEFAULT '0.00',
  `sub_total` decimal(15,2) unsigned NOT NULL,
  `tax_amount` decimal(15,2) unsigned NOT NULL DEFAULT '0.00',
  `discount_amount` decimal(15,2) unsigned NOT NULL DEFAULT '0.00',
  `amount` decimal(15,2) unsigned NOT NULL,
  `options` text COLLATE utf8mb4_unicode_ci,
  `created_at` timestamp NULL DEFAULT NULL,
  `updated_at` timestamp NULL DEFAULT NULL,
  PRIMARY KEY (`id`),
  KEY `ec_invoice_items_reference_type_reference_id_index` (`reference_type`,`reference_id`)
) ENGINE=InnoDB AUTO_INCREMENT=62 DEFAULT CHARSET=utf8mb4 COLLATE=utf8mb4_unicode_ci;
/*!40101 SET character_set_client = @saved_cs_client */;

--
-- Dumping data for table `ec_invoice_items`
--

LOCK TABLES `ec_invoice_items` WRITE;
/*!40000 ALTER TABLE `ec_invoice_items` DISABLE KEYS */;
INSERT INTO `ec_invoice_items` VALUES (1,1,'Botble\\Ecommerce\\Models\\Product',61,'Organic Frozen Triple Berry Blend',NULL,'products/14.jpg',2,114.00,228.00,0.00,0.00,228.00,'[]','2023-11-08 01:37:48','2023-11-08 01:37:48'),(2,1,'Botble\\Ecommerce\\Models\\Product',87,'Colorful Banana',NULL,'products/23.jpg',1,113.00,113.00,0.00,0.00,113.00,'[]','2023-11-08 01:37:48','2023-11-08 01:37:48'),(3,2,'Botble\\Ecommerce\\Models\\Product',66,'Angie’s Boomchickapop Sweet &amp; Salty Kettle Corn (Digital)',NULL,'products/17.jpg',2,113.00,226.00,0.00,0.00,226.00,'[]','2023-11-08 01:37:48','2023-11-08 01:37:48'),(4,3,'Botble\\Ecommerce\\Models\\Product',49,'Gorton’s Beer Battered Fish Fillets (Digital)',NULL,'products/9-1.jpg',1,128.00,128.00,0.00,0.00,128.00,'[]','2023-11-08 01:37:49','2023-11-08 01:37:49'),(5,4,'Botble\\Ecommerce\\Models\\Product',78,'Perdue Simply Smart Organics Gluten Free',NULL,'products/20-1.jpg',3,119.00,357.00,0.00,0.00,357.00,'[]','2023-11-08 01:37:49','2023-11-08 01:37:49'),(6,5,'Botble\\Ecommerce\\Models\\Product',82,'Chen Watermelon (Digital)',NULL,'products/21.jpg',1,115.00,115.00,0.00,0.00,115.00,'[]','2023-11-08 01:37:49','2023-11-08 01:37:49'),(7,6,'Botble\\Ecommerce\\Models\\Product',46,'Canada Dry Ginger Ale – 2 L Bottle',NULL,'products/7.jpg',3,115.00,345.00,0.00,0.00,345.00,'[]','2023-11-08 01:37:49','2023-11-08 01:37:49'),(8,7,'Botble\\Ecommerce\\Models\\Product',58,'Pepperidge Farm Farmhouse Hearty White Bread (Digital)',NULL,'products/13-1.jpg',2,122.00,244.00,0.00,0.00,244.00,'[]','2023-11-08 01:37:49','2023-11-08 01:37:49'),(9,8,'Botble\\Ecommerce\\Models\\Product',70,'All Natural Italian-Style Chicken Meatballs',NULL,'products/18.jpg',3,126.00,378.00,0.00,0.00,378.00,'[]','2023-11-08 01:37:49','2023-11-08 01:37:49'),(10,8,'Botble\\Ecommerce\\Models\\Product',74,'All Natural Italian-Style Chicken Meatballs',NULL,'products/18.jpg',3,126.00,378.00,0.00,0.00,378.00,'[]','2023-11-08 01:37:49','2023-11-08 01:37:49'),(11,9,'Botble\\Ecommerce\\Models\\Product',31,'All Natural Italian-Style Chicken Meatballs',NULL,'products/2.jpg',1,381.00,381.00,0.00,0.00,381.00,'[]','2023-11-08 01:37:49','2023-11-08 01:37:49'),(12,10,'Botble\\Ecommerce\\Models\\Product',33,'Angie’s Boomchickapop Sweet &amp; Salty Kettle Corn',NULL,'products/3.jpg',2,220.00,440.00,0.00,0.00,440.00,'[]','2023-11-08 01:37:49','2023-11-08 01:37:49'),(13,11,'Botble\\Ecommerce\\Models\\Product',53,'Nestle Original Coffee-Mate Coffee Creamer',NULL,'products/11-1.jpg',3,129.00,387.00,0.00,0.00,387.00,'[]','2023-11-08 01:37:49','2023-11-08 01:37:49'),(14,11,'Botble\\Ecommerce\\Models\\Product',55,'Nestle Original Coffee-Mate Coffee Creamer',NULL,'products/11.jpg',1,129.00,129.00,0.00,0.00,129.00,'[]','2023-11-08 01:37:49','2023-11-08 01:37:49'),(15,12,'Botble\\Ecommerce\\Models\\Product',40,'Blue Diamond Almonds Lightly (Digital)',NULL,'products/5.jpg',1,43.00,43.00,0.00,0.00,43.00,'[]','2023-11-08 01:37:49','2023-11-08 01:37:49'),(16,12,'Botble\\Ecommerce\\Models\\Product',59,'Pepperidge Farm Farmhouse Hearty White Bread (Digital)',NULL,'products/13.jpg',1,122.00,122.00,0.00,0.00,122.00,'[]','2023-11-08 01:37:49','2023-11-08 01:37:49'),(17,13,'Botble\\Ecommerce\\Models\\Product',66,'Angie’s Boomchickapop Sweet &amp; Salty Kettle Corn (Digital)',NULL,'products/17.jpg',2,113.00,226.00,0.00,0.00,226.00,'[]','2023-11-08 01:37:49','2023-11-08 01:37:49'),(18,14,'Botble\\Ecommerce\\Models\\Product',41,'Blue Diamond Almonds Lightly (Digital)',NULL,'products/5-1.jpg',1,43.00,43.00,0.00,0.00,43.00,'[]','2023-11-08 01:37:49','2023-11-08 01:37:49'),(19,15,'Botble\\Ecommerce\\Models\\Product',68,'Angie’s Boomchickapop Sweet &amp; Salty Kettle Corn (Digital)',NULL,'products/17.jpg',3,113.00,339.00,0.00,0.00,339.00,'[]','2023-11-08 01:37:49','2023-11-08 01:37:49'),(20,16,'Botble\\Ecommerce\\Models\\Product',74,'All Natural Italian-Style Chicken Meatballs',NULL,'products/18.jpg',3,126.00,378.00,0.00,0.00,378.00,'[]','2023-11-08 01:37:49','2023-11-08 01:37:49'),(21,17,'Botble\\Ecommerce\\Models\\Product',42,'Chobani Complete Vanilla Greek',NULL,'products/6.jpg',1,56.00,56.00,0.00,0.00,56.00,'[]','2023-11-08 01:37:49','2023-11-08 01:37:49'),(22,18,'Botble\\Ecommerce\\Models\\Product',86,'Organic Cage-Free Grade A Large Brown Eggs',NULL,'products/22.jpg',3,120.00,360.00,0.00,0.00,360.00,'[]','2023-11-08 01:37:50','2023-11-08 01:37:50'),(23,19,'Botble\\Ecommerce\\Models\\Product',48,'Gorton’s Beer Battered Fish Fillets (Digital)',NULL,'products/9.jpg',3,128.00,384.00,0.00,0.00,384.00,'[]','2023-11-08 01:37:50','2023-11-08 01:37:50'),(24,20,'Botble\\Ecommerce\\Models\\Product',81,'Chen Watermelon (Digital)',NULL,'products/21-1.jpg',2,115.00,230.00,0.00,0.00,230.00,'[]','2023-11-08 01:37:50','2023-11-08 01:37:50'),(25,21,'Botble\\Ecommerce\\Models\\Product',67,'Angie’s Boomchickapop Sweet &amp; Salty Kettle Corn (Digital)',NULL,'products/17-1.jpg',3,113.00,339.00,0.00,0.00,339.00,'[]','2023-11-08 01:37:50','2023-11-08 01:37:50'),(26,21,'Botble\\Ecommerce\\Models\\Product',83,'Organic Cage-Free Grade A Large Brown Eggs',NULL,'products/22.jpg',1,120.00,120.00,0.00,0.00,120.00,'[]','2023-11-08 01:37:50','2023-11-08 01:37:50'),(27,22,'Botble\\Ecommerce\\Models\\Product',82,'Chen Watermelon (Digital)',NULL,'products/21.jpg',1,115.00,115.00,0.00,0.00,115.00,'[]','2023-11-08 01:37:50','2023-11-08 01:37:50'),(28,23,'Botble\\Ecommerce\\Models\\Product',27,'Seeds of Change Organic Quinoe (Digital)',NULL,'products/1.jpg',3,404.00,1212.00,0.00,0.00,1212.00,'[]','2023-11-08 01:37:50','2023-11-08 01:37:50'),(29,24,'Botble\\Ecommerce\\Models\\Product',52,'Nestle Original Coffee-Mate Coffee Creamer',NULL,'products/11.jpg',3,129.00,387.00,0.00,0.00,387.00,'[]','2023-11-08 01:37:50','2023-11-08 01:37:50'),(30,25,'Botble\\Ecommerce\\Models\\Product',35,'Angie’s Boomchickapop Sweet &amp; Salty Kettle Corn',NULL,'products/3.jpg',3,220.00,660.00,0.00,0.00,660.00,'[]','2023-11-08 01:37:50','2023-11-08 01:37:50'),(31,26,'Botble\\Ecommerce\\Models\\Product',54,'Nestle Original Coffee-Mate Coffee Creamer',NULL,'products/11.jpg',1,129.00,129.00,0.00,0.00,129.00,'[]','2023-11-08 01:37:50','2023-11-08 01:37:50'),(32,27,'Botble\\Ecommerce\\Models\\Product',33,'Angie’s Boomchickapop Sweet &amp; Salty Kettle Corn',NULL,'products/3.jpg',1,220.00,220.00,0.00,0.00,220.00,'[]','2023-11-08 01:37:50','2023-11-08 01:37:50'),(33,27,'Botble\\Ecommerce\\Models\\Product',47,'Encore Seafoods Stuffed Alaskan',NULL,'products/8.jpg',1,121.00,121.00,0.00,0.00,121.00,'[]','2023-11-08 01:37:50','2023-11-08 01:37:50'),(34,28,'Botble\\Ecommerce\\Models\\Product',71,'All Natural Italian-Style Chicken Meatballs',NULL,'products/18-1.jpg',2,126.00,252.00,0.00,0.00,252.00,'[]','2023-11-08 01:37:50','2023-11-08 01:37:50'),(35,28,'Botble\\Ecommerce\\Models\\Product',73,'All Natural Italian-Style Chicken Meatballs',NULL,'products/18.jpg',3,126.00,378.00,0.00,0.00,378.00,'[]','2023-11-08 01:37:50','2023-11-08 01:37:50'),(36,29,'Botble\\Ecommerce\\Models\\Product',25,'Seeds of Change Organic Quinoe (Digital)',NULL,'products/1.jpg',3,404.00,1212.00,0.00,0.00,1212.00,'[]','2023-11-08 01:37:50','2023-11-08 01:37:50'),(37,30,'Botble\\Ecommerce\\Models\\Product',38,'Foster Farms Takeout Crispy Classic',NULL,'products/4-1.jpg',1,86.00,86.00,0.00,0.00,86.00,'[]','2023-11-08 01:37:50','2023-11-08 01:37:50'),(38,31,'Botble\\Ecommerce\\Models\\Product',64,'Foster Farms Takeout Crispy Classic Buffalo Wings',NULL,'products/16.jpg',2,110.00,220.00,0.00,0.00,220.00,'[]','2023-11-08 01:37:50','2023-11-08 01:37:50'),(39,32,'Botble\\Ecommerce\\Models\\Product',73,'All Natural Italian-Style Chicken Meatballs',NULL,'products/18.jpg',2,126.00,252.00,0.00,0.00,252.00,'[]','2023-11-08 01:37:51','2023-11-08 01:37:51'),(40,33,'Botble\\Ecommerce\\Models\\Product',44,'Canada Dry Ginger Ale – 2 L Bottle',NULL,'products/7-1.jpg',2,115.00,230.00,0.00,0.00,230.00,'[]','2023-11-08 01:37:51','2023-11-08 01:37:51'),(41,33,'Botble\\Ecommerce\\Models\\Product',76,'Simply Lemonade with Raspberry Juice',NULL,'products/19-1.jpg',3,115.00,345.00,0.00,0.00,345.00,'[]','2023-11-08 01:37:51','2023-11-08 01:37:51'),(42,34,'Botble\\Ecommerce\\Models\\Product',61,'Organic Frozen Triple Berry Blend',NULL,'products/14.jpg',2,114.00,228.00,0.00,0.00,228.00,'[]','2023-11-08 01:37:51','2023-11-08 01:37:51'),(43,35,'Botble\\Ecommerce\\Models\\Product',68,'Angie’s Boomchickapop Sweet &amp; Salty Kettle Corn (Digital)',NULL,'products/17.jpg',1,113.00,113.00,0.00,0.00,113.00,'[]','2023-11-08 01:37:51','2023-11-08 01:37:51'),(44,36,'Botble\\Ecommerce\\Models\\Product',25,'Seeds of Change Organic Quinoe (Digital)',NULL,'products/1.jpg',2,404.00,808.00,0.00,0.00,808.00,'[]','2023-11-08 01:37:51','2023-11-08 01:37:51'),(45,37,'Botble\\Ecommerce\\Models\\Product',36,'Angie’s Boomchickapop Sweet &amp; Salty Kettle Corn',NULL,'products/3.jpg',3,220.00,660.00,0.00,0.00,660.00,'[]','2023-11-08 01:37:51','2023-11-08 01:37:51'),(46,37,'Botble\\Ecommerce\\Models\\Product',47,'Encore Seafoods Stuffed Alaskan',NULL,'products/8.jpg',1,121.00,121.00,0.00,0.00,121.00,'[]','2023-11-08 01:37:51','2023-11-08 01:37:51'),(47,38,'Botble\\Ecommerce\\Models\\Product',42,'Chobani Complete Vanilla Greek',NULL,'products/6.jpg',2,56.00,112.00,0.00,0.00,112.00,'[]','2023-11-08 01:37:51','2023-11-08 01:37:51'),(48,38,'Botble\\Ecommerce\\Models\\Product',58,'Pepperidge Farm Farmhouse Hearty White Bread (Digital)',NULL,'products/13-1.jpg',2,122.00,244.00,0.00,0.00,244.00,'[]','2023-11-08 01:37:51','2023-11-08 01:37:51'),(49,39,'Botble\\Ecommerce\\Models\\Product',63,'Oroweat Country Buttermilk Bread',NULL,'products/15.jpg',2,121.00,242.00,0.00,0.00,242.00,'[]','2023-11-08 01:37:51','2023-11-08 01:37:51'),(50,40,'Botble\\Ecommerce\\Models\\Product',83,'Organic Cage-Free Grade A Large Brown Eggs',NULL,'products/22.jpg',2,120.00,240.00,0.00,0.00,240.00,'[]','2023-11-08 01:37:51','2023-11-08 01:37:51'),(51,41,'Botble\\Ecommerce\\Models\\Product',31,'All Natural Italian-Style Chicken Meatballs',NULL,'products/2.jpg',1,381.00,381.00,0.00,0.00,381.00,'[]','2023-11-08 01:37:51','2023-11-08 01:37:51'),(52,42,'Botble\\Ecommerce\\Models\\Product',69,'Angie’s Boomchickapop Sweet &amp; Salty Kettle Corn (Digital)',NULL,'products/17.jpg',3,113.00,339.00,0.00,0.00,339.00,'[]','2023-11-08 01:37:51','2023-11-08 01:37:51'),(53,43,'Botble\\Ecommerce\\Models\\Product',55,'Nestle Original Coffee-Mate Coffee Creamer',NULL,'products/11.jpg',2,129.00,258.00,0.00,0.00,258.00,'[]','2023-11-08 01:37:51','2023-11-08 01:37:51'),(54,44,'Botble\\Ecommerce\\Models\\Product',58,'Pepperidge Farm Farmhouse Hearty White Bread (Digital)',NULL,'products/13-1.jpg',1,122.00,122.00,0.00,0.00,122.00,'[]','2023-11-08 01:37:51','2023-11-08 01:37:51'),(55,45,'Botble\\Ecommerce\\Models\\Product',64,'Foster Farms Takeout Crispy Classic Buffalo Wings',NULL,'products/16.jpg',3,110.00,330.00,0.00,0.00,330.00,'[]','2023-11-08 01:37:52','2023-11-08 01:37:52'),(56,45,'Botble\\Ecommerce\\Models\\Product',85,'Organic Cage-Free Grade A Large Brown Eggs',NULL,'products/22.jpg',1,120.00,120.00,0.00,0.00,120.00,'[]','2023-11-08 01:37:52','2023-11-08 01:37:52'),(57,46,'Botble\\Ecommerce\\Models\\Product',30,'All Natural Italian-Style Chicken Meatballs',NULL,'products/2-1.jpg',3,381.00,1143.00,0.00,0.00,1143.00,'[]','2023-11-08 01:37:52','2023-11-08 01:37:52'),(58,47,'Botble\\Ecommerce\\Models\\Product',74,'All Natural Italian-Style Chicken Meatballs',NULL,'products/18.jpg',3,126.00,378.00,0.00,0.00,378.00,'[]','2023-11-08 01:37:52','2023-11-08 01:37:52'),(59,48,'Botble\\Ecommerce\\Models\\Product',39,'Foster Farms Takeout Crispy Classic',NULL,'products/4.jpg',3,86.00,258.00,0.00,0.00,258.00,'[]','2023-11-08 01:37:52','2023-11-08 01:37:52'),(60,48,'Botble\\Ecommerce\\Models\\Product',75,'Simply Lemonade with Raspberry Juice',NULL,'products/19.jpg',3,115.00,345.00,0.00,0.00,345.00,'[]','2023-11-08 01:37:52','2023-11-08 01:37:52'),(61,49,'Botble\\Ecommerce\\Models\\Product',51,'Haagen-Dazs Caramel Cone Ice Cream',NULL,'products/10.jpg',1,482.00,482.00,0.00,0.00,482.00,'[]','2023-11-08 01:37:52','2023-11-08 01:37:52');
/*!40000 ALTER TABLE `ec_invoice_items` ENABLE KEYS */;
UNLOCK TABLES;

--
-- Table structure for table `ec_invoices`
--

DROP TABLE IF EXISTS `ec_invoices`;
/*!40101 SET @saved_cs_client     = @@character_set_client */;
/*!50503 SET character_set_client = utf8mb4 */;
CREATE TABLE `ec_invoices` (
  `id` bigint unsigned NOT NULL AUTO_INCREMENT,
  `reference_type` varchar(191) COLLATE utf8mb4_unicode_ci NOT NULL,
  `reference_id` bigint unsigned NOT NULL,
  `code` varchar(191) COLLATE utf8mb4_unicode_ci NOT NULL,
  `customer_name` varchar(191) COLLATE utf8mb4_unicode_ci DEFAULT NULL,
  `company_name` varchar(191) COLLATE utf8mb4_unicode_ci DEFAULT NULL,
  `company_logo` varchar(191) COLLATE utf8mb4_unicode_ci DEFAULT NULL,
  `customer_email` varchar(191) COLLATE utf8mb4_unicode_ci DEFAULT NULL,
  `customer_phone` varchar(191) COLLATE utf8mb4_unicode_ci DEFAULT NULL,
  `customer_address` varchar(191) COLLATE utf8mb4_unicode_ci DEFAULT NULL,
  `customer_tax_id` varchar(191) COLLATE utf8mb4_unicode_ci DEFAULT NULL,
  `sub_total` decimal(15,2) unsigned NOT NULL,
  `tax_amount` decimal(15,2) unsigned NOT NULL DEFAULT '0.00',
  `shipping_amount` decimal(15,2) unsigned NOT NULL DEFAULT '0.00',
  `discount_amount` decimal(15,2) unsigned NOT NULL DEFAULT '0.00',
  `shipping_option` varchar(60) COLLATE utf8mb4_unicode_ci DEFAULT NULL,
  `shipping_method` varchar(60) COLLATE utf8mb4_unicode_ci NOT NULL DEFAULT 'default',
  `coupon_code` varchar(120) COLLATE utf8mb4_unicode_ci DEFAULT NULL,
  `discount_description` varchar(255) COLLATE utf8mb4_unicode_ci DEFAULT NULL,
  `amount` decimal(15,2) unsigned NOT NULL,
  `description` text COLLATE utf8mb4_unicode_ci,
  `payment_id` bigint unsigned DEFAULT NULL,
  `status` varchar(191) COLLATE utf8mb4_unicode_ci NOT NULL DEFAULT 'pending',
  `paid_at` timestamp NULL DEFAULT NULL,
  `created_at` timestamp NULL DEFAULT NULL,
  `updated_at` timestamp NULL DEFAULT NULL,
  PRIMARY KEY (`id`),
  UNIQUE KEY `ec_invoices_code_unique` (`code`),
  KEY `ec_invoices_reference_type_reference_id_index` (`reference_type`,`reference_id`),
  KEY `ec_invoices_payment_id_index` (`payment_id`),
  KEY `ec_invoices_status_index` (`status`)
) ENGINE=InnoDB AUTO_INCREMENT=50 DEFAULT CHARSET=utf8mb4 COLLATE=utf8mb4_unicode_ci;
/*!40101 SET character_set_client = @saved_cs_client */;

--
-- Dumping data for table `ec_invoices`
--

LOCK TABLES `ec_invoices` WRITE;
/*!40000 ALTER TABLE `ec_invoices` DISABLE KEYS */;
INSERT INTO `ec_invoices` VALUES (1,'Botble\\Ecommerce\\Models\\Order',1,'INV-1','Mr. Stone Labadie','',NULL,'daugherty.name@example.org','+14786006358','65474 Goodwin Inlet, Bernhardmouth, District of Columbia, GS',NULL,341.00,0.00,0.00,0.00,'1','default',NULL,NULL,341.00,NULL,1,'completed','2023-11-08 01:37:48','2023-10-27 09:37:48','2023-11-08 01:37:48'),(2,'Botble\\Ecommerce\\Models\\Order',2,'INV-2','Mr. Stone Labadie','',NULL,'daugherty.name@example.org','+14786006358','65474 Goodwin Inlet, Bernhardmouth, District of Columbia, GS',NULL,226.00,0.00,0.00,0.00,NULL,'',NULL,NULL,226.00,NULL,2,'pending',NULL,'2023-11-03 01:37:48','2023-11-08 01:37:48'),(3,'Botble\\Ecommerce\\Models\\Order',3,'INV-3','Mr. Stone Labadie','',NULL,'daugherty.name@example.org','+14786006358','65474 Goodwin Inlet, Bernhardmouth, District of Columbia, GS',NULL,128.00,0.00,0.00,0.00,NULL,'',NULL,NULL,128.00,NULL,3,'completed','2023-11-08 01:37:49','2023-11-03 07:37:49','2023-11-08 01:37:49'),(4,'Botble\\Ecommerce\\Models\\Order',4,'INV-4','Mr. Stone Labadie','',NULL,'daugherty.name@example.org','+14786006358','65474 Goodwin Inlet, Bernhardmouth, District of Columbia, GS',NULL,357.00,0.00,0.00,0.00,'1','default',NULL,NULL,357.00,NULL,4,'completed','2023-11-08 01:37:49','2023-11-03 07:37:49','2023-11-08 01:37:49'),(5,'Botble\\Ecommerce\\Models\\Order',5,'INV-5','Mr. Stone Labadie','',NULL,'daugherty.name@example.org','+14786006358','65474 Goodwin Inlet, Bernhardmouth, District of Columbia, GS',NULL,115.00,0.00,0.00,0.00,NULL,'',NULL,NULL,115.00,NULL,5,'completed','2023-11-08 01:37:49','2023-11-04 21:37:49','2023-11-08 01:37:49'),(6,'Botble\\Ecommerce\\Models\\Order',6,'INV-6','Mr. Stone Labadie','',NULL,'daugherty.name@example.org','+14786006358','65474 Goodwin Inlet, Bernhardmouth, District of Columbia, GS',NULL,345.00,0.00,0.00,0.00,'1','default',NULL,NULL,345.00,NULL,6,'completed','2023-11-08 01:37:49','2023-11-03 13:37:49','2023-11-08 01:37:49'),(7,'Botble\\Ecommerce\\Models\\Order',7,'INV-7','Mr. Stone Labadie','',NULL,'daugherty.name@example.org','+14786006358','65474 Goodwin Inlet, Bernhardmouth, District of Columbia, GS',NULL,244.00,0.00,0.00,0.00,NULL,'',NULL,NULL,244.00,NULL,7,'completed','2023-11-08 01:37:49','2023-11-03 13:37:49','2023-11-08 01:37:49'),(8,'Botble\\Ecommerce\\Models\\Order',8,'INV-8','Mr. Stone Labadie','',NULL,'daugherty.name@example.org','+14786006358','65474 Goodwin Inlet, Bernhardmouth, District of Columbia, GS',NULL,756.00,0.00,0.00,0.00,'1','default',NULL,NULL,756.00,NULL,8,'pending',NULL,'2023-10-31 13:37:49','2023-11-08 01:37:49'),(9,'Botble\\Ecommerce\\Models\\Order',9,'INV-9','Mr. Pierce Kessler III','',NULL,'customer@botble.com','+12406416003','44638 Reichert Mall, Adamsfort, Georgia, SJ',NULL,381.00,0.00,0.00,0.00,'1','default',NULL,NULL,381.00,NULL,9,'completed','2023-11-08 01:37:49','2023-10-29 03:37:49','2023-11-08 01:37:49'),(10,'Botble\\Ecommerce\\Models\\Order',10,'INV-10','Mr. Pierce Kessler III','',NULL,'customer@botble.com','+12406416003','44638 Reichert Mall, Adamsfort, Georgia, SJ',NULL,440.00,0.00,0.00,0.00,'1','default',NULL,NULL,440.00,NULL,10,'completed','2023-11-08 01:37:49','2023-10-26 07:37:49','2023-11-08 01:37:49'),(11,'Botble\\Ecommerce\\Models\\Order',11,'INV-11','Mr. Pierce Kessler III','',NULL,'customer@botble.com','+12406416003','44638 Reichert Mall, Adamsfort, Georgia, SJ',NULL,516.00,0.00,0.00,0.00,'1','default',NULL,NULL,516.00,NULL,11,'completed','2023-11-08 01:37:49','2023-11-05 05:37:49','2023-11-08 01:37:49'),(12,'Botble\\Ecommerce\\Models\\Order',12,'INV-12','Mr. Pierce Kessler III','',NULL,'customer@botble.com','+12406416003','44638 Reichert Mall, Adamsfort, Georgia, SJ',NULL,165.00,0.00,0.00,0.00,NULL,'',NULL,NULL,165.00,NULL,12,'completed','2023-11-08 01:37:49','2023-11-04 01:37:49','2023-11-08 01:37:49'),(13,'Botble\\Ecommerce\\Models\\Order',13,'INV-13','Mr. Pierce Kessler III','',NULL,'customer@botble.com','+12406416003','44638 Reichert Mall, Adamsfort, Georgia, SJ',NULL,226.00,0.00,0.00,0.00,NULL,'',NULL,NULL,226.00,NULL,13,'pending',NULL,'2023-11-04 01:37:49','2023-11-08 01:37:49'),(14,'Botble\\Ecommerce\\Models\\Order',14,'INV-14','Mr. Stone Labadie','',NULL,'daugherty.name@example.org','+14786006358','65474 Goodwin Inlet, Bernhardmouth, District of Columbia, GS',NULL,43.00,0.00,0.00,0.00,NULL,'',NULL,NULL,43.00,NULL,14,'completed','2023-11-08 01:37:49','2023-11-01 19:37:49','2023-11-08 01:37:49'),(15,'Botble\\Ecommerce\\Models\\Order',15,'INV-15','Mr. Stone Labadie','',NULL,'daugherty.name@example.org','+14786006358','65474 Goodwin Inlet, Bernhardmouth, District of Columbia, GS',NULL,339.00,0.00,0.00,0.00,NULL,'',NULL,NULL,339.00,NULL,15,'completed','2023-11-08 01:37:49','2023-10-29 01:37:49','2023-11-08 01:37:49'),(16,'Botble\\Ecommerce\\Models\\Order',16,'INV-16','Mr. Stone Labadie','',NULL,'daugherty.name@example.org','+14786006358','65474 Goodwin Inlet, Bernhardmouth, District of Columbia, GS',NULL,378.00,0.00,0.00,0.00,'1','default',NULL,NULL,378.00,NULL,16,'completed','2023-11-08 01:37:49','2023-11-01 19:37:49','2023-11-08 01:37:49'),(17,'Botble\\Ecommerce\\Models\\Order',17,'INV-17','Mr. Stone Labadie','',NULL,'daugherty.name@example.org','+14786006358','65474 Goodwin Inlet, Bernhardmouth, District of Columbia, GS',NULL,56.00,0.00,0.00,0.00,'1','default',NULL,NULL,56.00,NULL,17,'completed','2023-11-08 01:37:49','2023-11-01 01:37:49','2023-11-08 01:37:49'),(18,'Botble\\Ecommerce\\Models\\Order',18,'INV-18','Mr. Stone Labadie','',NULL,'daugherty.name@example.org','+14786006358','65474 Goodwin Inlet, Bernhardmouth, District of Columbia, GS',NULL,360.00,0.00,0.00,0.00,'1','default',NULL,NULL,360.00,NULL,18,'completed','2023-11-08 01:37:50','2023-10-27 09:37:49','2023-11-08 01:37:50'),(19,'Botble\\Ecommerce\\Models\\Order',19,'INV-19','Liliana McGlynn','',NULL,'nicholas.mccullough@example.com','+14329489779','2252 Lynn Mews Suite 356, West Eryn, Mississippi, GE',NULL,384.00,0.00,0.00,0.00,NULL,'',NULL,NULL,384.00,NULL,19,'completed','2023-11-08 01:37:50','2023-11-03 17:37:50','2023-11-08 01:37:50'),(20,'Botble\\Ecommerce\\Models\\Order',20,'INV-20','Liliana McGlynn','',NULL,'nicholas.mccullough@example.com','+14329489779','2252 Lynn Mews Suite 356, West Eryn, Mississippi, GE',NULL,230.00,0.00,0.00,0.00,NULL,'',NULL,NULL,230.00,NULL,20,'completed','2023-11-08 01:37:50','2023-10-29 07:37:50','2023-11-08 01:37:50'),(21,'Botble\\Ecommerce\\Models\\Order',21,'INV-21','Mr. Pierce Kessler III','',NULL,'customer@botble.com','+12406416003','44638 Reichert Mall, Adamsfort, Georgia, SJ',NULL,459.00,0.00,0.00,0.00,'1','default',NULL,NULL,459.00,NULL,21,'pending',NULL,'2023-11-01 01:37:50','2023-11-08 01:37:50'),(22,'Botble\\Ecommerce\\Models\\Order',22,'INV-22','Mr. Pierce Kessler III','',NULL,'customer@botble.com','+12406416003','44638 Reichert Mall, Adamsfort, Georgia, SJ',NULL,115.00,0.00,0.00,0.00,NULL,'',NULL,NULL,115.00,NULL,22,'pending',NULL,'2023-11-04 01:37:50','2023-11-08 01:37:50'),(23,'Botble\\Ecommerce\\Models\\Order',23,'INV-23','Liliana McGlynn','',NULL,'nicholas.mccullough@example.com','+14329489779','2252 Lynn Mews Suite 356, West Eryn, Mississippi, GE',NULL,1212.00,0.00,0.00,0.00,NULL,'',NULL,NULL,1212.00,NULL,23,'pending',NULL,'2023-11-01 15:37:50','2023-11-08 01:37:50'),(24,'Botble\\Ecommerce\\Models\\Order',24,'INV-24','Liliana McGlynn','',NULL,'nicholas.mccullough@example.com','+14329489779','2252 Lynn Mews Suite 356, West Eryn, Mississippi, GE',NULL,387.00,0.00,0.00,0.00,'1','default',NULL,NULL,387.00,NULL,24,'completed','2023-11-08 01:37:50','2023-11-06 05:37:50','2023-11-08 01:37:50'),(25,'Botble\\Ecommerce\\Models\\Order',25,'INV-25','Mr. Pierce Kessler III','',NULL,'customer@botble.com','+12406416003','44638 Reichert Mall, Adamsfort, Georgia, SJ',NULL,660.00,0.00,0.00,0.00,'1','default',NULL,NULL,660.00,NULL,25,'completed','2023-11-08 01:37:50','2023-11-04 17:37:50','2023-11-08 01:37:50'),(26,'Botble\\Ecommerce\\Models\\Order',26,'INV-26','Mr. Pierce Kessler III','',NULL,'customer@botble.com','+12406416003','44638 Reichert Mall, Adamsfort, Georgia, SJ',NULL,129.00,0.00,0.00,0.00,'1','default',NULL,NULL,129.00,NULL,26,'completed','2023-11-08 01:37:50','2023-10-30 17:37:50','2023-11-08 01:37:50'),(27,'Botble\\Ecommerce\\Models\\Order',27,'INV-27','Liliana McGlynn','',NULL,'nicholas.mccullough@example.com','+14329489779','2252 Lynn Mews Suite 356, West Eryn, Mississippi, GE',NULL,341.00,0.00,0.00,0.00,'1','default',NULL,NULL,341.00,NULL,27,'completed','2023-11-08 01:37:50','2023-11-01 07:37:50','2023-11-08 01:37:50'),(28,'Botble\\Ecommerce\\Models\\Order',28,'INV-28','Liliana McGlynn','',NULL,'nicholas.mccullough@example.com','+14329489779','2252 Lynn Mews Suite 356, West Eryn, Mississippi, GE',NULL,630.00,0.00,0.00,0.00,'1','default',NULL,NULL,630.00,NULL,28,'pending',NULL,'2023-11-06 13:37:50','2023-11-08 01:37:50'),(29,'Botble\\Ecommerce\\Models\\Order',29,'INV-29','Dr. Harmony Kerluke DVM','',NULL,'milo.rohan@example.com','+16152363728','497 Blick Inlet Apt. 103, Staceymouth, Arkansas, AT',NULL,1212.00,0.00,0.00,0.00,NULL,'',NULL,NULL,1212.00,NULL,29,'completed','2023-11-08 01:37:50','2023-11-03 09:37:50','2023-11-08 01:37:50'),(30,'Botble\\Ecommerce\\Models\\Order',30,'INV-30','Dr. Harmony Kerluke DVM','',NULL,'milo.rohan@example.com','+16152363728','497 Blick Inlet Apt. 103, Staceymouth, Arkansas, AT',NULL,86.00,0.00,0.00,0.00,'1','default',NULL,NULL,86.00,NULL,30,'pending',NULL,'2023-11-03 09:37:50','2023-11-08 01:37:50'),(31,'Botble\\Ecommerce\\Models\\Order',31,'INV-31','Dr. Harmony Kerluke DVM','',NULL,'milo.rohan@example.com','+16152363728','497 Blick Inlet Apt. 103, Staceymouth, Arkansas, AT',NULL,220.00,0.00,0.00,0.00,'1','default',NULL,NULL,220.00,NULL,31,'completed','2023-11-08 01:37:50','2023-11-02 17:37:50','2023-11-08 01:37:50'),(32,'Botble\\Ecommerce\\Models\\Order',32,'INV-32','Dr. Harmony Kerluke DVM','',NULL,'milo.rohan@example.com','+16152363728','497 Blick Inlet Apt. 103, Staceymouth, Arkansas, AT',NULL,252.00,0.00,0.00,0.00,'1','default',NULL,NULL,252.00,NULL,32,'completed','2023-11-08 01:37:51','2023-11-06 01:37:50','2023-11-08 01:37:51'),(33,'Botble\\Ecommerce\\Models\\Order',33,'INV-33','Mr. Pierce Kessler III','',NULL,'customer@botble.com','+12406416003','44638 Reichert Mall, Adamsfort, Georgia, SJ',NULL,575.00,0.00,0.00,0.00,'1','default',NULL,NULL,575.00,NULL,33,'completed','2023-11-08 01:37:51','2023-11-06 07:37:51','2023-11-08 01:37:51'),(34,'Botble\\Ecommerce\\Models\\Order',34,'INV-34','Mr. Pierce Kessler III','',NULL,'customer@botble.com','+12406416003','44638 Reichert Mall, Adamsfort, Georgia, SJ',NULL,228.00,0.00,0.00,0.00,'1','default',NULL,NULL,228.00,NULL,34,'completed','2023-11-08 01:37:51','2023-11-03 09:37:51','2023-11-08 01:37:51'),(35,'Botble\\Ecommerce\\Models\\Order',35,'INV-35','Mr. Pierce Kessler III','',NULL,'customer@botble.com','+12406416003','44638 Reichert Mall, Adamsfort, Georgia, SJ',NULL,113.00,0.00,0.00,0.00,NULL,'',NULL,NULL,113.00,NULL,35,'completed','2023-11-08 01:37:51','2023-11-06 07:37:51','2023-11-08 01:37:51'),(36,'Botble\\Ecommerce\\Models\\Order',36,'INV-36','Mr. Stone Labadie','',NULL,'daugherty.name@example.org','+14786006358','65474 Goodwin Inlet, Bernhardmouth, District of Columbia, GS',NULL,808.00,0.00,0.00,0.00,NULL,'',NULL,NULL,808.00,NULL,36,'completed','2023-11-08 01:37:51','2023-11-07 01:37:51','2023-11-08 01:37:51'),(37,'Botble\\Ecommerce\\Models\\Order',37,'INV-37','Mr. Stone Labadie','',NULL,'daugherty.name@example.org','+14786006358','65474 Goodwin Inlet, Bernhardmouth, District of Columbia, GS',NULL,781.00,0.00,0.00,0.00,'1','default',NULL,NULL,781.00,NULL,37,'pending',NULL,'2023-11-03 13:37:51','2023-11-08 01:37:51'),(38,'Botble\\Ecommerce\\Models\\Order',38,'INV-38','Liliana McGlynn','',NULL,'nicholas.mccullough@example.com','+14329489779','2252 Lynn Mews Suite 356, West Eryn, Mississippi, GE',NULL,356.00,0.00,0.00,0.00,'1','default',NULL,NULL,356.00,NULL,38,'completed','2023-11-08 01:37:51','2023-11-04 17:37:51','2023-11-08 01:37:51'),(39,'Botble\\Ecommerce\\Models\\Order',39,'INV-39','Liliana McGlynn','',NULL,'nicholas.mccullough@example.com','+14329489779','2252 Lynn Mews Suite 356, West Eryn, Mississippi, GE',NULL,242.00,0.00,0.00,0.00,'1','default',NULL,NULL,242.00,NULL,39,'completed','2023-11-08 01:37:51','2023-11-05 23:37:51','2023-11-08 01:37:51'),(40,'Botble\\Ecommerce\\Models\\Order',40,'INV-40','Liliana McGlynn','',NULL,'nicholas.mccullough@example.com','+14329489779','2252 Lynn Mews Suite 356, West Eryn, Mississippi, GE',NULL,240.00,0.00,0.00,0.00,'1','default',NULL,NULL,240.00,NULL,40,'completed','2023-11-08 01:37:51','2023-11-06 19:37:51','2023-11-08 01:37:51'),(41,'Botble\\Ecommerce\\Models\\Order',41,'INV-41','Dr. Harmony Kerluke DVM','',NULL,'milo.rohan@example.com','+16152363728','497 Blick Inlet Apt. 103, Staceymouth, Arkansas, AT',NULL,381.00,0.00,0.00,0.00,'1','default',NULL,NULL,381.00,NULL,41,'completed','2023-11-08 01:37:51','2023-11-07 09:37:51','2023-11-08 01:37:51'),(42,'Botble\\Ecommerce\\Models\\Order',42,'INV-42','Dr. Harmony Kerluke DVM','',NULL,'milo.rohan@example.com','+16152363728','497 Blick Inlet Apt. 103, Staceymouth, Arkansas, AT',NULL,339.00,0.00,0.00,0.00,NULL,'',NULL,NULL,339.00,NULL,42,'completed','2023-11-08 01:37:51','2023-11-06 01:37:51','2023-11-08 01:37:51'),(43,'Botble\\Ecommerce\\Models\\Order',43,'INV-43','Mr. Stone Labadie','',NULL,'daugherty.name@example.org','+14786006358','65474 Goodwin Inlet, Bernhardmouth, District of Columbia, GS',NULL,258.00,0.00,0.00,0.00,'1','default',NULL,NULL,258.00,NULL,43,'completed','2023-11-08 01:37:51','2023-11-07 01:37:51','2023-11-08 01:37:51'),(44,'Botble\\Ecommerce\\Models\\Order',44,'INV-44','Mr. Stone Labadie','',NULL,'daugherty.name@example.org','+14786006358','65474 Goodwin Inlet, Bernhardmouth, District of Columbia, GS',NULL,122.00,0.00,0.00,0.00,NULL,'',NULL,NULL,122.00,NULL,44,'pending',NULL,'2023-11-07 01:37:51','2023-11-08 01:37:51'),(45,'Botble\\Ecommerce\\Models\\Order',45,'INV-45','Mr. Stone Labadie','',NULL,'daugherty.name@example.org','+14786006358','65474 Goodwin Inlet, Bernhardmouth, District of Columbia, GS',NULL,450.00,0.00,0.00,0.00,'1','default',NULL,NULL,450.00,NULL,45,'pending',NULL,'2023-11-06 13:37:51','2023-11-08 01:37:52'),(46,'Botble\\Ecommerce\\Models\\Order',46,'INV-46','Mr. Stone Labadie','',NULL,'daugherty.name@example.org','+14786006358','65474 Goodwin Inlet, Bernhardmouth, District of Columbia, GS',NULL,1143.00,0.00,0.00,0.00,'1','default',NULL,NULL,1143.00,NULL,46,'completed','2023-11-08 01:37:52','2023-11-06 09:37:52','2023-11-08 01:37:52'),(47,'Botble\\Ecommerce\\Models\\Order',47,'INV-47','Mr. Stone Labadie','',NULL,'daugherty.name@example.org','+14786006358','65474 Goodwin Inlet, Bernhardmouth, District of Columbia, GS',NULL,378.00,0.00,0.00,0.00,'1','default',NULL,NULL,378.00,NULL,47,'completed','2023-11-08 01:37:52','2023-11-07 17:37:52','2023-11-08 01:37:52'),(48,'Botble\\Ecommerce\\Models\\Order',48,'INV-48','Mr. Pierce Kessler III','',NULL,'customer@botble.com','+12406416003','44638 Reichert Mall, Adamsfort, Georgia, SJ',NULL,603.00,0.00,0.00,0.00,'1','default',NULL,NULL,603.00,NULL,48,'completed','2023-11-08 01:37:52','2023-11-07 23:37:52','2023-11-08 01:37:52'),(49,'Botble\\Ecommerce\\Models\\Order',49,'INV-49','Mr. Pierce Kessler III','',NULL,'customer@botble.com','+12406416003','44638 Reichert Mall, Adamsfort, Georgia, SJ',NULL,482.00,0.00,0.00,0.00,'1','default',NULL,NULL,482.00,NULL,49,'completed','2023-11-08 01:37:52','2023-11-07 09:37:52','2023-11-08 01:37:52');
/*!40000 ALTER TABLE `ec_invoices` ENABLE KEYS */;
UNLOCK TABLES;

--
-- Table structure for table `ec_option_value`
--

DROP TABLE IF EXISTS `ec_option_value`;
/*!40101 SET @saved_cs_client     = @@character_set_client */;
/*!50503 SET character_set_client = utf8mb4 */;
CREATE TABLE `ec_option_value` (
  `option_id` bigint unsigned NOT NULL COMMENT 'option id',
  `id` bigint unsigned NOT NULL AUTO_INCREMENT,
  `option_value` tinytext COLLATE utf8mb4_unicode_ci COMMENT 'option value',
  `affect_price` double DEFAULT NULL COMMENT 'value of price of this option affect',
  `order` int NOT NULL DEFAULT '9999',
  `affect_type` tinyint NOT NULL DEFAULT '0' COMMENT '0. fixed 1. percent',
  `created_at` timestamp NULL DEFAULT NULL,
  `updated_at` timestamp NULL DEFAULT NULL,
  PRIMARY KEY (`id`)
) ENGINE=InnoDB DEFAULT CHARSET=utf8mb4 COLLATE=utf8mb4_unicode_ci;
/*!40101 SET character_set_client = @saved_cs_client */;

--
-- Dumping data for table `ec_option_value`
--

LOCK TABLES `ec_option_value` WRITE;
/*!40000 ALTER TABLE `ec_option_value` DISABLE KEYS */;
/*!40000 ALTER TABLE `ec_option_value` ENABLE KEYS */;
UNLOCK TABLES;

--
-- Table structure for table `ec_option_value_translations`
--

DROP TABLE IF EXISTS `ec_option_value_translations`;
/*!40101 SET @saved_cs_client     = @@character_set_client */;
/*!50503 SET character_set_client = utf8mb4 */;
CREATE TABLE `ec_option_value_translations` (
  `lang_code` varchar(191) COLLATE utf8mb4_unicode_ci NOT NULL,
  `ec_option_value_id` bigint unsigned NOT NULL,
  `option_value` varchar(255) COLLATE utf8mb4_unicode_ci DEFAULT NULL,
  PRIMARY KEY (`lang_code`,`ec_option_value_id`)
) ENGINE=InnoDB DEFAULT CHARSET=utf8mb4 COLLATE=utf8mb4_unicode_ci;
/*!40101 SET character_set_client = @saved_cs_client */;

--
-- Dumping data for table `ec_option_value_translations`
--

LOCK TABLES `ec_option_value_translations` WRITE;
/*!40000 ALTER TABLE `ec_option_value_translations` DISABLE KEYS */;
/*!40000 ALTER TABLE `ec_option_value_translations` ENABLE KEYS */;
UNLOCK TABLES;

--
-- Table structure for table `ec_options`
--

DROP TABLE IF EXISTS `ec_options`;
/*!40101 SET @saved_cs_client     = @@character_set_client */;
/*!50503 SET character_set_client = utf8mb4 */;
CREATE TABLE `ec_options` (
  `id` bigint unsigned NOT NULL AUTO_INCREMENT,
  `name` varchar(191) COLLATE utf8mb4_unicode_ci NOT NULL COMMENT 'Name of options',
  `option_type` varchar(191) COLLATE utf8mb4_unicode_ci DEFAULT NULL COMMENT 'option type',
  `product_id` bigint unsigned NOT NULL DEFAULT '0',
  `order` int NOT NULL DEFAULT '9999',
  `required` tinyint(1) NOT NULL DEFAULT '0' COMMENT 'Checked if this option is required',
  `created_at` timestamp NULL DEFAULT NULL,
  `updated_at` timestamp NULL DEFAULT NULL,
  PRIMARY KEY (`id`)
) ENGINE=InnoDB DEFAULT CHARSET=utf8mb4 COLLATE=utf8mb4_unicode_ci;
/*!40101 SET character_set_client = @saved_cs_client */;

--
-- Dumping data for table `ec_options`
--

LOCK TABLES `ec_options` WRITE;
/*!40000 ALTER TABLE `ec_options` DISABLE KEYS */;
/*!40000 ALTER TABLE `ec_options` ENABLE KEYS */;
UNLOCK TABLES;

--
-- Table structure for table `ec_options_translations`
--

DROP TABLE IF EXISTS `ec_options_translations`;
/*!40101 SET @saved_cs_client     = @@character_set_client */;
/*!50503 SET character_set_client = utf8mb4 */;
CREATE TABLE `ec_options_translations` (
  `lang_code` varchar(191) COLLATE utf8mb4_unicode_ci NOT NULL,
  `ec_options_id` bigint unsigned NOT NULL,
  `name` varchar(255) COLLATE utf8mb4_unicode_ci DEFAULT NULL,
  PRIMARY KEY (`lang_code`,`ec_options_id`)
) ENGINE=InnoDB DEFAULT CHARSET=utf8mb4 COLLATE=utf8mb4_unicode_ci;
/*!40101 SET character_set_client = @saved_cs_client */;

--
-- Dumping data for table `ec_options_translations`
--

LOCK TABLES `ec_options_translations` WRITE;
/*!40000 ALTER TABLE `ec_options_translations` DISABLE KEYS */;
/*!40000 ALTER TABLE `ec_options_translations` ENABLE KEYS */;
UNLOCK TABLES;

--
-- Table structure for table `ec_order_addresses`
--

DROP TABLE IF EXISTS `ec_order_addresses`;
/*!40101 SET @saved_cs_client     = @@character_set_client */;
/*!50503 SET character_set_client = utf8mb4 */;
CREATE TABLE `ec_order_addresses` (
  `id` bigint unsigned NOT NULL AUTO_INCREMENT,
  `name` varchar(191) COLLATE utf8mb4_unicode_ci NOT NULL,
  `phone` varchar(20) COLLATE utf8mb4_unicode_ci DEFAULT NULL,
  `email` varchar(191) COLLATE utf8mb4_unicode_ci DEFAULT NULL,
  `country` varchar(120) COLLATE utf8mb4_unicode_ci DEFAULT NULL,
  `state` varchar(120) COLLATE utf8mb4_unicode_ci DEFAULT NULL,
  `city` varchar(120) COLLATE utf8mb4_unicode_ci DEFAULT NULL,
  `address` varchar(255) COLLATE utf8mb4_unicode_ci DEFAULT NULL,
  `order_id` bigint unsigned NOT NULL,
  `zip_code` varchar(20) COLLATE utf8mb4_unicode_ci DEFAULT NULL,
  `type` varchar(60) COLLATE utf8mb4_unicode_ci NOT NULL DEFAULT 'shipping_address',
  PRIMARY KEY (`id`)
) ENGINE=InnoDB AUTO_INCREMENT=50 DEFAULT CHARSET=utf8mb4 COLLATE=utf8mb4_unicode_ci;
/*!40101 SET character_set_client = @saved_cs_client */;

--
-- Dumping data for table `ec_order_addresses`
--

LOCK TABLES `ec_order_addresses` WRITE;
/*!40000 ALTER TABLE `ec_order_addresses` DISABLE KEYS */;
INSERT INTO `ec_order_addresses` VALUES (1,'Mr. Stone Labadie','+14786006358','daugherty.name@example.org','GS','District of Columbia','Bernhardmouth','65474 Goodwin Inlet',1,'33283','shipping_address'),(2,'Mr. Stone Labadie','+14786006358','daugherty.name@example.org','GS','District of Columbia','Bernhardmouth','65474 Goodwin Inlet',2,'33283','shipping_address'),(3,'Mr. Stone Labadie','+14786006358','daugherty.name@example.org','GS','District of Columbia','Bernhardmouth','65474 Goodwin Inlet',3,'33283','shipping_address'),(4,'Mr. Stone Labadie','+14786006358','daugherty.name@example.org','GS','District of Columbia','Bernhardmouth','65474 Goodwin Inlet',4,'33283','shipping_address'),(5,'Mr. Stone Labadie','+14786006358','daugherty.name@example.org','GS','District of Columbia','Bernhardmouth','65474 Goodwin Inlet',5,'33283','shipping_address'),(6,'Mr. Stone Labadie','+14786006358','daugherty.name@example.org','GS','District of Columbia','Bernhardmouth','65474 Goodwin Inlet',6,'33283','shipping_address'),(7,'Mr. Stone Labadie','+14786006358','daugherty.name@example.org','GS','District of Columbia','Bernhardmouth','65474 Goodwin Inlet',7,'33283','shipping_address'),(8,'Mr. Stone Labadie','+14786006358','daugherty.name@example.org','GS','District of Columbia','Bernhardmouth','65474 Goodwin Inlet',8,'33283','shipping_address'),(9,'Mr. Pierce Kessler III','+12406416003','customer@botble.com','SJ','Georgia','Adamsfort','44638 Reichert Mall',9,'23508','shipping_address'),(10,'Mr. Pierce Kessler III','+12406416003','customer@botble.com','SJ','Georgia','Adamsfort','44638 Reichert Mall',10,'23508','shipping_address'),(11,'Mr. Pierce Kessler III','+12406416003','customer@botble.com','SJ','Georgia','Adamsfort','44638 Reichert Mall',11,'23508','shipping_address'),(12,'Mr. Pierce Kessler III','+12406416003','customer@botble.com','SJ','Georgia','Adamsfort','44638 Reichert Mall',12,'23508','shipping_address'),(13,'Mr. Pierce Kessler III','+12406416003','customer@botble.com','SJ','Georgia','Adamsfort','44638 Reichert Mall',13,'23508','shipping_address'),(14,'Mr. Stone Labadie','+14786006358','daugherty.name@example.org','GS','District of Columbia','Bernhardmouth','65474 Goodwin Inlet',14,'33283','shipping_address'),(15,'Mr. Stone Labadie','+14786006358','daugherty.name@example.org','GS','District of Columbia','Bernhardmouth','65474 Goodwin Inlet',15,'33283','shipping_address'),(16,'Mr. Stone Labadie','+14786006358','daugherty.name@example.org','GS','District of Columbia','Bernhardmouth','65474 Goodwin Inlet',16,'33283','shipping_address'),(17,'Mr. Stone Labadie','+14786006358','daugherty.name@example.org','GS','District of Columbia','Bernhardmouth','65474 Goodwin Inlet',17,'33283','shipping_address'),(18,'Mr. Stone Labadie','+14786006358','daugherty.name@example.org','GS','District of Columbia','Bernhardmouth','65474 Goodwin Inlet',18,'33283','shipping_address'),(19,'Liliana McGlynn','+14329489779','nicholas.mccullough@example.com','GE','Mississippi','West Eryn','2252 Lynn Mews Suite 356',19,'56551','shipping_address'),(20,'Liliana McGlynn','+14329489779','nicholas.mccullough@example.com','GE','Mississippi','West Eryn','2252 Lynn Mews Suite 356',20,'56551','shipping_address'),(21,'Mr. Pierce Kessler III','+12406416003','customer@botble.com','SJ','Georgia','Adamsfort','44638 Reichert Mall',21,'23508','shipping_address'),(22,'Mr. Pierce Kessler III','+12406416003','customer@botble.com','SJ','Georgia','Adamsfort','44638 Reichert Mall',22,'23508','shipping_address'),(23,'Liliana McGlynn','+14329489779','nicholas.mccullough@example.com','GE','Mississippi','West Eryn','2252 Lynn Mews Suite 356',23,'56551','shipping_address'),(24,'Liliana McGlynn','+14329489779','nicholas.mccullough@example.com','GE','Mississippi','West Eryn','2252 Lynn Mews Suite 356',24,'56551','shipping_address'),(25,'Mr. Pierce Kessler III','+12406416003','customer@botble.com','SJ','Georgia','Adamsfort','44638 Reichert Mall',25,'23508','shipping_address'),(26,'Mr. Pierce Kessler III','+12406416003','customer@botble.com','SJ','Georgia','Adamsfort','44638 Reichert Mall',26,'23508','shipping_address'),(27,'Liliana McGlynn','+14329489779','nicholas.mccullough@example.com','GE','Mississippi','West Eryn','2252 Lynn Mews Suite 356',27,'56551','shipping_address'),(28,'Liliana McGlynn','+14329489779','nicholas.mccullough@example.com','GE','Mississippi','West Eryn','2252 Lynn Mews Suite 356',28,'56551','shipping_address'),(29,'Dr. Harmony Kerluke DVM','+16152363728','milo.rohan@example.com','AT','Arkansas','Staceymouth','497 Blick Inlet Apt. 103',29,'78242-1791','shipping_address'),(30,'Dr. Harmony Kerluke DVM','+16152363728','milo.rohan@example.com','AT','Arkansas','Staceymouth','497 Blick Inlet Apt. 103',30,'78242-1791','shipping_address'),(31,'Dr. Harmony Kerluke DVM','+16152363728','milo.rohan@example.com','AT','Arkansas','Staceymouth','497 Blick Inlet Apt. 103',31,'78242-1791','shipping_address'),(32,'Dr. Harmony Kerluke DVM','+16152363728','milo.rohan@example.com','AT','Arkansas','Staceymouth','497 Blick Inlet Apt. 103',32,'78242-1791','shipping_address'),(33,'Mr. Pierce Kessler III','+12406416003','customer@botble.com','SJ','Georgia','Adamsfort','44638 Reichert Mall',33,'23508','shipping_address'),(34,'Mr. Pierce Kessler III','+12406416003','customer@botble.com','SJ','Georgia','Adamsfort','44638 Reichert Mall',34,'23508','shipping_address'),(35,'Mr. Pierce Kessler III','+12406416003','customer@botble.com','SJ','Georgia','Adamsfort','44638 Reichert Mall',35,'23508','shipping_address'),(36,'Mr. Stone Labadie','+14786006358','daugherty.name@example.org','GS','District of Columbia','Bernhardmouth','65474 Goodwin Inlet',36,'33283','shipping_address'),(37,'Mr. Stone Labadie','+14786006358','daugherty.name@example.org','GS','District of Columbia','Bernhardmouth','65474 Goodwin Inlet',37,'33283','shipping_address'),(38,'Liliana McGlynn','+14329489779','nicholas.mccullough@example.com','GE','Mississippi','West Eryn','2252 Lynn Mews Suite 356',38,'56551','shipping_address'),(39,'Liliana McGlynn','+14329489779','nicholas.mccullough@example.com','GE','Mississippi','West Eryn','2252 Lynn Mews Suite 356',39,'56551','shipping_address'),(40,'Liliana McGlynn','+14329489779','nicholas.mccullough@example.com','GE','Mississippi','West Eryn','2252 Lynn Mews Suite 356',40,'56551','shipping_address'),(41,'Dr. Harmony Kerluke DVM','+16152363728','milo.rohan@example.com','AT','Arkansas','Staceymouth','497 Blick Inlet Apt. 103',41,'78242-1791','shipping_address'),(42,'Dr. Harmony Kerluke DVM','+16152363728','milo.rohan@example.com','AT','Arkansas','Staceymouth','497 Blick Inlet Apt. 103',42,'78242-1791','shipping_address'),(43,'Mr. Stone Labadie','+14786006358','daugherty.name@example.org','GS','District of Columbia','Bernhardmouth','65474 Goodwin Inlet',43,'33283','shipping_address'),(44,'Mr. Stone Labadie','+14786006358','daugherty.name@example.org','GS','District of Columbia','Bernhardmouth','65474 Goodwin Inlet',44,'33283','shipping_address'),(45,'Mr. Stone Labadie','+14786006358','daugherty.name@example.org','GS','District of Columbia','Bernhardmouth','65474 Goodwin Inlet',45,'33283','shipping_address'),(46,'Mr. Stone Labadie','+14786006358','daugherty.name@example.org','GS','District of Columbia','Bernhardmouth','65474 Goodwin Inlet',46,'33283','shipping_address'),(47,'Mr. Stone Labadie','+14786006358','daugherty.name@example.org','GS','District of Columbia','Bernhardmouth','65474 Goodwin Inlet',47,'33283','shipping_address'),(48,'Mr. Pierce Kessler III','+12406416003','customer@botble.com','SJ','Georgia','Adamsfort','44638 Reichert Mall',48,'23508','shipping_address'),(49,'Mr. Pierce Kessler III','+12406416003','customer@botble.com','SJ','Georgia','Adamsfort','44638 Reichert Mall',49,'23508','shipping_address');
/*!40000 ALTER TABLE `ec_order_addresses` ENABLE KEYS */;
UNLOCK TABLES;

--
-- Table structure for table `ec_order_histories`
--

DROP TABLE IF EXISTS `ec_order_histories`;
/*!40101 SET @saved_cs_client     = @@character_set_client */;
/*!50503 SET character_set_client = utf8mb4 */;
CREATE TABLE `ec_order_histories` (
  `id` bigint unsigned NOT NULL AUTO_INCREMENT,
  `action` varchar(120) COLLATE utf8mb4_unicode_ci NOT NULL,
  `description` varchar(255) COLLATE utf8mb4_unicode_ci NOT NULL,
  `user_id` bigint unsigned DEFAULT NULL,
  `order_id` bigint unsigned NOT NULL,
  `extras` text COLLATE utf8mb4_unicode_ci,
  `created_at` timestamp NULL DEFAULT NULL,
  `updated_at` timestamp NULL DEFAULT NULL,
  PRIMARY KEY (`id`)
) ENGINE=InnoDB AUTO_INCREMENT=206 DEFAULT CHARSET=utf8mb4 COLLATE=utf8mb4_unicode_ci;
/*!40101 SET character_set_client = @saved_cs_client */;

--
-- Dumping data for table `ec_order_histories`
--

LOCK TABLES `ec_order_histories` WRITE;
/*!40000 ALTER TABLE `ec_order_histories` DISABLE KEYS */;
INSERT INTO `ec_order_histories` VALUES (1,'create_order_from_seeder','Order is created from the checkout page',NULL,1,NULL,'2023-10-27 09:37:48','2023-10-27 09:37:48'),(2,'confirm_order','Order was verified by %user_name%',0,1,NULL,'2023-10-27 09:37:48','2023-10-27 09:37:48'),(3,'confirm_payment','Payment was confirmed (amount $341.00) by %user_name%',0,1,NULL,'2023-11-08 01:37:48','2023-11-08 01:37:48'),(4,'create_shipment','Created shipment for order',0,1,NULL,'2023-11-08 01:37:48','2023-11-08 01:37:48'),(5,'update_status','Changed status of shipping to: Delivered. Updated by: %user_name%',0,1,NULL,'2023-11-08 01:37:48','2023-11-08 01:37:48'),(6,'create_order_from_seeder','Order is created from the checkout page',NULL,2,NULL,'2023-11-03 01:37:48','2023-11-03 01:37:48'),(7,'confirm_order','Order was verified by %user_name%',0,2,NULL,'2023-11-03 01:37:48','2023-11-03 01:37:48'),(8,'create_order_from_seeder','Order is created from the checkout page',NULL,3,NULL,'2023-11-03 07:37:49','2023-11-03 07:37:49'),(9,'confirm_order','Order was verified by %user_name%',0,3,NULL,'2023-11-03 07:37:49','2023-11-03 07:37:49'),(10,'confirm_payment','Payment was confirmed (amount $128.00) by %user_name%',0,3,NULL,'2023-11-08 01:37:49','2023-11-08 01:37:49'),(11,'update_status','Changed status of shipping to: . Updated by: %user_name%',0,3,NULL,'2023-11-08 01:37:49','2023-11-08 01:37:49'),(12,'create_order_from_seeder','Order is created from the checkout page',NULL,4,NULL,'2023-11-03 07:37:49','2023-11-03 07:37:49'),(13,'confirm_order','Order was verified by %user_name%',0,4,NULL,'2023-11-03 07:37:49','2023-11-03 07:37:49'),(14,'confirm_payment','Payment was confirmed (amount $357.00) by %user_name%',0,4,NULL,'2023-11-08 01:37:49','2023-11-08 01:37:49'),(15,'create_shipment','Created shipment for order',0,4,NULL,'2023-11-08 01:37:49','2023-11-08 01:37:49'),(16,'create_order_from_seeder','Order is created from the checkout page',NULL,5,NULL,'2023-11-04 21:37:49','2023-11-04 21:37:49'),(17,'confirm_order','Order was verified by %user_name%',0,5,NULL,'2023-11-04 21:37:49','2023-11-04 21:37:49'),(18,'confirm_payment','Payment was confirmed (amount $115.00) by %user_name%',0,5,NULL,'2023-11-08 01:37:49','2023-11-08 01:37:49'),(19,'update_status','Changed status of shipping to: . Updated by: %user_name%',0,5,NULL,'2023-11-08 01:37:49','2023-11-08 01:37:49'),(20,'create_order_from_seeder','Order is created from the checkout page',NULL,6,NULL,'2023-11-03 13:37:49','2023-11-03 13:37:49'),(21,'confirm_order','Order was verified by %user_name%',0,6,NULL,'2023-11-03 13:37:49','2023-11-03 13:37:49'),(22,'confirm_payment','Payment was confirmed (amount $345.00) by %user_name%',0,6,NULL,'2023-11-08 01:37:49','2023-11-08 01:37:49'),(23,'create_shipment','Created shipment for order',0,6,NULL,'2023-11-08 01:37:49','2023-11-08 01:37:49'),(24,'create_order_from_seeder','Order is created from the checkout page',NULL,7,NULL,'2023-11-03 13:37:49','2023-11-03 13:37:49'),(25,'confirm_order','Order was verified by %user_name%',0,7,NULL,'2023-11-03 13:37:49','2023-11-03 13:37:49'),(26,'confirm_payment','Payment was confirmed (amount $244.00) by %user_name%',0,7,NULL,'2023-11-08 01:37:49','2023-11-08 01:37:49'),(27,'update_status','Changed status of shipping to: . Updated by: %user_name%',0,7,NULL,'2023-11-08 01:37:49','2023-11-08 01:37:49'),(28,'create_order_from_seeder','Order is created from the checkout page',NULL,8,NULL,'2023-10-31 13:37:49','2023-10-31 13:37:49'),(29,'confirm_order','Order was verified by %user_name%',0,8,NULL,'2023-10-31 13:37:49','2023-10-31 13:37:49'),(30,'create_shipment','Created shipment for order',0,8,NULL,'2023-11-08 01:37:49','2023-11-08 01:37:49'),(31,'create_order_from_seeder','Order is created from the checkout page',NULL,9,NULL,'2023-10-29 03:37:49','2023-10-29 03:37:49'),(32,'confirm_order','Order was verified by %user_name%',0,9,NULL,'2023-10-29 03:37:49','2023-10-29 03:37:49'),(33,'confirm_payment','Payment was confirmed (amount $381.00) by %user_name%',0,9,NULL,'2023-11-08 01:37:49','2023-11-08 01:37:49'),(34,'create_shipment','Created shipment for order',0,9,NULL,'2023-11-08 01:37:49','2023-11-08 01:37:49'),(35,'create_order_from_seeder','Order is created from the checkout page',NULL,10,NULL,'2023-10-26 07:37:49','2023-10-26 07:37:49'),(36,'confirm_order','Order was verified by %user_name%',0,10,NULL,'2023-10-26 07:37:49','2023-10-26 07:37:49'),(37,'confirm_payment','Payment was confirmed (amount $440.00) by %user_name%',0,10,NULL,'2023-11-08 01:37:49','2023-11-08 01:37:49'),(38,'create_shipment','Created shipment for order',0,10,NULL,'2023-11-08 01:37:49','2023-11-08 01:37:49'),(39,'update_status','Changed status of shipping to: Delivered. Updated by: %user_name%',0,10,NULL,'2023-11-08 01:37:49','2023-11-08 01:37:49'),(40,'create_order_from_seeder','Order is created from the checkout page',NULL,11,NULL,'2023-11-05 05:37:49','2023-11-05 05:37:49'),(41,'confirm_order','Order was verified by %user_name%',0,11,NULL,'2023-11-05 05:37:49','2023-11-05 05:37:49'),(42,'confirm_payment','Payment was confirmed (amount $516.00) by %user_name%',0,11,NULL,'2023-11-08 01:37:49','2023-11-08 01:37:49'),(43,'create_shipment','Created shipment for order',0,11,NULL,'2023-11-08 01:37:49','2023-11-08 01:37:49'),(44,'update_status','Changed status of shipping to: Delivered. Updated by: %user_name%',0,11,NULL,'2023-11-08 01:37:49','2023-11-08 01:37:49'),(45,'create_order_from_seeder','Order is created from the checkout page',NULL,12,NULL,'2023-11-04 01:37:49','2023-11-04 01:37:49'),(46,'confirm_order','Order was verified by %user_name%',0,12,NULL,'2023-11-04 01:37:49','2023-11-04 01:37:49'),(47,'confirm_payment','Payment was confirmed (amount $165.00) by %user_name%',0,12,NULL,'2023-11-08 01:37:49','2023-11-08 01:37:49'),(48,'update_status','Changed status of shipping to: . Updated by: %user_name%',0,12,NULL,'2023-11-08 01:37:49','2023-11-08 01:37:49'),(49,'create_order_from_seeder','Order is created from the checkout page',NULL,13,NULL,'2023-11-04 01:37:49','2023-11-04 01:37:49'),(50,'confirm_order','Order was verified by %user_name%',0,13,NULL,'2023-11-04 01:37:49','2023-11-04 01:37:49'),(51,'create_order_from_seeder','Order is created from the checkout page',NULL,14,NULL,'2023-11-01 19:37:49','2023-11-01 19:37:49'),(52,'confirm_order','Order was verified by %user_name%',0,14,NULL,'2023-11-01 19:37:49','2023-11-01 19:37:49'),(53,'confirm_payment','Payment was confirmed (amount $43.00) by %user_name%',0,14,NULL,'2023-11-08 01:37:49','2023-11-08 01:37:49'),(54,'update_status','Changed status of shipping to: . Updated by: %user_name%',0,14,NULL,'2023-11-08 01:37:49','2023-11-08 01:37:49'),(55,'create_order_from_seeder','Order is created from the checkout page',NULL,15,NULL,'2023-10-29 01:37:49','2023-10-29 01:37:49'),(56,'confirm_order','Order was verified by %user_name%',0,15,NULL,'2023-10-29 01:37:49','2023-10-29 01:37:49'),(57,'confirm_payment','Payment was confirmed (amount $339.00) by %user_name%',0,15,NULL,'2023-11-08 01:37:49','2023-11-08 01:37:49'),(58,'update_status','Changed status of shipping to: . Updated by: %user_name%',0,15,NULL,'2023-11-08 01:37:49','2023-11-08 01:37:49'),(59,'create_order_from_seeder','Order is created from the checkout page',NULL,16,NULL,'2023-11-01 19:37:49','2023-11-01 19:37:49'),(60,'confirm_order','Order was verified by %user_name%',0,16,NULL,'2023-11-01 19:37:49','2023-11-01 19:37:49'),(61,'confirm_payment','Payment was confirmed (amount $378.00) by %user_name%',0,16,NULL,'2023-11-08 01:37:49','2023-11-08 01:37:49'),(62,'create_shipment','Created shipment for order',0,16,NULL,'2023-11-08 01:37:49','2023-11-08 01:37:49'),(63,'update_status','Changed status of shipping to: Delivered. Updated by: %user_name%',0,16,NULL,'2023-11-08 01:37:49','2023-11-08 01:37:49'),(64,'create_order_from_seeder','Order is created from the checkout page',NULL,17,NULL,'2023-11-01 01:37:49','2023-11-01 01:37:49'),(65,'confirm_order','Order was verified by %user_name%',0,17,NULL,'2023-11-01 01:37:49','2023-11-01 01:37:49'),(66,'confirm_payment','Payment was confirmed (amount $56.00) by %user_name%',0,17,NULL,'2023-11-08 01:37:49','2023-11-08 01:37:49'),(67,'create_shipment','Created shipment for order',0,17,NULL,'2023-11-08 01:37:49','2023-11-08 01:37:49'),(68,'create_order_from_seeder','Order is created from the checkout page',NULL,18,NULL,'2023-10-27 09:37:49','2023-10-27 09:37:49'),(69,'confirm_order','Order was verified by %user_name%',0,18,NULL,'2023-10-27 09:37:49','2023-10-27 09:37:49'),(70,'confirm_payment','Payment was confirmed (amount $360.00) by %user_name%',0,18,NULL,'2023-11-08 01:37:50','2023-11-08 01:37:50'),(71,'create_shipment','Created shipment for order',0,18,NULL,'2023-11-08 01:37:50','2023-11-08 01:37:50'),(72,'create_order_from_seeder','Order is created from the checkout page',NULL,19,NULL,'2023-11-03 17:37:50','2023-11-03 17:37:50'),(73,'confirm_order','Order was verified by %user_name%',0,19,NULL,'2023-11-03 17:37:50','2023-11-03 17:37:50'),(74,'confirm_payment','Payment was confirmed (amount $384.00) by %user_name%',0,19,NULL,'2023-11-08 01:37:50','2023-11-08 01:37:50'),(75,'update_status','Changed status of shipping to: . Updated by: %user_name%',0,19,NULL,'2023-11-08 01:37:50','2023-11-08 01:37:50'),(76,'create_order_from_seeder','Order is created from the checkout page',NULL,20,NULL,'2023-10-29 07:37:50','2023-10-29 07:37:50'),(77,'confirm_order','Order was verified by %user_name%',0,20,NULL,'2023-10-29 07:37:50','2023-10-29 07:37:50'),(78,'confirm_payment','Payment was confirmed (amount $230.00) by %user_name%',0,20,NULL,'2023-11-08 01:37:50','2023-11-08 01:37:50'),(79,'update_status','Changed status of shipping to: . Updated by: %user_name%',0,20,NULL,'2023-11-08 01:37:50','2023-11-08 01:37:50'),(80,'create_order_from_seeder','Order is created from the checkout page',NULL,21,NULL,'2023-11-01 01:37:50','2023-11-01 01:37:50'),(81,'confirm_order','Order was verified by %user_name%',0,21,NULL,'2023-11-01 01:37:50','2023-11-01 01:37:50'),(82,'create_shipment','Created shipment for order',0,21,NULL,'2023-11-08 01:37:50','2023-11-08 01:37:50'),(83,'update_status','Changed status of shipping to: Delivered. Updated by: %user_name%',0,21,NULL,'2023-11-08 01:37:50','2023-11-08 01:37:50'),(84,'create_order_from_seeder','Order is created from the checkout page',NULL,22,NULL,'2023-11-04 01:37:50','2023-11-04 01:37:50'),(85,'confirm_order','Order was verified by %user_name%',0,22,NULL,'2023-11-04 01:37:50','2023-11-04 01:37:50'),(86,'create_order_from_seeder','Order is created from the checkout page',NULL,23,NULL,'2023-11-01 15:37:50','2023-11-01 15:37:50'),(87,'confirm_order','Order was verified by %user_name%',0,23,NULL,'2023-11-01 15:37:50','2023-11-01 15:37:50'),(88,'create_order_from_seeder','Order is created from the checkout page',NULL,24,NULL,'2023-11-06 05:37:50','2023-11-06 05:37:50'),(89,'confirm_order','Order was verified by %user_name%',0,24,NULL,'2023-11-06 05:37:50','2023-11-06 05:37:50'),(90,'confirm_payment','Payment was confirmed (amount $387.00) by %user_name%',0,24,NULL,'2023-11-08 01:37:50','2023-11-08 01:37:50'),(91,'create_shipment','Created shipment for order',0,24,NULL,'2023-11-08 01:37:50','2023-11-08 01:37:50'),(92,'update_status','Changed status of shipping to: Delivered. Updated by: %user_name%',0,24,NULL,'2023-11-08 01:37:50','2023-11-08 01:37:50'),(93,'create_order_from_seeder','Order is created from the checkout page',NULL,25,NULL,'2023-11-04 17:37:50','2023-11-04 17:37:50'),(94,'confirm_order','Order was verified by %user_name%',0,25,NULL,'2023-11-04 17:37:50','2023-11-04 17:37:50'),(95,'confirm_payment','Payment was confirmed (amount $660.00) by %user_name%',0,25,NULL,'2023-11-08 01:37:50','2023-11-08 01:37:50'),(96,'create_shipment','Created shipment for order',0,25,NULL,'2023-11-08 01:37:50','2023-11-08 01:37:50'),(97,'create_order_from_seeder','Order is created from the checkout page',NULL,26,NULL,'2023-10-30 17:37:50','2023-10-30 17:37:50'),(98,'confirm_order','Order was verified by %user_name%',0,26,NULL,'2023-10-30 17:37:50','2023-10-30 17:37:50'),(99,'confirm_payment','Payment was confirmed (amount $129.00) by %user_name%',0,26,NULL,'2023-11-08 01:37:50','2023-11-08 01:37:50'),(100,'create_shipment','Created shipment for order',0,26,NULL,'2023-11-08 01:37:50','2023-11-08 01:37:50'),(101,'create_order_from_seeder','Order is created from the checkout page',NULL,27,NULL,'2023-11-01 07:37:50','2023-11-01 07:37:50'),(102,'confirm_order','Order was verified by %user_name%',0,27,NULL,'2023-11-01 07:37:50','2023-11-01 07:37:50'),(103,'confirm_payment','Payment was confirmed (amount $341.00) by %user_name%',0,27,NULL,'2023-11-08 01:37:50','2023-11-08 01:37:50'),(104,'create_shipment','Created shipment for order',0,27,NULL,'2023-11-08 01:37:50','2023-11-08 01:37:50'),(105,'create_order_from_seeder','Order is created from the checkout page',NULL,28,NULL,'2023-11-06 13:37:50','2023-11-06 13:37:50'),(106,'confirm_order','Order was verified by %user_name%',0,28,NULL,'2023-11-06 13:37:50','2023-11-06 13:37:50'),(107,'create_shipment','Created shipment for order',0,28,NULL,'2023-11-08 01:37:50','2023-11-08 01:37:50'),(108,'create_order_from_seeder','Order is created from the checkout page',NULL,29,NULL,'2023-11-03 09:37:50','2023-11-03 09:37:50'),(109,'confirm_order','Order was verified by %user_name%',0,29,NULL,'2023-11-03 09:37:50','2023-11-03 09:37:50'),(110,'confirm_payment','Payment was confirmed (amount $1,212.00) by %user_name%',0,29,NULL,'2023-11-08 01:37:50','2023-11-08 01:37:50'),(111,'update_status','Changed status of shipping to: . Updated by: %user_name%',0,29,NULL,'2023-11-08 01:37:50','2023-11-08 01:37:50'),(112,'create_order_from_seeder','Order is created from the checkout page',NULL,30,NULL,'2023-11-03 09:37:50','2023-11-03 09:37:50'),(113,'confirm_order','Order was verified by %user_name%',0,30,NULL,'2023-11-03 09:37:50','2023-11-03 09:37:50'),(114,'create_shipment','Created shipment for order',0,30,NULL,'2023-11-08 01:37:50','2023-11-08 01:37:50'),(115,'create_order_from_seeder','Order is created from the checkout page',NULL,31,NULL,'2023-11-02 17:37:50','2023-11-02 17:37:50'),(116,'confirm_order','Order was verified by %user_name%',0,31,NULL,'2023-11-02 17:37:50','2023-11-02 17:37:50'),(117,'confirm_payment','Payment was confirmed (amount $220.00) by %user_name%',0,31,NULL,'2023-11-08 01:37:50','2023-11-08 01:37:50'),(118,'create_shipment','Created shipment for order',0,31,NULL,'2023-11-08 01:37:50','2023-11-08 01:37:50'),(119,'create_order_from_seeder','Order is created from the checkout page',NULL,32,NULL,'2023-11-06 01:37:50','2023-11-06 01:37:50'),(120,'confirm_order','Order was verified by %user_name%',0,32,NULL,'2023-11-06 01:37:50','2023-11-06 01:37:50'),(121,'confirm_payment','Payment was confirmed (amount $252.00) by %user_name%',0,32,NULL,'2023-11-08 01:37:51','2023-11-08 01:37:51'),(122,'create_shipment','Created shipment for order',0,32,NULL,'2023-11-08 01:37:51','2023-11-08 01:37:51'),(123,'create_order_from_seeder','Order is created from the checkout page',NULL,33,NULL,'2023-11-06 07:37:51','2023-11-06 07:37:51'),(124,'confirm_order','Order was verified by %user_name%',0,33,NULL,'2023-11-06 07:37:51','2023-11-06 07:37:51'),(125,'confirm_payment','Payment was confirmed (amount $575.00) by %user_name%',0,33,NULL,'2023-11-08 01:37:51','2023-11-08 01:37:51'),(126,'create_shipment','Created shipment for order',0,33,NULL,'2023-11-08 01:37:51','2023-11-08 01:37:51'),(127,'update_status','Changed status of shipping to: Delivered. Updated by: %user_name%',0,33,NULL,'2023-11-08 01:37:51','2023-11-08 01:37:51'),(128,'create_order_from_seeder','Order is created from the checkout page',NULL,34,NULL,'2023-11-03 09:37:51','2023-11-03 09:37:51'),(129,'confirm_order','Order was verified by %user_name%',0,34,NULL,'2023-11-03 09:37:51','2023-11-03 09:37:51'),(130,'confirm_payment','Payment was confirmed (amount $228.00) by %user_name%',0,34,NULL,'2023-11-08 01:37:51','2023-11-08 01:37:51'),(131,'create_shipment','Created shipment for order',0,34,NULL,'2023-11-08 01:37:51','2023-11-08 01:37:51'),(132,'update_status','Changed status of shipping to: Delivered. Updated by: %user_name%',0,34,NULL,'2023-11-08 01:37:51','2023-11-08 01:37:51'),(133,'create_order_from_seeder','Order is created from the checkout page',NULL,35,NULL,'2023-11-06 07:37:51','2023-11-06 07:37:51'),(134,'confirm_order','Order was verified by %user_name%',0,35,NULL,'2023-11-06 07:37:51','2023-11-06 07:37:51'),(135,'confirm_payment','Payment was confirmed (amount $113.00) by %user_name%',0,35,NULL,'2023-11-08 01:37:51','2023-11-08 01:37:51'),(136,'update_status','Changed status of shipping to: . Updated by: %user_name%',0,35,NULL,'2023-11-08 01:37:51','2023-11-08 01:37:51'),(137,'create_order_from_seeder','Order is created from the checkout page',NULL,36,NULL,'2023-11-07 01:37:51','2023-11-07 01:37:51'),(138,'confirm_order','Order was verified by %user_name%',0,36,NULL,'2023-11-07 01:37:51','2023-11-07 01:37:51'),(139,'confirm_payment','Payment was confirmed (amount $808.00) by %user_name%',0,36,NULL,'2023-11-08 01:37:51','2023-11-08 01:37:51'),(140,'update_status','Changed status of shipping to: . Updated by: %user_name%',0,36,NULL,'2023-11-08 01:37:51','2023-11-08 01:37:51'),(141,'create_order_from_seeder','Order is created from the checkout page',NULL,37,NULL,'2023-11-03 13:37:51','2023-11-03 13:37:51'),(142,'confirm_order','Order was verified by %user_name%',0,37,NULL,'2023-11-03 13:37:51','2023-11-03 13:37:51'),(143,'create_shipment','Created shipment for order',0,37,NULL,'2023-11-08 01:37:51','2023-11-08 01:37:51'),(144,'create_order_from_seeder','Order is created from the checkout page',NULL,38,NULL,'2023-11-04 17:37:51','2023-11-04 17:37:51'),(145,'confirm_order','Order was verified by %user_name%',0,38,NULL,'2023-11-04 17:37:51','2023-11-04 17:37:51'),(146,'confirm_payment','Payment was confirmed (amount $356.00) by %user_name%',0,38,NULL,'2023-11-08 01:37:51','2023-11-08 01:37:51'),(147,'create_shipment','Created shipment for order',0,38,NULL,'2023-11-08 01:37:51','2023-11-08 01:37:51'),(148,'create_order_from_seeder','Order is created from the checkout page',NULL,39,NULL,'2023-11-05 23:37:51','2023-11-05 23:37:51'),(149,'confirm_order','Order was verified by %user_name%',0,39,NULL,'2023-11-05 23:37:51','2023-11-05 23:37:51'),(150,'confirm_payment','Payment was confirmed (amount $242.00) by %user_name%',0,39,NULL,'2023-11-08 01:37:51','2023-11-08 01:37:51'),(151,'create_shipment','Created shipment for order',0,39,NULL,'2023-11-08 01:37:51','2023-11-08 01:37:51'),(152,'create_order_from_seeder','Order is created from the checkout page',NULL,40,NULL,'2023-11-06 19:37:51','2023-11-06 19:37:51'),(153,'confirm_order','Order was verified by %user_name%',0,40,NULL,'2023-11-06 19:37:51','2023-11-06 19:37:51'),(154,'confirm_payment','Payment was confirmed (amount $240.00) by %user_name%',0,40,NULL,'2023-11-08 01:37:51','2023-11-08 01:37:51'),(155,'create_shipment','Created shipment for order',0,40,NULL,'2023-11-08 01:37:51','2023-11-08 01:37:51'),(156,'update_status','Changed status of shipping to: Delivered. Updated by: %user_name%',0,40,NULL,'2023-11-08 01:37:51','2023-11-08 01:37:51'),(157,'create_order_from_seeder','Order is created from the checkout page',NULL,41,NULL,'2023-11-07 09:37:51','2023-11-07 09:37:51'),(158,'confirm_order','Order was verified by %user_name%',0,41,NULL,'2023-11-07 09:37:51','2023-11-07 09:37:51'),(159,'confirm_payment','Payment was confirmed (amount $381.00) by %user_name%',0,41,NULL,'2023-11-08 01:37:51','2023-11-08 01:37:51'),(160,'create_shipment','Created shipment for order',0,41,NULL,'2023-11-08 01:37:51','2023-11-08 01:37:51'),(161,'create_order_from_seeder','Order is created from the checkout page',NULL,42,NULL,'2023-11-06 01:37:51','2023-11-06 01:37:51'),(162,'confirm_order','Order was verified by %user_name%',0,42,NULL,'2023-11-06 01:37:51','2023-11-06 01:37:51'),(163,'confirm_payment','Payment was confirmed (amount $339.00) by %user_name%',0,42,NULL,'2023-11-08 01:37:51','2023-11-08 01:37:51'),(164,'update_status','Changed status of shipping to: . Updated by: %user_name%',0,42,NULL,'2023-11-08 01:37:51','2023-11-08 01:37:51'),(165,'create_order_from_seeder','Order is created from the checkout page',NULL,43,NULL,'2023-11-07 01:37:51','2023-11-07 01:37:51'),(166,'confirm_order','Order was verified by %user_name%',0,43,NULL,'2023-11-07 01:37:51','2023-11-07 01:37:51'),(167,'confirm_payment','Payment was confirmed (amount $258.00) by %user_name%',0,43,NULL,'2023-11-08 01:37:51','2023-11-08 01:37:51'),(168,'create_shipment','Created shipment for order',0,43,NULL,'2023-11-08 01:37:51','2023-11-08 01:37:51'),(169,'update_status','Changed status of shipping to: Delivered. Updated by: %user_name%',0,43,NULL,'2023-11-08 01:37:51','2023-11-08 01:37:51'),(170,'create_order_from_seeder','Order is created from the checkout page',NULL,44,NULL,'2023-11-07 01:37:51','2023-11-07 01:37:51'),(171,'confirm_order','Order was verified by %user_name%',0,44,NULL,'2023-11-07 01:37:51','2023-11-07 01:37:51'),(172,'create_order_from_seeder','Order is created from the checkout page',NULL,45,NULL,'2023-11-06 13:37:51','2023-11-06 13:37:51'),(173,'confirm_order','Order was verified by %user_name%',0,45,NULL,'2023-11-06 13:37:51','2023-11-06 13:37:51'),(174,'create_shipment','Created shipment for order',0,45,NULL,'2023-11-08 01:37:52','2023-11-08 01:37:52'),(175,'create_order_from_seeder','Order is created from the checkout page',NULL,46,NULL,'2023-11-06 09:37:52','2023-11-06 09:37:52'),(176,'confirm_order','Order was verified by %user_name%',0,46,NULL,'2023-11-06 09:37:52','2023-11-06 09:37:52'),(177,'confirm_payment','Payment was confirmed (amount $1,143.00) by %user_name%',0,46,NULL,'2023-11-08 01:37:52','2023-11-08 01:37:52'),(178,'create_shipment','Created shipment for order',0,46,NULL,'2023-11-08 01:37:52','2023-11-08 01:37:52'),(179,'update_status','Changed status of shipping to: Delivered. Updated by: %user_name%',0,46,NULL,'2023-11-08 01:37:52','2023-11-08 01:37:52'),(180,'create_order_from_seeder','Order is created from the checkout page',NULL,47,NULL,'2023-11-07 17:37:52','2023-11-07 17:37:52'),(181,'confirm_order','Order was verified by %user_name%',0,47,NULL,'2023-11-07 17:37:52','2023-11-07 17:37:52'),(182,'confirm_payment','Payment was confirmed (amount $378.00) by %user_name%',0,47,NULL,'2023-11-08 01:37:52','2023-11-08 01:37:52'),(183,'create_shipment','Created shipment for order',0,47,NULL,'2023-11-08 01:37:52','2023-11-08 01:37:52'),(184,'create_order_from_seeder','Order is created from the checkout page',NULL,48,NULL,'2023-11-07 23:37:52','2023-11-07 23:37:52'),(185,'confirm_order','Order was verified by %user_name%',0,48,NULL,'2023-11-07 23:37:52','2023-11-07 23:37:52'),(186,'confirm_payment','Payment was confirmed (amount $603.00) by %user_name%',0,48,NULL,'2023-11-08 01:37:52','2023-11-08 01:37:52'),(187,'create_shipment','Created shipment for order',0,48,NULL,'2023-11-08 01:37:52','2023-11-08 01:37:52'),(188,'update_status','Changed status of shipping to: Delivered. Updated by: %user_name%',0,48,NULL,'2023-11-08 01:37:52','2023-11-08 01:37:52'),(189,'create_order_from_seeder','Order is created from the checkout page',NULL,49,NULL,'2023-11-07 09:37:52','2023-11-07 09:37:52'),(190,'confirm_order','Order was verified by %user_name%',0,49,NULL,'2023-11-07 09:37:52','2023-11-07 09:37:52'),(191,'confirm_payment','Payment was confirmed (amount $482.00) by %user_name%',0,49,NULL,'2023-11-08 01:37:52','2023-11-08 01:37:52'),(192,'create_shipment','Created shipment for order',0,49,NULL,'2023-11-08 01:37:52','2023-11-08 01:37:52'),(193,'update_status','Changed status of shipping to: Delivered. Updated by: %user_name%',0,49,NULL,'2023-11-08 01:37:52','2023-11-08 01:37:52'),(194,'update_status','Order confirmed by %user_name%',0,1,NULL,'2023-11-08 01:37:52','2023-11-08 01:37:52'),(195,'update_status','Order confirmed by %user_name%',0,10,NULL,'2023-11-08 01:37:53','2023-11-08 01:37:53'),(196,'update_status','Order confirmed by %user_name%',0,11,NULL,'2023-11-08 01:37:53','2023-11-08 01:37:53'),(197,'update_status','Order confirmed by %user_name%',0,16,NULL,'2023-11-08 01:37:54','2023-11-08 01:37:54'),(198,'update_status','Order confirmed by %user_name%',0,24,NULL,'2023-11-08 01:37:55','2023-11-08 01:37:55'),(199,'update_status','Order confirmed by %user_name%',0,33,NULL,'2023-11-08 01:37:55','2023-11-08 01:37:55'),(200,'update_status','Order confirmed by %user_name%',0,34,NULL,'2023-11-08 01:37:56','2023-11-08 01:37:56'),(201,'update_status','Order confirmed by %user_name%',0,40,NULL,'2023-11-08 01:37:57','2023-11-08 01:37:57'),(202,'update_status','Order confirmed by %user_name%',0,43,NULL,'2023-11-08 01:37:58','2023-11-08 01:37:58'),(203,'update_status','Order confirmed by %user_name%',0,46,NULL,'2023-11-08 01:37:59','2023-11-08 01:37:59'),(204,'update_status','Order confirmed by %user_name%',0,48,NULL,'2023-11-08 01:37:59','2023-11-08 01:37:59'),(205,'update_status','Order confirmed by %user_name%',0,49,NULL,'2023-11-08 01:38:00','2023-11-08 01:38:00');
/*!40000 ALTER TABLE `ec_order_histories` ENABLE KEYS */;
UNLOCK TABLES;

--
-- Table structure for table `ec_order_product`
--

DROP TABLE IF EXISTS `ec_order_product`;
/*!40101 SET @saved_cs_client     = @@character_set_client */;
/*!50503 SET character_set_client = utf8mb4 */;
CREATE TABLE `ec_order_product` (
  `id` bigint unsigned NOT NULL AUTO_INCREMENT,
  `order_id` bigint unsigned NOT NULL,
  `qty` int NOT NULL,
  `price` decimal(15,2) NOT NULL,
  `tax_amount` decimal(15,2) NOT NULL,
  `options` text COLLATE utf8mb4_unicode_ci,
  `product_options` text COLLATE utf8mb4_unicode_ci COMMENT 'product option data',
  `product_id` bigint unsigned DEFAULT NULL,
  `product_name` varchar(191) COLLATE utf8mb4_unicode_ci NOT NULL,
  `product_image` varchar(191) COLLATE utf8mb4_unicode_ci DEFAULT NULL,
  `weight` double(8,2) DEFAULT '0.00',
  `restock_quantity` int unsigned DEFAULT '0',
  `created_at` timestamp NULL DEFAULT NULL,
  `updated_at` timestamp NULL DEFAULT NULL,
  `product_type` varchar(60) COLLATE utf8mb4_unicode_ci NOT NULL DEFAULT 'physical',
  `times_downloaded` int NOT NULL DEFAULT '0',
  `license_code` char(36) COLLATE utf8mb4_unicode_ci DEFAULT NULL,
  PRIMARY KEY (`id`)
) ENGINE=InnoDB AUTO_INCREMENT=62 DEFAULT CHARSET=utf8mb4 COLLATE=utf8mb4_unicode_ci;
/*!40101 SET character_set_client = @saved_cs_client */;

--
-- Dumping data for table `ec_order_product`
--

LOCK TABLES `ec_order_product` WRITE;
/*!40000 ALTER TABLE `ec_order_product` DISABLE KEYS */;
INSERT INTO `ec_order_product` VALUES (1,1,2,114.00,0.00,'[]',NULL,61,'Organic Frozen Triple Berry Blend','products/14.jpg',1462.00,0,'2023-11-08 01:37:48','2023-11-08 01:37:48','physical',0,NULL),(2,1,1,113.00,0.00,'[]',NULL,87,'Colorful Banana','products/23.jpg',687.00,0,'2023-11-08 01:37:48','2023-11-08 01:37:48','physical',0,NULL),(3,2,2,113.00,0.00,'[]',NULL,66,'Angie’s Boomchickapop Sweet & Salty Kettle Corn (Digital)','products/17.jpg',1624.00,0,'2023-11-08 01:37:48','2023-11-08 01:37:48','digital',8,NULL),(4,3,1,128.00,0.00,'[]',NULL,49,'Gorton’s Beer Battered Fish Fillets (Digital)','products/9-1.jpg',657.00,0,'2023-11-08 01:37:49','2023-11-08 01:37:49','digital',1,NULL),(5,4,3,119.00,0.00,'[]',NULL,78,'Perdue Simply Smart Organics Gluten Free','products/20-1.jpg',2373.00,0,'2023-11-08 01:37:49','2023-11-08 01:37:49','physical',0,NULL),(6,5,1,115.00,0.00,'[]',NULL,82,'Chen Watermelon (Digital)','products/21.jpg',655.00,0,'2023-11-08 01:37:49','2023-11-08 01:37:49','digital',10,NULL),(7,6,3,115.00,0.00,'[]',NULL,46,'Canada Dry Ginger Ale – 2 L Bottle','products/7.jpg',2592.00,0,'2023-11-08 01:37:49','2023-11-08 01:37:49','physical',0,NULL),(8,7,2,122.00,0.00,'[]',NULL,58,'Pepperidge Farm Farmhouse Hearty White Bread (Digital)','products/13-1.jpg',1258.00,0,'2023-11-08 01:37:49','2023-11-08 01:37:49','digital',0,NULL),(9,8,3,126.00,0.00,'[]',NULL,70,'All Natural Italian-Style Chicken Meatballs','products/18.jpg',2412.00,0,'2023-11-08 01:37:49','2023-11-08 01:37:49','physical',0,NULL),(10,8,3,126.00,0.00,'[]',NULL,74,'All Natural Italian-Style Chicken Meatballs','products/18.jpg',2412.00,0,'2023-11-08 01:37:49','2023-11-08 01:37:49','physical',0,NULL),(11,9,1,381.00,0.00,'[]',NULL,31,'All Natural Italian-Style Chicken Meatballs','products/2.jpg',577.00,0,'2023-11-08 01:37:49','2023-11-08 01:37:49','physical',0,NULL),(12,10,2,220.00,0.00,'[]',NULL,33,'Angie’s Boomchickapop Sweet & Salty Kettle Corn','products/3.jpg',1056.00,0,'2023-11-08 01:37:49','2023-11-08 01:37:49','physical',0,NULL),(13,11,3,129.00,0.00,'[]',NULL,53,'Nestle Original Coffee-Mate Coffee Creamer','products/11-1.jpg',1716.00,0,'2023-11-08 01:37:49','2023-11-08 01:37:49','physical',0,NULL),(14,11,1,129.00,0.00,'[]',NULL,55,'Nestle Original Coffee-Mate Coffee Creamer','products/11.jpg',572.00,0,'2023-11-08 01:37:49','2023-11-08 01:37:49','physical',0,NULL),(15,12,1,43.00,0.00,'[]',NULL,40,'Blue Diamond Almonds Lightly (Digital)','products/5.jpg',578.00,0,'2023-11-08 01:37:49','2023-11-08 01:37:49','digital',6,NULL),(16,12,1,122.00,0.00,'[]',NULL,59,'Pepperidge Farm Farmhouse Hearty White Bread (Digital)','products/13.jpg',629.00,0,'2023-11-08 01:37:49','2023-11-08 01:37:49','digital',3,NULL),(17,13,2,113.00,0.00,'[]',NULL,66,'Angie’s Boomchickapop Sweet & Salty Kettle Corn (Digital)','products/17.jpg',1624.00,0,'2023-11-08 01:37:49','2023-11-08 01:37:49','digital',10,NULL),(18,14,1,43.00,0.00,'[]',NULL,41,'Blue Diamond Almonds Lightly (Digital)','products/5-1.jpg',578.00,0,'2023-11-08 01:37:49','2023-11-08 01:37:49','digital',1,NULL),(19,15,3,113.00,0.00,'[]',NULL,68,'Angie’s Boomchickapop Sweet & Salty Kettle Corn (Digital)','products/17.jpg',2436.00,0,'2023-11-08 01:37:49','2023-11-08 01:37:49','digital',3,NULL),(20,16,3,126.00,0.00,'[]',NULL,74,'All Natural Italian-Style Chicken Meatballs','products/18.jpg',2412.00,0,'2023-11-08 01:37:49','2023-11-08 01:37:49','physical',0,NULL),(21,17,1,56.00,0.00,'[]',NULL,42,'Chobani Complete Vanilla Greek','products/6.jpg',872.00,0,'2023-11-08 01:37:49','2023-11-08 01:37:49','physical',0,NULL),(22,18,3,120.00,0.00,'[]',NULL,86,'Organic Cage-Free Grade A Large Brown Eggs','products/22.jpg',2634.00,0,'2023-11-08 01:37:49','2023-11-08 01:37:49','physical',0,NULL),(23,19,3,128.00,0.00,'[]',NULL,48,'Gorton’s Beer Battered Fish Fillets (Digital)','products/9.jpg',1971.00,0,'2023-11-08 01:37:50','2023-11-08 01:37:50','digital',1,NULL),(24,20,2,115.00,0.00,'[]',NULL,81,'Chen Watermelon (Digital)','products/21-1.jpg',1310.00,0,'2023-11-08 01:37:50','2023-11-08 01:37:50','digital',1,NULL),(25,21,3,113.00,0.00,'[]',NULL,67,'Angie’s Boomchickapop Sweet & Salty Kettle Corn (Digital)','products/17-1.jpg',2436.00,0,'2023-11-08 01:37:50','2023-11-08 01:37:50','digital',8,NULL),(26,21,1,120.00,0.00,'[]',NULL,83,'Organic Cage-Free Grade A Large Brown Eggs','products/22.jpg',878.00,0,'2023-11-08 01:37:50','2023-11-08 01:37:50','physical',0,NULL),(27,22,1,115.00,0.00,'[]',NULL,82,'Chen Watermelon (Digital)','products/21.jpg',655.00,0,'2023-11-08 01:37:50','2023-11-08 01:37:50','digital',2,NULL),(28,23,3,404.00,0.00,'[]',NULL,27,'Seeds of Change Organic Quinoe (Digital)','products/1.jpg',1743.00,0,'2023-11-08 01:37:50','2023-11-08 01:37:50','digital',3,NULL),(29,24,3,129.00,0.00,'[]',NULL,52,'Nestle Original Coffee-Mate Coffee Creamer','products/11.jpg',1716.00,0,'2023-11-08 01:37:50','2023-11-08 01:37:50','physical',0,NULL),(30,25,3,220.00,0.00,'[]',NULL,35,'Angie’s Boomchickapop Sweet & Salty Kettle Corn','products/3.jpg',1584.00,0,'2023-11-08 01:37:50','2023-11-08 01:37:50','physical',0,NULL),(31,26,1,129.00,0.00,'[]',NULL,54,'Nestle Original Coffee-Mate Coffee Creamer','products/11.jpg',572.00,0,'2023-11-08 01:37:50','2023-11-08 01:37:50','physical',0,NULL),(32,27,1,220.00,0.00,'[]',NULL,33,'Angie’s Boomchickapop Sweet & Salty Kettle Corn','products/3.jpg',528.00,0,'2023-11-08 01:37:50','2023-11-08 01:37:50','physical',0,NULL),(33,27,1,121.00,0.00,'[]',NULL,47,'Encore Seafoods Stuffed Alaskan','products/8.jpg',527.00,0,'2023-11-08 01:37:50','2023-11-08 01:37:50','physical',0,NULL),(34,28,2,126.00,0.00,'[]',NULL,71,'All Natural Italian-Style Chicken Meatballs','products/18-1.jpg',1608.00,0,'2023-11-08 01:37:50','2023-11-08 01:37:50','physical',0,NULL),(35,28,3,126.00,0.00,'[]',NULL,73,'All Natural Italian-Style Chicken Meatballs','products/18.jpg',2412.00,0,'2023-11-08 01:37:50','2023-11-08 01:37:50','physical',0,NULL),(36,29,3,404.00,0.00,'[]',NULL,25,'Seeds of Change Organic Quinoe (Digital)','products/1.jpg',1743.00,0,'2023-11-08 01:37:50','2023-11-08 01:37:50','digital',4,NULL),(37,30,1,86.00,0.00,'[]',NULL,38,'Foster Farms Takeout Crispy Classic','products/4-1.jpg',864.00,0,'2023-11-08 01:37:50','2023-11-08 01:37:50','physical',0,NULL),(38,31,2,110.00,0.00,'[]',NULL,64,'Foster Farms Takeout Crispy Classic Buffalo Wings','products/16.jpg',1620.00,0,'2023-11-08 01:37:50','2023-11-08 01:37:50','physical',0,NULL),(39,32,2,126.00,0.00,'[]',NULL,73,'All Natural Italian-Style Chicken Meatballs','products/18.jpg',1608.00,0,'2023-11-08 01:37:51','2023-11-08 01:37:51','physical',0,NULL),(40,33,2,115.00,0.00,'[]',NULL,44,'Canada Dry Ginger Ale – 2 L Bottle','products/7-1.jpg',1728.00,0,'2023-11-08 01:37:51','2023-11-08 01:37:51','physical',0,NULL),(41,33,3,115.00,0.00,'[]',NULL,76,'Simply Lemonade with Raspberry Juice','products/19-1.jpg',2697.00,0,'2023-11-08 01:37:51','2023-11-08 01:37:51','physical',0,NULL),(42,34,2,114.00,0.00,'[]',NULL,61,'Organic Frozen Triple Berry Blend','products/14.jpg',1462.00,0,'2023-11-08 01:37:51','2023-11-08 01:37:51','physical',0,NULL),(43,35,1,113.00,0.00,'[]',NULL,68,'Angie’s Boomchickapop Sweet & Salty Kettle Corn (Digital)','products/17.jpg',812.00,0,'2023-11-08 01:37:51','2023-11-08 01:37:51','digital',5,NULL),(44,36,2,404.00,0.00,'[]',NULL,25,'Seeds of Change Organic Quinoe (Digital)','products/1.jpg',1162.00,0,'2023-11-08 01:37:51','2023-11-08 01:37:51','digital',10,NULL),(45,37,3,220.00,0.00,'[]',NULL,36,'Angie’s Boomchickapop Sweet & Salty Kettle Corn','products/3.jpg',1584.00,0,'2023-11-08 01:37:51','2023-11-08 01:37:51','physical',0,NULL),(46,37,1,121.00,0.00,'[]',NULL,47,'Encore Seafoods Stuffed Alaskan','products/8.jpg',527.00,0,'2023-11-08 01:37:51','2023-11-08 01:37:51','physical',0,NULL),(47,38,2,56.00,0.00,'[]',NULL,42,'Chobani Complete Vanilla Greek','products/6.jpg',1744.00,0,'2023-11-08 01:37:51','2023-11-08 01:37:51','physical',0,NULL),(48,38,2,122.00,0.00,'[]',NULL,58,'Pepperidge Farm Farmhouse Hearty White Bread (Digital)','products/13-1.jpg',1258.00,0,'2023-11-08 01:37:51','2023-11-08 01:37:51','digital',10,NULL),(49,39,2,121.00,0.00,'[]',NULL,63,'Oroweat Country Buttermilk Bread','products/15.jpg',1702.00,0,'2023-11-08 01:37:51','2023-11-08 01:37:51','physical',0,NULL),(50,40,2,120.00,0.00,'[]',NULL,83,'Organic Cage-Free Grade A Large Brown Eggs','products/22.jpg',1756.00,0,'2023-11-08 01:37:51','2023-11-08 01:37:51','physical',0,NULL),(51,41,1,381.00,0.00,'[]',NULL,31,'All Natural Italian-Style Chicken Meatballs','products/2.jpg',577.00,0,'2023-11-08 01:37:51','2023-11-08 01:37:51','physical',0,NULL),(52,42,3,113.00,0.00,'[]',NULL,69,'Angie’s Boomchickapop Sweet & Salty Kettle Corn (Digital)','products/17.jpg',2436.00,0,'2023-11-08 01:37:51','2023-11-08 01:37:51','digital',10,NULL),(53,43,2,129.00,0.00,'[]',NULL,55,'Nestle Original Coffee-Mate Coffee Creamer','products/11.jpg',1144.00,0,'2023-11-08 01:37:51','2023-11-08 01:37:51','physical',0,NULL),(54,44,1,122.00,0.00,'[]',NULL,58,'Pepperidge Farm Farmhouse Hearty White Bread (Digital)','products/13-1.jpg',629.00,0,'2023-11-08 01:37:51','2023-11-08 01:37:51','digital',6,NULL),(55,45,3,110.00,0.00,'[]',NULL,64,'Foster Farms Takeout Crispy Classic Buffalo Wings','products/16.jpg',2430.00,0,'2023-11-08 01:37:51','2023-11-08 01:37:51','physical',0,NULL),(56,45,1,120.00,0.00,'[]',NULL,85,'Organic Cage-Free Grade A Large Brown Eggs','products/22.jpg',878.00,0,'2023-11-08 01:37:51','2023-11-08 01:37:51','physical',0,NULL),(57,46,3,381.00,0.00,'[]',NULL,30,'All Natural Italian-Style Chicken Meatballs','products/2-1.jpg',1731.00,0,'2023-11-08 01:37:52','2023-11-08 01:37:52','physical',0,NULL),(58,47,3,126.00,0.00,'[]',NULL,74,'All Natural Italian-Style Chicken Meatballs','products/18.jpg',2412.00,0,'2023-11-08 01:37:52','2023-11-08 01:37:52','physical',0,NULL),(59,48,3,86.00,0.00,'[]',NULL,39,'Foster Farms Takeout Crispy Classic','products/4.jpg',2592.00,0,'2023-11-08 01:37:52','2023-11-08 01:37:52','physical',0,NULL),(60,48,3,115.00,0.00,'[]',NULL,75,'Simply Lemonade with Raspberry Juice','products/19.jpg',2697.00,0,'2023-11-08 01:37:52','2023-11-08 01:37:52','physical',0,NULL),(61,49,1,482.00,0.00,'[]',NULL,51,'Haagen-Dazs Caramel Cone Ice Cream','products/10.jpg',699.00,0,'2023-11-08 01:37:52','2023-11-08 01:37:52','physical',0,NULL);
/*!40000 ALTER TABLE `ec_order_product` ENABLE KEYS */;
UNLOCK TABLES;

--
-- Table structure for table `ec_order_referrals`
--

DROP TABLE IF EXISTS `ec_order_referrals`;
/*!40101 SET @saved_cs_client     = @@character_set_client */;
/*!50503 SET character_set_client = utf8mb4 */;
CREATE TABLE `ec_order_referrals` (
  `id` bigint unsigned NOT NULL AUTO_INCREMENT,
  `ip` varchar(39) COLLATE utf8mb4_unicode_ci DEFAULT NULL,
  `landing_domain` varchar(255) COLLATE utf8mb4_unicode_ci DEFAULT NULL,
  `landing_page` varchar(255) COLLATE utf8mb4_unicode_ci DEFAULT NULL,
  `landing_params` varchar(255) COLLATE utf8mb4_unicode_ci DEFAULT NULL,
  `referral` varchar(255) COLLATE utf8mb4_unicode_ci DEFAULT NULL,
  `gclid` varchar(255) COLLATE utf8mb4_unicode_ci DEFAULT NULL,
  `fclid` varchar(255) COLLATE utf8mb4_unicode_ci DEFAULT NULL,
  `utm_source` varchar(255) COLLATE utf8mb4_unicode_ci DEFAULT NULL,
  `utm_campaign` varchar(255) COLLATE utf8mb4_unicode_ci DEFAULT NULL,
  `utm_medium` varchar(255) COLLATE utf8mb4_unicode_ci DEFAULT NULL,
  `utm_term` varchar(255) COLLATE utf8mb4_unicode_ci DEFAULT NULL,
  `utm_content` varchar(255) COLLATE utf8mb4_unicode_ci DEFAULT NULL,
  `referrer_url` text COLLATE utf8mb4_unicode_ci,
  `referrer_domain` varchar(255) COLLATE utf8mb4_unicode_ci DEFAULT NULL,
  `order_id` bigint unsigned DEFAULT NULL,
  `created_at` timestamp NULL DEFAULT NULL,
  `updated_at` timestamp NULL DEFAULT NULL,
  PRIMARY KEY (`id`),
  KEY `ec_order_referrals_order_id_index` (`order_id`)
) ENGINE=InnoDB DEFAULT CHARSET=utf8mb4 COLLATE=utf8mb4_unicode_ci;
/*!40101 SET character_set_client = @saved_cs_client */;

--
-- Dumping data for table `ec_order_referrals`
--

LOCK TABLES `ec_order_referrals` WRITE;
/*!40000 ALTER TABLE `ec_order_referrals` DISABLE KEYS */;
/*!40000 ALTER TABLE `ec_order_referrals` ENABLE KEYS */;
UNLOCK TABLES;

--
-- Table structure for table `ec_order_return_items`
--

DROP TABLE IF EXISTS `ec_order_return_items`;
/*!40101 SET @saved_cs_client     = @@character_set_client */;
/*!50503 SET character_set_client = utf8mb4 */;
CREATE TABLE `ec_order_return_items` (
  `id` bigint unsigned NOT NULL AUTO_INCREMENT,
  `order_return_id` bigint unsigned NOT NULL COMMENT 'Order return id',
  `order_product_id` bigint unsigned NOT NULL COMMENT 'Order product id',
  `product_id` bigint unsigned NOT NULL COMMENT 'Product id',
  `product_name` varchar(191) COLLATE utf8mb4_unicode_ci NOT NULL,
  `product_image` varchar(191) COLLATE utf8mb4_unicode_ci DEFAULT NULL,
  `qty` int NOT NULL COMMENT 'Quantity return',
  `price` decimal(15,2) NOT NULL COMMENT 'Price Product',
  `reason` text COLLATE utf8mb4_unicode_ci,
  `created_at` timestamp NULL DEFAULT NULL,
  `updated_at` timestamp NULL DEFAULT NULL,
  `refund_amount` decimal(12,2) DEFAULT '0.00',
  PRIMARY KEY (`id`)
) ENGINE=InnoDB DEFAULT CHARSET=utf8mb4 COLLATE=utf8mb4_unicode_ci;
/*!40101 SET character_set_client = @saved_cs_client */;

--
-- Dumping data for table `ec_order_return_items`
--

LOCK TABLES `ec_order_return_items` WRITE;
/*!40000 ALTER TABLE `ec_order_return_items` DISABLE KEYS */;
/*!40000 ALTER TABLE `ec_order_return_items` ENABLE KEYS */;
UNLOCK TABLES;

--
-- Table structure for table `ec_order_returns`
--

DROP TABLE IF EXISTS `ec_order_returns`;
/*!40101 SET @saved_cs_client     = @@character_set_client */;
/*!50503 SET character_set_client = utf8mb4 */;
CREATE TABLE `ec_order_returns` (
  `id` bigint unsigned NOT NULL AUTO_INCREMENT,
  `code` varchar(191) COLLATE utf8mb4_unicode_ci DEFAULT NULL,
  `order_id` bigint unsigned NOT NULL COMMENT 'Order ID',
  `store_id` bigint unsigned DEFAULT NULL COMMENT 'Store ID',
  `user_id` bigint unsigned NOT NULL COMMENT 'Customer ID',
  `reason` text COLLATE utf8mb4_unicode_ci COMMENT 'Reason return order',
  `order_status` varchar(191) COLLATE utf8mb4_unicode_ci DEFAULT NULL COMMENT 'Order current status',
  `return_status` varchar(191) COLLATE utf8mb4_unicode_ci NOT NULL COMMENT 'Return status',
  `created_at` timestamp NULL DEFAULT NULL,
  `updated_at` timestamp NULL DEFAULT NULL,
  PRIMARY KEY (`id`),
  UNIQUE KEY `ec_order_returns_code_unique` (`code`)
) ENGINE=InnoDB DEFAULT CHARSET=utf8mb4 COLLATE=utf8mb4_unicode_ci;
/*!40101 SET character_set_client = @saved_cs_client */;

--
-- Dumping data for table `ec_order_returns`
--

LOCK TABLES `ec_order_returns` WRITE;
/*!40000 ALTER TABLE `ec_order_returns` DISABLE KEYS */;
/*!40000 ALTER TABLE `ec_order_returns` ENABLE KEYS */;
UNLOCK TABLES;

--
-- Table structure for table `ec_order_tax_information`
--

DROP TABLE IF EXISTS `ec_order_tax_information`;
/*!40101 SET @saved_cs_client     = @@character_set_client */;
/*!50503 SET character_set_client = utf8mb4 */;
CREATE TABLE `ec_order_tax_information` (
  `id` bigint unsigned NOT NULL AUTO_INCREMENT,
  `order_id` bigint unsigned NOT NULL,
  `company_name` varchar(120) COLLATE utf8mb4_unicode_ci NOT NULL,
  `company_address` varchar(191) COLLATE utf8mb4_unicode_ci NOT NULL,
  `company_tax_code` varchar(20) COLLATE utf8mb4_unicode_ci NOT NULL,
  `company_email` varchar(60) COLLATE utf8mb4_unicode_ci NOT NULL,
  `created_at` timestamp NULL DEFAULT NULL,
  `updated_at` timestamp NULL DEFAULT NULL,
  PRIMARY KEY (`id`),
  KEY `ec_order_tax_information_order_id_index` (`order_id`)
) ENGINE=InnoDB DEFAULT CHARSET=utf8mb4 COLLATE=utf8mb4_unicode_ci;
/*!40101 SET character_set_client = @saved_cs_client */;

--
-- Dumping data for table `ec_order_tax_information`
--

LOCK TABLES `ec_order_tax_information` WRITE;
/*!40000 ALTER TABLE `ec_order_tax_information` DISABLE KEYS */;
/*!40000 ALTER TABLE `ec_order_tax_information` ENABLE KEYS */;
UNLOCK TABLES;

--
-- Table structure for table `ec_orders`
--

DROP TABLE IF EXISTS `ec_orders`;
/*!40101 SET @saved_cs_client     = @@character_set_client */;
/*!50503 SET character_set_client = utf8mb4 */;
CREATE TABLE `ec_orders` (
  `id` bigint unsigned NOT NULL AUTO_INCREMENT,
  `code` varchar(191) COLLATE utf8mb4_unicode_ci DEFAULT NULL,
  `user_id` bigint unsigned NOT NULL,
  `shipping_option` varchar(60) COLLATE utf8mb4_unicode_ci DEFAULT NULL,
  `shipping_method` varchar(60) COLLATE utf8mb4_unicode_ci NOT NULL DEFAULT 'default',
  `status` varchar(120) COLLATE utf8mb4_unicode_ci NOT NULL DEFAULT 'pending',
  `amount` decimal(15,2) NOT NULL,
  `tax_amount` decimal(15,2) DEFAULT NULL,
  `shipping_amount` decimal(15,2) DEFAULT NULL,
  `description` text COLLATE utf8mb4_unicode_ci,
  `coupon_code` varchar(120) COLLATE utf8mb4_unicode_ci DEFAULT NULL,
  `discount_amount` decimal(15,2) DEFAULT NULL,
  `sub_total` decimal(15,2) NOT NULL,
  `is_confirmed` tinyint(1) NOT NULL DEFAULT '0',
  `discount_description` varchar(255) COLLATE utf8mb4_unicode_ci DEFAULT NULL,
  `is_finished` tinyint(1) DEFAULT '0',
  `completed_at` timestamp NULL DEFAULT NULL,
  `token` varchar(120) COLLATE utf8mb4_unicode_ci DEFAULT NULL,
  `payment_id` bigint unsigned DEFAULT NULL,
  `created_at` timestamp NULL DEFAULT NULL,
  `updated_at` timestamp NULL DEFAULT NULL,
  `store_id` bigint unsigned DEFAULT NULL,
  PRIMARY KEY (`id`),
  UNIQUE KEY `ec_orders_code_unique` (`code`),
  KEY `ec_orders_user_id_status_created_at_index` (`user_id`,`status`,`created_at`)
) ENGINE=InnoDB AUTO_INCREMENT=50 DEFAULT CHARSET=utf8mb4 COLLATE=utf8mb4_unicode_ci;
/*!40101 SET character_set_client = @saved_cs_client */;

--
-- Dumping data for table `ec_orders`
--

LOCK TABLES `ec_orders` WRITE;
/*!40000 ALTER TABLE `ec_orders` DISABLE KEYS */;
INSERT INTO `ec_orders` VALUES (1,'#10000001',8,'1','default','completed',341.00,0.00,0.00,NULL,NULL,0.00,341.00,1,NULL,1,'2023-11-08 01:37:52','fVBavESUNL2a9uxF9Yaeeb18iZYI3',1,'2023-10-27 09:37:48','2023-11-08 01:37:52',4),(2,'#10000002',8,NULL,'','pending',226.00,0.00,0.00,NULL,NULL,0.00,226.00,1,NULL,1,NULL,'T4ZsblmeKd6dZRVBUDuFXj2uN2wCU',2,'2023-11-03 01:37:48','2023-11-08 01:37:48',3),(3,'#10000003',8,NULL,'','completed',128.00,0.00,0.00,NULL,NULL,0.00,128.00,1,NULL,1,'2023-11-08 01:37:49','sxDzHmpzdFJNmlx04OoA3Dx4xYW9y',3,'2023-11-03 07:37:49','2023-11-08 01:37:49',3),(4,'#10000004',8,'1','default','pending',357.00,0.00,0.00,NULL,NULL,0.00,357.00,1,NULL,1,NULL,'CtTMfGHhhgefWSUUr0ep93eSPqvha',4,'2023-11-03 07:37:49','2023-11-08 01:37:49',4),(5,'#10000005',8,NULL,'','completed',115.00,0.00,0.00,NULL,NULL,0.00,115.00,1,NULL,1,'2023-11-08 01:37:49','QC8S1KzukmE7YORSPUlfSkPtxs6Rp',5,'2023-11-04 21:37:49','2023-11-08 01:37:49',5),(6,'#10000006',8,'1','default','pending',345.00,0.00,0.00,NULL,NULL,0.00,345.00,1,NULL,1,NULL,'Y3NQfydaR7i71RhKrrN43R9HBXdwU',6,'2023-11-03 13:37:49','2023-11-08 01:37:49',2),(7,'#10000007',8,NULL,'','completed',244.00,0.00,0.00,NULL,NULL,0.00,244.00,1,NULL,1,'2023-11-08 01:37:49','vPmMwStqyxzELfDuOdMvKXRdHju6v',7,'2023-11-03 13:37:49','2023-11-08 01:37:49',6),(8,'#10000008',8,'1','default','pending',756.00,0.00,0.00,NULL,NULL,0.00,756.00,1,NULL,1,NULL,'cpdgGTyZr9VnYXGH0qzNZxcpHSfHn',8,'2023-10-31 13:37:49','2023-11-08 01:37:49',4),(9,'#10000009',1,'1','default','pending',381.00,0.00,0.00,NULL,NULL,0.00,381.00,1,NULL,1,NULL,'tJoZCLckZocXaJuQGMXmIarvLMCEK',9,'2023-10-29 03:37:49','2023-11-08 01:37:49',5),(10,'#10000010',1,'1','default','completed',440.00,0.00,0.00,NULL,NULL,0.00,440.00,1,NULL,1,'2023-11-08 01:37:53','81F6aroesiGAZlUXmZ6y2fx5ZE4HG',10,'2023-10-26 07:37:49','2023-11-08 01:37:53',3),(11,'#10000011',1,'1','default','completed',516.00,0.00,0.00,NULL,NULL,0.00,516.00,1,NULL,1,'2023-11-08 01:37:53','NZ8P3dpzp0WY7bffKJX9CDY7ZuFef',11,'2023-11-05 05:37:49','2023-11-08 01:37:53',4),(12,'#10000012',1,NULL,'','completed',165.00,0.00,0.00,NULL,NULL,0.00,165.00,1,NULL,1,'2023-11-08 01:37:49','rRLuqEb2zkzrkHVAaETjuZ20iF2zv',12,'2023-11-04 01:37:49','2023-11-08 01:37:49',6),(13,'#10000013',1,NULL,'','pending',226.00,0.00,0.00,NULL,NULL,0.00,226.00,1,NULL,1,NULL,'r91v4AGCAEAZPskDiLTbCXrXVAdfF',13,'2023-11-04 01:37:49','2023-11-08 01:37:49',3),(14,'#10000014',8,NULL,'','completed',43.00,0.00,0.00,NULL,NULL,0.00,43.00,1,NULL,1,'2023-11-08 01:37:49','biLdnNfzjmVrdUBWpHhJu9p38ulpg',14,'2023-11-01 19:37:49','2023-11-08 01:37:49',6),(15,'#10000015',8,NULL,'','completed',339.00,0.00,0.00,NULL,NULL,0.00,339.00,1,NULL,1,'2023-11-08 01:37:49','QUYE1l9oE2p90BiBMN4F0zRtar8mS',15,'2023-10-29 01:37:49','2023-11-08 01:37:49',3),(16,'#10000016',8,'1','default','completed',378.00,0.00,0.00,NULL,NULL,0.00,378.00,1,NULL,1,'2023-11-08 01:37:54','P6YMQxoKGCxvbxZiKlF4Hgu1xpCQM',16,'2023-11-01 19:37:49','2023-11-08 01:37:54',4),(17,'#10000017',8,'1','default','pending',56.00,0.00,0.00,NULL,NULL,0.00,56.00,1,NULL,1,NULL,'9MFzNknGInIbr35Z2Ivu2elsdEE0p',17,'2023-11-01 01:37:49','2023-11-08 01:37:49',6),(18,'#10000018',8,'1','default','pending',360.00,0.00,0.00,NULL,NULL,0.00,360.00,1,NULL,1,NULL,'QD1kCDQOBiCMQioN9MsigP8s2UrlH',18,'2023-10-27 09:37:49','2023-11-08 01:37:50',3),(19,'#10000019',9,NULL,'','completed',384.00,0.00,0.00,NULL,NULL,0.00,384.00,1,NULL,1,'2023-11-08 01:37:50','TwpfFGvTpJyi7Z3d2Zi17SCSIhEw0',19,'2023-11-03 17:37:50','2023-11-08 01:37:50',3),(20,'#10000020',9,NULL,'','completed',230.00,0.00,0.00,NULL,NULL,0.00,230.00,1,NULL,1,'2023-11-08 01:37:50','eiH44G7d89vy9peL1XVEjlMZLQZWD',20,'2023-10-29 07:37:50','2023-11-08 01:37:50',5),(21,'#10000021',1,'1','default','completed',459.00,0.00,0.00,NULL,NULL,0.00,459.00,1,NULL,1,'2023-11-08 01:37:50','JHZBUJKEqeiaqWVEinqO0NIkCDTiv',21,'2023-11-01 01:37:50','2023-11-08 01:37:50',3),(22,'#10000022',1,NULL,'','pending',115.00,0.00,0.00,NULL,NULL,0.00,115.00,1,NULL,1,NULL,'uvtgVCfiFPO3z01q39bijA8CCbGQS',22,'2023-11-04 01:37:50','2023-11-08 01:37:50',5),(23,'#10000023',9,NULL,'','pending',1212.00,0.00,0.00,NULL,NULL,0.00,1212.00,1,NULL,1,NULL,'X37rd6v1EiCYjRKaQ7HatcSNTJ2ye',23,'2023-11-01 15:37:50','2023-11-08 01:37:50',6),(24,'#10000024',9,'1','default','completed',387.00,0.00,0.00,NULL,NULL,0.00,387.00,1,NULL,1,'2023-11-08 01:37:55','VwD83cgSjgiq5W4ROFxfhzMkXvFrE',24,'2023-11-06 05:37:50','2023-11-08 01:37:55',4),(25,'#10000025',1,'1','default','pending',660.00,0.00,0.00,NULL,NULL,0.00,660.00,1,NULL,1,NULL,'vtzBYhh6jRQ5bAQgToiwQY4Ltc2Cn',25,'2023-11-04 17:37:50','2023-11-08 01:37:50',3),(26,'#10000026',1,'1','default','pending',129.00,0.00,0.00,NULL,NULL,0.00,129.00,1,NULL,1,NULL,'Ag2H1ahv46uRQVeeV0Rolq9maiYW0',26,'2023-10-30 17:37:50','2023-11-08 01:37:50',4),(27,'#10000027',9,'1','default','pending',341.00,0.00,0.00,NULL,NULL,0.00,341.00,1,NULL,1,NULL,'CqZRbTfrj6Fj9OE3M2wDZRxvQXiBz',27,'2023-11-01 07:37:50','2023-11-08 01:37:50',3),(28,'#10000028',9,'1','default','pending',630.00,0.00,0.00,NULL,NULL,0.00,630.00,1,NULL,1,NULL,'P6x3wAvnO64nYBi1o8mgT40wSshdN',28,'2023-11-06 13:37:50','2023-11-08 01:37:50',4),(29,'#10000029',6,NULL,'','completed',1212.00,0.00,0.00,NULL,NULL,0.00,1212.00,1,NULL,1,'2023-11-08 01:37:50','2cPQP0BV1fTCjcit5VNwuSxbwldNv',29,'2023-11-03 09:37:50','2023-11-08 01:37:50',6),(30,'#10000030',6,'1','default','pending',86.00,0.00,0.00,NULL,NULL,0.00,86.00,1,NULL,1,NULL,'gt4NZow3k3N2wuU9ecs8vbadrQkH3',30,'2023-11-03 09:37:50','2023-11-08 01:37:50',2),(31,'#10000031',6,'1','default','pending',220.00,0.00,0.00,NULL,NULL,0.00,220.00,1,NULL,1,NULL,'bPKjYbLG6r4TqrZ0IiPlViqYIVeD1',31,'2023-11-02 17:37:50','2023-11-08 01:37:50',3),(32,'#10000032',6,'1','default','pending',252.00,0.00,0.00,NULL,NULL,0.00,252.00,1,NULL,1,NULL,'FVPInjgraxAivAuJe9OVxXuCbkwO4',32,'2023-11-06 01:37:50','2023-11-08 01:37:51',4),(33,'#10000033',1,'1','default','completed',575.00,0.00,0.00,NULL,NULL,0.00,575.00,1,NULL,1,'2023-11-08 01:37:55','UGHROkrg0RVgr6O6R4QSRyseVPtTp',33,'2023-11-06 07:37:51','2023-11-08 01:37:55',2),(34,'#10000034',1,'1','default','completed',228.00,0.00,0.00,NULL,NULL,0.00,228.00,1,NULL,1,'2023-11-08 01:37:56','O5o4L4lBtRArHeeuw1tDxdWiw9hws',34,'2023-11-03 09:37:51','2023-11-08 01:37:56',4),(35,'#10000035',1,NULL,'','completed',113.00,0.00,0.00,NULL,NULL,0.00,113.00,1,NULL,1,'2023-11-08 01:37:51','TDWTZRyVk6coI0MN5yytI9XuOTJaF',35,'2023-11-06 07:37:51','2023-11-08 01:37:51',3),(36,'#10000036',8,NULL,'','completed',808.00,0.00,0.00,NULL,NULL,0.00,808.00,1,NULL,1,'2023-11-08 01:37:51','ptwcxpnloDobBubeloDQanKopCyJx',36,'2023-11-07 01:37:51','2023-11-08 01:37:51',6),(37,'#10000037',8,'1','default','pending',781.00,0.00,0.00,NULL,NULL,0.00,781.00,1,NULL,1,NULL,'vef0GstBLmwphOHmc50VyiNDh06n1',37,'2023-11-03 13:37:51','2023-11-08 01:37:51',3),(38,'#10000038',9,'1','default','pending',356.00,0.00,0.00,NULL,NULL,0.00,356.00,1,NULL,1,NULL,'NZ97SV6IARtQX9hOpaQdo0NiRxFCQ',38,'2023-11-04 17:37:51','2023-11-08 01:37:51',6),(39,'#10000039',9,'1','default','pending',242.00,0.00,0.00,NULL,NULL,0.00,242.00,1,NULL,1,NULL,'nEj16NdraOTtB8dwcSXMSRsxzxwsH',39,'2023-11-05 23:37:51','2023-11-08 01:37:51',2),(40,'#10000040',9,'1','default','completed',240.00,0.00,0.00,NULL,NULL,0.00,240.00,1,NULL,1,'2023-11-08 01:37:57','rabXaQQqvdnD50gaIhrHSAvwhvsFi',40,'2023-11-06 19:37:51','2023-11-08 01:37:57',3),(41,'#10000041',6,'1','default','pending',381.00,0.00,0.00,NULL,NULL,0.00,381.00,1,NULL,1,NULL,'5wSiiUxKF4F5lPPMRbVfsxR6Efzg6',41,'2023-11-07 09:37:51','2023-11-08 01:37:51',5),(42,'#10000042',6,NULL,'','completed',339.00,0.00,0.00,NULL,NULL,0.00,339.00,1,NULL,1,'2023-11-08 01:37:51','03gqSa7baA4lu2NdAgjSC6RQpGa33',42,'2023-11-06 01:37:51','2023-11-08 01:37:51',3),(43,'#10000043',8,'1','default','completed',258.00,0.00,0.00,NULL,NULL,0.00,258.00,1,NULL,1,'2023-11-08 01:37:58','8txaMFG9vkdnGCqdwiAZkm0xkFZGR',43,'2023-11-07 01:37:51','2023-11-08 01:37:58',4),(44,'#10000044',8,NULL,'','pending',122.00,0.00,0.00,NULL,NULL,0.00,122.00,1,NULL,1,NULL,'jXiDBkyKU2zShGoWOxe02DHHUmXR8',44,'2023-11-07 01:37:51','2023-11-08 01:37:51',6),(45,'#10000045',8,'1','default','pending',450.00,0.00,0.00,NULL,NULL,0.00,450.00,1,NULL,1,NULL,'D0vdZAUwisEYdxl7pWazDVkVlDsRw',45,'2023-11-06 13:37:51','2023-11-08 01:37:52',3),(46,'#10000046',8,'1','default','completed',1143.00,0.00,0.00,NULL,NULL,0.00,1143.00,1,NULL,1,'2023-11-08 01:37:59','k3M18jDazUr1KUBEssqJ2vbXLtPyh',46,'2023-11-06 09:37:52','2023-11-08 01:37:59',5),(47,'#10000047',8,'1','default','pending',378.00,0.00,0.00,NULL,NULL,0.00,378.00,1,NULL,1,NULL,'vvX4IXXbZN15tZrmAriPSqp0QCRFD',47,'2023-11-07 17:37:52','2023-11-08 01:37:52',4),(48,'#10000048',1,'1','default','completed',603.00,0.00,0.00,NULL,NULL,0.00,603.00,1,NULL,1,'2023-11-08 01:37:59','BxyXZXNp84KCHt8nVEcn6MPS5OgP5',48,'2023-11-07 23:37:52','2023-11-08 01:37:59',2),(49,'#10000049',1,'1','default','completed',482.00,0.00,0.00,NULL,NULL,0.00,482.00,1,NULL,1,'2023-11-08 01:38:00','g83pfH0VlACd5expzLbHs0FGCzNAv',49,'2023-11-07 09:37:52','2023-11-08 01:38:00',6);
/*!40000 ALTER TABLE `ec_orders` ENABLE KEYS */;
UNLOCK TABLES;

--
-- Table structure for table `ec_product_attribute_sets`
--

DROP TABLE IF EXISTS `ec_product_attribute_sets`;
/*!40101 SET @saved_cs_client     = @@character_set_client */;
/*!50503 SET character_set_client = utf8mb4 */;
CREATE TABLE `ec_product_attribute_sets` (
  `id` bigint unsigned NOT NULL AUTO_INCREMENT,
  `title` varchar(120) COLLATE utf8mb4_unicode_ci NOT NULL,
  `slug` varchar(120) COLLATE utf8mb4_unicode_ci DEFAULT NULL,
  `display_layout` varchar(191) COLLATE utf8mb4_unicode_ci NOT NULL DEFAULT 'swatch_dropdown',
  `is_searchable` tinyint unsigned NOT NULL DEFAULT '1',
  `is_comparable` tinyint unsigned NOT NULL DEFAULT '1',
  `is_use_in_product_listing` tinyint unsigned NOT NULL DEFAULT '0',
  `status` varchar(60) COLLATE utf8mb4_unicode_ci NOT NULL DEFAULT 'published',
  `order` tinyint unsigned NOT NULL DEFAULT '0',
  `created_at` timestamp NULL DEFAULT NULL,
  `updated_at` timestamp NULL DEFAULT NULL,
  `use_image_from_product_variation` tinyint unsigned NOT NULL DEFAULT '0',
  PRIMARY KEY (`id`)
) ENGINE=InnoDB AUTO_INCREMENT=3 DEFAULT CHARSET=utf8mb4 COLLATE=utf8mb4_unicode_ci;
/*!40101 SET character_set_client = @saved_cs_client */;

--
-- Dumping data for table `ec_product_attribute_sets`
--

LOCK TABLES `ec_product_attribute_sets` WRITE;
/*!40000 ALTER TABLE `ec_product_attribute_sets` DISABLE KEYS */;
INSERT INTO `ec_product_attribute_sets` VALUES (1,'Weight','weight','text',1,1,1,'published',0,'2023-11-08 01:37:28','2023-11-08 01:37:28',0),(2,'Boxes','boxes','text',1,1,1,'published',1,'2023-11-08 01:37:28','2023-11-08 01:37:28',0);
/*!40000 ALTER TABLE `ec_product_attribute_sets` ENABLE KEYS */;
UNLOCK TABLES;

--
-- Table structure for table `ec_product_attribute_sets_translations`
--

DROP TABLE IF EXISTS `ec_product_attribute_sets_translations`;
/*!40101 SET @saved_cs_client     = @@character_set_client */;
/*!50503 SET character_set_client = utf8mb4 */;
CREATE TABLE `ec_product_attribute_sets_translations` (
  `lang_code` varchar(191) COLLATE utf8mb4_unicode_ci NOT NULL,
  `ec_product_attribute_sets_id` bigint unsigned NOT NULL,
  `title` varchar(191) COLLATE utf8mb4_unicode_ci DEFAULT NULL,
  PRIMARY KEY (`lang_code`,`ec_product_attribute_sets_id`)
) ENGINE=InnoDB DEFAULT CHARSET=utf8mb4 COLLATE=utf8mb4_unicode_ci;
/*!40101 SET character_set_client = @saved_cs_client */;

--
-- Dumping data for table `ec_product_attribute_sets_translations`
--

LOCK TABLES `ec_product_attribute_sets_translations` WRITE;
/*!40000 ALTER TABLE `ec_product_attribute_sets_translations` DISABLE KEYS */;
/*!40000 ALTER TABLE `ec_product_attribute_sets_translations` ENABLE KEYS */;
UNLOCK TABLES;

--
-- Table structure for table `ec_product_attributes`
--

DROP TABLE IF EXISTS `ec_product_attributes`;
/*!40101 SET @saved_cs_client     = @@character_set_client */;
/*!50503 SET character_set_client = utf8mb4 */;
CREATE TABLE `ec_product_attributes` (
  `id` bigint unsigned NOT NULL AUTO_INCREMENT,
  `attribute_set_id` bigint unsigned NOT NULL,
  `title` varchar(120) COLLATE utf8mb4_unicode_ci NOT NULL,
  `slug` varchar(120) COLLATE utf8mb4_unicode_ci DEFAULT NULL,
  `color` varchar(50) COLLATE utf8mb4_unicode_ci DEFAULT NULL,
  `image` varchar(191) COLLATE utf8mb4_unicode_ci DEFAULT NULL,
  `is_default` tinyint unsigned NOT NULL DEFAULT '0',
  `order` tinyint unsigned NOT NULL DEFAULT '0',
  `created_at` timestamp NULL DEFAULT NULL,
  `updated_at` timestamp NULL DEFAULT NULL,
  PRIMARY KEY (`id`),
  KEY `attribute_set_status_index` (`attribute_set_id`)
) ENGINE=InnoDB AUTO_INCREMENT=11 DEFAULT CHARSET=utf8mb4 COLLATE=utf8mb4_unicode_ci;
/*!40101 SET character_set_client = @saved_cs_client */;

--
-- Dumping data for table `ec_product_attributes`
--

LOCK TABLES `ec_product_attributes` WRITE;
/*!40000 ALTER TABLE `ec_product_attributes` DISABLE KEYS */;
INSERT INTO `ec_product_attributes` VALUES (1,1,'1KG','1kg',NULL,NULL,1,1,'2023-11-08 01:37:28','2023-11-08 01:37:28'),(2,1,'2KG','2kg',NULL,NULL,0,2,'2023-11-08 01:37:28','2023-11-08 01:37:28'),(3,1,'3KG','3kg',NULL,NULL,0,3,'2023-11-08 01:37:28','2023-11-08 01:37:28'),(4,1,'4KG','4kg',NULL,NULL,0,4,'2023-11-08 01:37:28','2023-11-08 01:37:28'),(5,1,'5KG','5kg',NULL,NULL,0,5,'2023-11-08 01:37:28','2023-11-08 01:37:28'),(6,2,'1 Box','1box',NULL,NULL,1,1,'2023-11-08 01:37:28','2023-11-08 01:37:28'),(7,2,'2 Boxes','2boxes',NULL,NULL,0,2,'2023-11-08 01:37:28','2023-11-08 01:37:28'),(8,2,'3 Boxes','3boxes',NULL,NULL,0,3,'2023-11-08 01:37:28','2023-11-08 01:37:28'),(9,2,'4 Boxes','4boxes',NULL,NULL,0,4,'2023-11-08 01:37:28','2023-11-08 01:37:28'),(10,2,'5 Boxes','5boxes',NULL,NULL,0,5,'2023-11-08 01:37:28','2023-11-08 01:37:28');
/*!40000 ALTER TABLE `ec_product_attributes` ENABLE KEYS */;
UNLOCK TABLES;

--
-- Table structure for table `ec_product_attributes_translations`
--

DROP TABLE IF EXISTS `ec_product_attributes_translations`;
/*!40101 SET @saved_cs_client     = @@character_set_client */;
/*!50503 SET character_set_client = utf8mb4 */;
CREATE TABLE `ec_product_attributes_translations` (
  `lang_code` varchar(191) COLLATE utf8mb4_unicode_ci NOT NULL,
  `ec_product_attributes_id` bigint unsigned NOT NULL,
  `title` varchar(191) COLLATE utf8mb4_unicode_ci DEFAULT NULL,
  PRIMARY KEY (`lang_code`,`ec_product_attributes_id`)
) ENGINE=InnoDB DEFAULT CHARSET=utf8mb4 COLLATE=utf8mb4_unicode_ci;
/*!40101 SET character_set_client = @saved_cs_client */;

--
-- Dumping data for table `ec_product_attributes_translations`
--

LOCK TABLES `ec_product_attributes_translations` WRITE;
/*!40000 ALTER TABLE `ec_product_attributes_translations` DISABLE KEYS */;
/*!40000 ALTER TABLE `ec_product_attributes_translations` ENABLE KEYS */;
UNLOCK TABLES;

--
-- Table structure for table `ec_product_categories`
--

DROP TABLE IF EXISTS `ec_product_categories`;
/*!40101 SET @saved_cs_client     = @@character_set_client */;
/*!50503 SET character_set_client = utf8mb4 */;
CREATE TABLE `ec_product_categories` (
  `id` bigint unsigned NOT NULL AUTO_INCREMENT,
  `name` varchar(191) COLLATE utf8mb4_unicode_ci NOT NULL,
  `parent_id` bigint unsigned NOT NULL DEFAULT '0',
  `description` mediumtext COLLATE utf8mb4_unicode_ci,
  `status` varchar(60) COLLATE utf8mb4_unicode_ci NOT NULL DEFAULT 'published',
  `order` int unsigned NOT NULL DEFAULT '0',
  `image` varchar(255) COLLATE utf8mb4_unicode_ci DEFAULT NULL,
  `is_featured` tinyint unsigned NOT NULL DEFAULT '0',
  `created_at` timestamp NULL DEFAULT NULL,
  `updated_at` timestamp NULL DEFAULT NULL,
  `icon` varchar(191) COLLATE utf8mb4_unicode_ci DEFAULT NULL,
  `icon_image` varchar(191) COLLATE utf8mb4_unicode_ci DEFAULT NULL,
  PRIMARY KEY (`id`),
  KEY `ec_product_categories_parent_id_status_created_at_index` (`parent_id`,`status`,`created_at`),
  KEY `ec_product_categories_parent_id_status_index` (`parent_id`,`status`)
) ENGINE=InnoDB AUTO_INCREMENT=15 DEFAULT CHARSET=utf8mb4 COLLATE=utf8mb4_unicode_ci;
/*!40101 SET character_set_client = @saved_cs_client */;

--
-- Dumping data for table `ec_product_categories`
--

LOCK TABLES `ec_product_categories` WRITE;
/*!40000 ALTER TABLE `ec_product_categories` DISABLE KEYS */;
INSERT INTO `ec_product_categories` VALUES (1,'Milks and Dairies',0,NULL,'published',0,'product-categories/image-1.png',1,'2023-11-08 01:37:28','2023-11-08 01:37:28',NULL,'product-categories/icon-1.png'),(2,'Clothing & beauty',0,NULL,'published',1,'product-categories/image-2.png',1,'2023-11-08 01:37:28','2023-11-08 01:37:28',NULL,'product-categories/icon-2.png'),(3,'Pet Toy',0,NULL,'published',2,'product-categories/image-3.png',1,'2023-11-08 01:37:28','2023-11-08 01:37:28',NULL,'product-categories/icon-3.png'),(4,'Baking material',0,NULL,'published',3,'product-categories/image-4.png',1,'2023-11-08 01:37:28','2023-11-08 01:37:28',NULL,'product-categories/icon-4.png'),(5,'Fresh Fruit',0,NULL,'published',4,'product-categories/image-5.png',1,'2023-11-08 01:37:28','2023-11-08 01:37:28',NULL,'product-categories/icon-5.png'),(6,'Wines & Drinks',0,NULL,'published',5,'product-categories/image-6.png',1,'2023-11-08 01:37:28','2023-11-08 01:37:28',NULL,'product-categories/icon-6.png'),(7,'Fresh Seafood',0,NULL,'published',6,'product-categories/image-7.png',1,'2023-11-08 01:37:28','2023-11-08 01:37:28',NULL,'product-categories/icon-7.png'),(8,'Fast food',0,NULL,'published',7,'product-categories/image-8.png',1,'2023-11-08 01:37:28','2023-11-08 01:37:28',NULL,'product-categories/icon-8.png'),(9,'Vegetables',0,NULL,'published',8,'product-categories/image-9.png',1,'2023-11-08 01:37:28','2023-11-08 01:37:28',NULL,'product-categories/icon-9.png'),(10,'Bread and Juice',0,NULL,'published',9,'product-categories/image-10.png',1,'2023-11-08 01:37:28','2023-11-08 01:37:28',NULL,'product-categories/icon-10.png'),(11,'Cake & Milk',0,NULL,'published',10,'product-categories/image-11.png',1,'2023-11-08 01:37:28','2023-11-08 01:37:28',NULL,'product-categories/icon-11.png'),(12,'Coffee & Teas',0,NULL,'published',11,'product-categories/image-12.png',1,'2023-11-08 01:37:28','2023-11-08 01:37:28',NULL,'product-categories/icon-12.png'),(13,'Pet Foods',0,NULL,'published',12,'product-categories/image-13.png',0,'2023-11-08 01:37:28','2023-11-08 01:37:28',NULL,'product-categories/icon-13.png'),(14,'Diet Foods',0,NULL,'published',13,'product-categories/image-14.png',0,'2023-11-08 01:37:28','2023-11-08 01:37:28',NULL,'product-categories/icon-14.png');
/*!40000 ALTER TABLE `ec_product_categories` ENABLE KEYS */;
UNLOCK TABLES;

--
-- Table structure for table `ec_product_categories_translations`
--

DROP TABLE IF EXISTS `ec_product_categories_translations`;
/*!40101 SET @saved_cs_client     = @@character_set_client */;
/*!50503 SET character_set_client = utf8mb4 */;
CREATE TABLE `ec_product_categories_translations` (
  `lang_code` varchar(191) COLLATE utf8mb4_unicode_ci NOT NULL,
  `ec_product_categories_id` bigint unsigned NOT NULL,
  `name` varchar(191) COLLATE utf8mb4_unicode_ci DEFAULT NULL,
  `description` text COLLATE utf8mb4_unicode_ci,
  PRIMARY KEY (`lang_code`,`ec_product_categories_id`)
) ENGINE=InnoDB DEFAULT CHARSET=utf8mb4 COLLATE=utf8mb4_unicode_ci;
/*!40101 SET character_set_client = @saved_cs_client */;

--
-- Dumping data for table `ec_product_categories_translations`
--

LOCK TABLES `ec_product_categories_translations` WRITE;
/*!40000 ALTER TABLE `ec_product_categories_translations` DISABLE KEYS */;
/*!40000 ALTER TABLE `ec_product_categories_translations` ENABLE KEYS */;
UNLOCK TABLES;

--
-- Table structure for table `ec_product_categorizables`
--

DROP TABLE IF EXISTS `ec_product_categorizables`;
/*!40101 SET @saved_cs_client     = @@character_set_client */;
/*!50503 SET character_set_client = utf8mb4 */;
CREATE TABLE `ec_product_categorizables` (
  `category_id` bigint unsigned NOT NULL,
  `reference_id` bigint unsigned NOT NULL,
  `reference_type` varchar(120) COLLATE utf8mb4_unicode_ci NOT NULL,
  PRIMARY KEY (`category_id`,`reference_id`,`reference_type`),
  KEY `ec_product_categorizables_category_id_index` (`category_id`),
  KEY `ec_product_categorizables_reference_id_index` (`reference_id`),
  KEY `ec_product_categorizables_reference_type_index` (`reference_type`)
) ENGINE=InnoDB DEFAULT CHARSET=utf8mb4 COLLATE=utf8mb4_unicode_ci;
/*!40101 SET character_set_client = @saved_cs_client */;

--
-- Dumping data for table `ec_product_categorizables`
--

LOCK TABLES `ec_product_categorizables` WRITE;
/*!40000 ALTER TABLE `ec_product_categorizables` DISABLE KEYS */;
/*!40000 ALTER TABLE `ec_product_categorizables` ENABLE KEYS */;
UNLOCK TABLES;

--
-- Table structure for table `ec_product_category_product`
--

DROP TABLE IF EXISTS `ec_product_category_product`;
/*!40101 SET @saved_cs_client     = @@character_set_client */;
/*!50503 SET character_set_client = utf8mb4 */;
CREATE TABLE `ec_product_category_product` (
  `category_id` bigint unsigned NOT NULL,
  `product_id` bigint unsigned NOT NULL,
  PRIMARY KEY (`product_id`,`category_id`),
  KEY `ec_product_category_product_category_id_index` (`category_id`),
  KEY `ec_product_category_product_product_id_index` (`product_id`)
) ENGINE=InnoDB DEFAULT CHARSET=utf8mb4 COLLATE=utf8mb4_unicode_ci;
/*!40101 SET character_set_client = @saved_cs_client */;

--
-- Dumping data for table `ec_product_category_product`
--

LOCK TABLES `ec_product_category_product` WRITE;
/*!40000 ALTER TABLE `ec_product_category_product` DISABLE KEYS */;
INSERT INTO `ec_product_category_product` VALUES (1,9),(1,20),(2,2),(2,10),(2,16),(3,1),(3,11),(4,21),(5,4),(5,24),(6,12),(6,22),(7,7),(8,17),(9,5),(10,23),(11,18),(12,3),(12,14),(13,6),(13,13),(13,15),(14,8),(14,19);
/*!40000 ALTER TABLE `ec_product_category_product` ENABLE KEYS */;
UNLOCK TABLES;

--
-- Table structure for table `ec_product_collection_products`
--

DROP TABLE IF EXISTS `ec_product_collection_products`;
/*!40101 SET @saved_cs_client     = @@character_set_client */;
/*!50503 SET character_set_client = utf8mb4 */;
CREATE TABLE `ec_product_collection_products` (
  `product_collection_id` bigint unsigned NOT NULL,
  `product_id` bigint unsigned NOT NULL,
  PRIMARY KEY (`product_id`,`product_collection_id`),
  KEY `ec_product_collection_products_product_collection_id_index` (`product_collection_id`),
  KEY `ec_product_collection_products_product_id_index` (`product_id`)
) ENGINE=InnoDB DEFAULT CHARSET=utf8mb4 COLLATE=utf8mb4_unicode_ci;
/*!40101 SET character_set_client = @saved_cs_client */;

--
-- Dumping data for table `ec_product_collection_products`
--

LOCK TABLES `ec_product_collection_products` WRITE;
/*!40000 ALTER TABLE `ec_product_collection_products` DISABLE KEYS */;
INSERT INTO `ec_product_collection_products` VALUES (1,1),(1,9),(1,15),(1,16),(1,23),(2,2),(2,3),(2,4),(2,6),(2,8),(2,11),(2,14),(2,18),(2,19),(3,5),(3,7),(3,10),(3,12),(3,13),(3,17),(3,20),(3,21),(3,22),(3,24);
/*!40000 ALTER TABLE `ec_product_collection_products` ENABLE KEYS */;
UNLOCK TABLES;

--
-- Table structure for table `ec_product_collections`
--

DROP TABLE IF EXISTS `ec_product_collections`;
/*!40101 SET @saved_cs_client     = @@character_set_client */;
/*!50503 SET character_set_client = utf8mb4 */;
CREATE TABLE `ec_product_collections` (
  `id` bigint unsigned NOT NULL AUTO_INCREMENT,
  `name` varchar(191) COLLATE utf8mb4_unicode_ci NOT NULL,
  `slug` varchar(191) COLLATE utf8mb4_unicode_ci NOT NULL,
  `description` varchar(400) COLLATE utf8mb4_unicode_ci DEFAULT NULL,
  `image` varchar(255) COLLATE utf8mb4_unicode_ci DEFAULT NULL,
  `status` varchar(60) COLLATE utf8mb4_unicode_ci NOT NULL DEFAULT 'published',
  `created_at` timestamp NULL DEFAULT NULL,
  `updated_at` timestamp NULL DEFAULT NULL,
  `is_featured` tinyint unsigned NOT NULL DEFAULT '0',
  PRIMARY KEY (`id`)
) ENGINE=InnoDB AUTO_INCREMENT=4 DEFAULT CHARSET=utf8mb4 COLLATE=utf8mb4_unicode_ci;
/*!40101 SET character_set_client = @saved_cs_client */;

--
-- Dumping data for table `ec_product_collections`
--

LOCK TABLES `ec_product_collections` WRITE;
/*!40000 ALTER TABLE `ec_product_collections` DISABLE KEYS */;
INSERT INTO `ec_product_collections` VALUES (1,'New Arrival','new-arrival',NULL,NULL,'published','2023-11-08 01:37:28','2023-11-08 01:37:28',0),(2,'Best Sellers','best-sellers',NULL,NULL,'published','2023-11-08 01:37:28','2023-11-08 01:37:28',0),(3,'Special Offer','special-offer',NULL,NULL,'published','2023-11-08 01:37:28','2023-11-08 01:37:28',0);
/*!40000 ALTER TABLE `ec_product_collections` ENABLE KEYS */;
UNLOCK TABLES;

--
-- Table structure for table `ec_product_collections_translations`
--

DROP TABLE IF EXISTS `ec_product_collections_translations`;
/*!40101 SET @saved_cs_client     = @@character_set_client */;
/*!50503 SET character_set_client = utf8mb4 */;
CREATE TABLE `ec_product_collections_translations` (
  `lang_code` varchar(191) COLLATE utf8mb4_unicode_ci NOT NULL,
  `ec_product_collections_id` bigint unsigned NOT NULL,
  `name` varchar(191) COLLATE utf8mb4_unicode_ci DEFAULT NULL,
  `description` varchar(191) COLLATE utf8mb4_unicode_ci DEFAULT NULL,
  PRIMARY KEY (`lang_code`,`ec_product_collections_id`)
) ENGINE=InnoDB DEFAULT CHARSET=utf8mb4 COLLATE=utf8mb4_unicode_ci;
/*!40101 SET character_set_client = @saved_cs_client */;

--
-- Dumping data for table `ec_product_collections_translations`
--

LOCK TABLES `ec_product_collections_translations` WRITE;
/*!40000 ALTER TABLE `ec_product_collections_translations` DISABLE KEYS */;
/*!40000 ALTER TABLE `ec_product_collections_translations` ENABLE KEYS */;
UNLOCK TABLES;

--
-- Table structure for table `ec_product_cross_sale_relations`
--

DROP TABLE IF EXISTS `ec_product_cross_sale_relations`;
/*!40101 SET @saved_cs_client     = @@character_set_client */;
/*!50503 SET character_set_client = utf8mb4 */;
CREATE TABLE `ec_product_cross_sale_relations` (
  `from_product_id` bigint unsigned NOT NULL,
  `to_product_id` bigint unsigned NOT NULL,
  PRIMARY KEY (`from_product_id`,`to_product_id`),
  KEY `ec_product_cross_sale_relations_from_product_id_index` (`from_product_id`),
  KEY `ec_product_cross_sale_relations_to_product_id_index` (`to_product_id`)
) ENGINE=InnoDB DEFAULT CHARSET=utf8mb4 COLLATE=utf8mb4_unicode_ci;
/*!40101 SET character_set_client = @saved_cs_client */;

--
-- Dumping data for table `ec_product_cross_sale_relations`
--

LOCK TABLES `ec_product_cross_sale_relations` WRITE;
/*!40000 ALTER TABLE `ec_product_cross_sale_relations` DISABLE KEYS */;
INSERT INTO `ec_product_cross_sale_relations` VALUES (1,3),(1,6),(1,7),(1,11),(2,6),(2,11),(2,21),(3,13),(3,14),(3,23),(4,12),(4,14),(4,19),(4,22),(5,1),(5,3),(5,11),(5,20),(6,1),(6,18),(6,21),(6,23),(7,1),(7,4),(7,5),(7,20),(8,4),(8,12),(8,13),(8,21),(9,4),(9,7),(9,13),(9,22),(10,2),(10,4),(10,13),(10,22),(11,4),(11,6),(11,7),(12,2),(12,4),(12,11),(12,23),(13,5),(13,10),(13,15),(13,21),(14,3),(14,4),(14,16),(14,21),(15,4),(15,12),(15,21),(16,3),(16,6),(16,11),(17,1),(17,11),(17,14),(17,24),(18,1),(18,11),(18,12),(18,21),(19,2),(19,7),(19,15),(19,16),(20,11),(20,13),(20,17),(20,23),(21,5),(21,8),(21,10),(22,3),(22,7),(22,17),(22,19),(23,3),(23,5),(23,13),(23,14),(24,15),(24,19),(24,21),(24,23);
/*!40000 ALTER TABLE `ec_product_cross_sale_relations` ENABLE KEYS */;
UNLOCK TABLES;

--
-- Table structure for table `ec_product_files`
--

DROP TABLE IF EXISTS `ec_product_files`;
/*!40101 SET @saved_cs_client     = @@character_set_client */;
/*!50503 SET character_set_client = utf8mb4 */;
CREATE TABLE `ec_product_files` (
  `id` bigint unsigned NOT NULL AUTO_INCREMENT,
  `product_id` bigint unsigned DEFAULT NULL,
  `url` varchar(400) COLLATE utf8mb4_unicode_ci DEFAULT NULL,
  `extras` mediumtext COLLATE utf8mb4_unicode_ci,
  `created_at` timestamp NULL DEFAULT NULL,
  `updated_at` timestamp NULL DEFAULT NULL,
  PRIMARY KEY (`id`),
  KEY `ec_product_files_product_id_index` (`product_id`)
) ENGINE=InnoDB AUTO_INCREMENT=41 DEFAULT CHARSET=utf8mb4 COLLATE=utf8mb4_unicode_ci;
/*!40101 SET character_set_client = @saved_cs_client */;

--
-- Dumping data for table `ec_product_files`
--

LOCK TABLES `ec_product_files` WRITE;
/*!40000 ALTER TABLE `ec_product_files` DISABLE KEYS */;
INSERT INTO `ec_product_files` VALUES (1,25,'product-files/1.jpg','{\"filename\":\"1.jpg\",\"url\":\"product-files\\/1.jpg\",\"mime_type\":\"image\\/jpeg\",\"size\":9730,\"modified\":\"2023-11-08 08:37:33\",\"name\":\"1\",\"extension\":\"jpg\"}','2023-11-08 01:37:33','2023-11-08 01:37:33'),(2,25,'product-files/1-1.jpg','{\"filename\":\"1-1.jpg\",\"url\":\"product-files\\/1-1.jpg\",\"mime_type\":\"image\\/jpeg\",\"size\":9730,\"modified\":\"2023-11-08 08:37:33\",\"name\":\"1-1\",\"extension\":\"jpg\"}','2023-11-08 01:37:33','2023-11-08 01:37:33'),(3,26,'product-files/1.jpg','{\"filename\":\"1.jpg\",\"url\":\"product-files\\/1.jpg\",\"mime_type\":\"image\\/jpeg\",\"size\":9730,\"modified\":\"2023-11-08 08:37:33\",\"name\":\"1\",\"extension\":\"jpg\"}','2023-11-08 01:37:33','2023-11-08 01:37:33'),(4,26,'product-files/1-1.jpg','{\"filename\":\"1-1.jpg\",\"url\":\"product-files\\/1-1.jpg\",\"mime_type\":\"image\\/jpeg\",\"size\":9730,\"modified\":\"2023-11-08 08:37:33\",\"name\":\"1-1\",\"extension\":\"jpg\"}','2023-11-08 01:37:33','2023-11-08 01:37:33'),(5,27,'product-files/1.jpg','{\"filename\":\"1.jpg\",\"url\":\"product-files\\/1.jpg\",\"mime_type\":\"image\\/jpeg\",\"size\":9730,\"modified\":\"2023-11-08 08:37:33\",\"name\":\"1\",\"extension\":\"jpg\"}','2023-11-08 01:37:33','2023-11-08 01:37:33'),(6,27,'product-files/1-1.jpg','{\"filename\":\"1-1.jpg\",\"url\":\"product-files\\/1-1.jpg\",\"mime_type\":\"image\\/jpeg\",\"size\":9730,\"modified\":\"2023-11-08 08:37:33\",\"name\":\"1-1\",\"extension\":\"jpg\"}','2023-11-08 01:37:33','2023-11-08 01:37:33'),(7,28,'product-files/1.jpg','{\"filename\":\"1.jpg\",\"url\":\"product-files\\/1.jpg\",\"mime_type\":\"image\\/jpeg\",\"size\":9730,\"modified\":\"2023-11-08 08:37:33\",\"name\":\"1\",\"extension\":\"jpg\"}','2023-11-08 01:37:33','2023-11-08 01:37:33'),(8,28,'product-files/1-1.jpg','{\"filename\":\"1-1.jpg\",\"url\":\"product-files\\/1-1.jpg\",\"mime_type\":\"image\\/jpeg\",\"size\":9730,\"modified\":\"2023-11-08 08:37:33\",\"name\":\"1-1\",\"extension\":\"jpg\"}','2023-11-08 01:37:33','2023-11-08 01:37:33'),(9,40,'product-files/5.jpg','{\"filename\":\"5.jpg\",\"url\":\"product-files\\/5.jpg\",\"mime_type\":\"image\\/jpeg\",\"size\":9730,\"modified\":\"2023-11-08 08:37:33\",\"name\":\"5\",\"extension\":\"jpg\"}','2023-11-08 01:37:33','2023-11-08 01:37:33'),(10,40,'product-files/5-1.jpg','{\"filename\":\"5-1.jpg\",\"url\":\"product-files\\/5-1.jpg\",\"mime_type\":\"image\\/jpeg\",\"size\":9730,\"modified\":\"2023-11-08 08:37:33\",\"name\":\"5-1\",\"extension\":\"jpg\"}','2023-11-08 01:37:33','2023-11-08 01:37:33'),(11,41,'product-files/5.jpg','{\"filename\":\"5.jpg\",\"url\":\"product-files\\/5.jpg\",\"mime_type\":\"image\\/jpeg\",\"size\":9730,\"modified\":\"2023-11-08 08:37:33\",\"name\":\"5\",\"extension\":\"jpg\"}','2023-11-08 01:37:33','2023-11-08 01:37:33'),(12,41,'product-files/5-1.jpg','{\"filename\":\"5-1.jpg\",\"url\":\"product-files\\/5-1.jpg\",\"mime_type\":\"image\\/jpeg\",\"size\":9730,\"modified\":\"2023-11-08 08:37:33\",\"name\":\"5-1\",\"extension\":\"jpg\"}','2023-11-08 01:37:33','2023-11-08 01:37:33'),(13,48,'product-files/9.jpg','{\"filename\":\"9.jpg\",\"url\":\"product-files\\/9.jpg\",\"mime_type\":\"image\\/jpeg\",\"size\":9730,\"modified\":\"2023-11-08 08:37:33\",\"name\":\"9\",\"extension\":\"jpg\"}','2023-11-08 01:37:33','2023-11-08 01:37:33'),(14,48,'product-files/9-1.jpg','{\"filename\":\"9-1.jpg\",\"url\":\"product-files\\/9-1.jpg\",\"mime_type\":\"image\\/jpeg\",\"size\":9730,\"modified\":\"2023-11-08 08:37:33\",\"name\":\"9-1\",\"extension\":\"jpg\"}','2023-11-08 01:37:33','2023-11-08 01:37:33'),(15,49,'product-files/9.jpg','{\"filename\":\"9.jpg\",\"url\":\"product-files\\/9.jpg\",\"mime_type\":\"image\\/jpeg\",\"size\":9730,\"modified\":\"2023-11-08 08:37:33\",\"name\":\"9\",\"extension\":\"jpg\"}','2023-11-08 01:37:33','2023-11-08 01:37:33'),(16,49,'product-files/9-1.jpg','{\"filename\":\"9-1.jpg\",\"url\":\"product-files\\/9-1.jpg\",\"mime_type\":\"image\\/jpeg\",\"size\":9730,\"modified\":\"2023-11-08 08:37:33\",\"name\":\"9-1\",\"extension\":\"jpg\"}','2023-11-08 01:37:33','2023-11-08 01:37:33'),(17,50,'product-files/9.jpg','{\"filename\":\"9.jpg\",\"url\":\"product-files\\/9.jpg\",\"mime_type\":\"image\\/jpeg\",\"size\":9730,\"modified\":\"2023-11-08 08:37:33\",\"name\":\"9\",\"extension\":\"jpg\"}','2023-11-08 01:37:33','2023-11-08 01:37:33'),(18,50,'product-files/9-1.jpg','{\"filename\":\"9-1.jpg\",\"url\":\"product-files\\/9-1.jpg\",\"mime_type\":\"image\\/jpeg\",\"size\":9730,\"modified\":\"2023-11-08 08:37:33\",\"name\":\"9-1\",\"extension\":\"jpg\"}','2023-11-08 01:37:33','2023-11-08 01:37:33'),(19,57,'product-files/13.jpg','{\"filename\":\"13.jpg\",\"url\":\"product-files\\/13.jpg\",\"mime_type\":\"image\\/jpeg\",\"size\":9730,\"modified\":\"2023-11-08 08:37:34\",\"name\":\"13\",\"extension\":\"jpg\"}','2023-11-08 01:37:34','2023-11-08 01:37:34'),(20,57,'product-files/13-1.jpg','{\"filename\":\"13-1.jpg\",\"url\":\"product-files\\/13-1.jpg\",\"mime_type\":\"image\\/jpeg\",\"size\":9730,\"modified\":\"2023-11-08 08:37:34\",\"name\":\"13-1\",\"extension\":\"jpg\"}','2023-11-08 01:37:34','2023-11-08 01:37:34'),(21,58,'product-files/13.jpg','{\"filename\":\"13.jpg\",\"url\":\"product-files\\/13.jpg\",\"mime_type\":\"image\\/jpeg\",\"size\":9730,\"modified\":\"2023-11-08 08:37:34\",\"name\":\"13\",\"extension\":\"jpg\"}','2023-11-08 01:37:34','2023-11-08 01:37:34'),(22,58,'product-files/13-1.jpg','{\"filename\":\"13-1.jpg\",\"url\":\"product-files\\/13-1.jpg\",\"mime_type\":\"image\\/jpeg\",\"size\":9730,\"modified\":\"2023-11-08 08:37:34\",\"name\":\"13-1\",\"extension\":\"jpg\"}','2023-11-08 01:37:34','2023-11-08 01:37:34'),(23,59,'product-files/13.jpg','{\"filename\":\"13.jpg\",\"url\":\"product-files\\/13.jpg\",\"mime_type\":\"image\\/jpeg\",\"size\":9730,\"modified\":\"2023-11-08 08:37:34\",\"name\":\"13\",\"extension\":\"jpg\"}','2023-11-08 01:37:34','2023-11-08 01:37:34'),(24,59,'product-files/13-1.jpg','{\"filename\":\"13-1.jpg\",\"url\":\"product-files\\/13-1.jpg\",\"mime_type\":\"image\\/jpeg\",\"size\":9730,\"modified\":\"2023-11-08 08:37:34\",\"name\":\"13-1\",\"extension\":\"jpg\"}','2023-11-08 01:37:34','2023-11-08 01:37:34'),(25,60,'product-files/13.jpg','{\"filename\":\"13.jpg\",\"url\":\"product-files\\/13.jpg\",\"mime_type\":\"image\\/jpeg\",\"size\":9730,\"modified\":\"2023-11-08 08:37:34\",\"name\":\"13\",\"extension\":\"jpg\"}','2023-11-08 01:37:34','2023-11-08 01:37:34'),(26,60,'product-files/13-1.jpg','{\"filename\":\"13-1.jpg\",\"url\":\"product-files\\/13-1.jpg\",\"mime_type\":\"image\\/jpeg\",\"size\":9730,\"modified\":\"2023-11-08 08:37:34\",\"name\":\"13-1\",\"extension\":\"jpg\"}','2023-11-08 01:37:34','2023-11-08 01:37:34'),(27,66,'product-files/17.jpg','{\"filename\":\"17.jpg\",\"url\":\"product-files\\/17.jpg\",\"mime_type\":\"image\\/jpeg\",\"size\":9730,\"modified\":\"2023-11-08 08:37:34\",\"name\":\"17\",\"extension\":\"jpg\"}','2023-11-08 01:37:34','2023-11-08 01:37:34'),(28,66,'product-files/17-1.jpg','{\"filename\":\"17-1.jpg\",\"url\":\"product-files\\/17-1.jpg\",\"mime_type\":\"image\\/jpeg\",\"size\":9730,\"modified\":\"2023-11-08 08:37:34\",\"name\":\"17-1\",\"extension\":\"jpg\"}','2023-11-08 01:37:34','2023-11-08 01:37:34'),(29,67,'product-files/17.jpg','{\"filename\":\"17.jpg\",\"url\":\"product-files\\/17.jpg\",\"mime_type\":\"image\\/jpeg\",\"size\":9730,\"modified\":\"2023-11-08 08:37:34\",\"name\":\"17\",\"extension\":\"jpg\"}','2023-11-08 01:37:34','2023-11-08 01:37:34'),(30,67,'product-files/17-1.jpg','{\"filename\":\"17-1.jpg\",\"url\":\"product-files\\/17-1.jpg\",\"mime_type\":\"image\\/jpeg\",\"size\":9730,\"modified\":\"2023-11-08 08:37:34\",\"name\":\"17-1\",\"extension\":\"jpg\"}','2023-11-08 01:37:34','2023-11-08 01:37:34'),(31,68,'product-files/17.jpg','{\"filename\":\"17.jpg\",\"url\":\"product-files\\/17.jpg\",\"mime_type\":\"image\\/jpeg\",\"size\":9730,\"modified\":\"2023-11-08 08:37:34\",\"name\":\"17\",\"extension\":\"jpg\"}','2023-11-08 01:37:34','2023-11-08 01:37:34'),(32,68,'product-files/17-1.jpg','{\"filename\":\"17-1.jpg\",\"url\":\"product-files\\/17-1.jpg\",\"mime_type\":\"image\\/jpeg\",\"size\":9730,\"modified\":\"2023-11-08 08:37:34\",\"name\":\"17-1\",\"extension\":\"jpg\"}','2023-11-08 01:37:34','2023-11-08 01:37:34'),(33,69,'product-files/17.jpg','{\"filename\":\"17.jpg\",\"url\":\"product-files\\/17.jpg\",\"mime_type\":\"image\\/jpeg\",\"size\":9730,\"modified\":\"2023-11-08 08:37:34\",\"name\":\"17\",\"extension\":\"jpg\"}','2023-11-08 01:37:34','2023-11-08 01:37:34'),(34,69,'product-files/17-1.jpg','{\"filename\":\"17-1.jpg\",\"url\":\"product-files\\/17-1.jpg\",\"mime_type\":\"image\\/jpeg\",\"size\":9730,\"modified\":\"2023-11-08 08:37:34\",\"name\":\"17-1\",\"extension\":\"jpg\"}','2023-11-08 01:37:34','2023-11-08 01:37:34'),(35,80,'product-files/21.jpg','{\"filename\":\"21.jpg\",\"url\":\"product-files\\/21.jpg\",\"mime_type\":\"image\\/jpeg\",\"size\":9730,\"modified\":\"2023-11-08 08:37:34\",\"name\":\"21\",\"extension\":\"jpg\"}','2023-11-08 01:37:34','2023-11-08 01:37:34'),(36,80,'product-files/21-1.jpg','{\"filename\":\"21-1.jpg\",\"url\":\"product-files\\/21-1.jpg\",\"mime_type\":\"image\\/jpeg\",\"size\":9730,\"modified\":\"2023-11-08 08:37:34\",\"name\":\"21-1\",\"extension\":\"jpg\"}','2023-11-08 01:37:34','2023-11-08 01:37:34'),(37,81,'product-files/21.jpg','{\"filename\":\"21.jpg\",\"url\":\"product-files\\/21.jpg\",\"mime_type\":\"image\\/jpeg\",\"size\":9730,\"modified\":\"2023-11-08 08:37:34\",\"name\":\"21\",\"extension\":\"jpg\"}','2023-11-08 01:37:34','2023-11-08 01:37:34'),(38,81,'product-files/21-1.jpg','{\"filename\":\"21-1.jpg\",\"url\":\"product-files\\/21-1.jpg\",\"mime_type\":\"image\\/jpeg\",\"size\":9730,\"modified\":\"2023-11-08 08:37:34\",\"name\":\"21-1\",\"extension\":\"jpg\"}','2023-11-08 01:37:34','2023-11-08 01:37:34'),(39,82,'product-files/21.jpg','{\"filename\":\"21.jpg\",\"url\":\"product-files\\/21.jpg\",\"mime_type\":\"image\\/jpeg\",\"size\":9730,\"modified\":\"2023-11-08 08:37:34\",\"name\":\"21\",\"extension\":\"jpg\"}','2023-11-08 01:37:34','2023-11-08 01:37:34'),(40,82,'product-files/21-1.jpg','{\"filename\":\"21-1.jpg\",\"url\":\"product-files\\/21-1.jpg\",\"mime_type\":\"image\\/jpeg\",\"size\":9730,\"modified\":\"2023-11-08 08:37:34\",\"name\":\"21-1\",\"extension\":\"jpg\"}','2023-11-08 01:37:34','2023-11-08 01:37:34');
/*!40000 ALTER TABLE `ec_product_files` ENABLE KEYS */;
UNLOCK TABLES;

--
-- Table structure for table `ec_product_label_products`
--

DROP TABLE IF EXISTS `ec_product_label_products`;
/*!40101 SET @saved_cs_client     = @@character_set_client */;
/*!50503 SET character_set_client = utf8mb4 */;
CREATE TABLE `ec_product_label_products` (
  `product_label_id` bigint unsigned NOT NULL,
  `product_id` bigint unsigned NOT NULL,
  PRIMARY KEY (`product_label_id`,`product_id`),
  KEY `ec_product_label_products_product_label_id_index` (`product_label_id`),
  KEY `ec_product_label_products_product_id_index` (`product_id`)
) ENGINE=InnoDB DEFAULT CHARSET=utf8mb4 COLLATE=utf8mb4_unicode_ci;
/*!40101 SET character_set_client = @saved_cs_client */;

--
-- Dumping data for table `ec_product_label_products`
--

LOCK TABLES `ec_product_label_products` WRITE;
/*!40000 ALTER TABLE `ec_product_label_products` DISABLE KEYS */;
INSERT INTO `ec_product_label_products` VALUES (2,7),(2,14),(3,21);
/*!40000 ALTER TABLE `ec_product_label_products` ENABLE KEYS */;
UNLOCK TABLES;

--
-- Table structure for table `ec_product_labels`
--

DROP TABLE IF EXISTS `ec_product_labels`;
/*!40101 SET @saved_cs_client     = @@character_set_client */;
/*!50503 SET character_set_client = utf8mb4 */;
CREATE TABLE `ec_product_labels` (
  `id` bigint unsigned NOT NULL AUTO_INCREMENT,
  `name` varchar(255) COLLATE utf8mb4_unicode_ci NOT NULL,
  `color` varchar(120) COLLATE utf8mb4_unicode_ci DEFAULT NULL,
  `status` varchar(60) COLLATE utf8mb4_unicode_ci NOT NULL DEFAULT 'published',
  `created_at` timestamp NULL DEFAULT NULL,
  `updated_at` timestamp NULL DEFAULT NULL,
  PRIMARY KEY (`id`)
) ENGINE=InnoDB AUTO_INCREMENT=4 DEFAULT CHARSET=utf8mb4 COLLATE=utf8mb4_unicode_ci;
/*!40101 SET character_set_client = @saved_cs_client */;

--
-- Dumping data for table `ec_product_labels`
--

LOCK TABLES `ec_product_labels` WRITE;
/*!40000 ALTER TABLE `ec_product_labels` DISABLE KEYS */;
INSERT INTO `ec_product_labels` VALUES (1,'Hot','#ec2434','published','2023-11-08 01:37:28','2023-11-08 01:37:28'),(2,'New','#00c9a7','published','2023-11-08 01:37:28','2023-11-08 01:37:28'),(3,'Sale','#fe9931','published','2023-11-08 01:37:28','2023-11-08 01:37:28');
/*!40000 ALTER TABLE `ec_product_labels` ENABLE KEYS */;
UNLOCK TABLES;

--
-- Table structure for table `ec_product_labels_translations`
--

DROP TABLE IF EXISTS `ec_product_labels_translations`;
/*!40101 SET @saved_cs_client     = @@character_set_client */;
/*!50503 SET character_set_client = utf8mb4 */;
CREATE TABLE `ec_product_labels_translations` (
  `lang_code` varchar(191) COLLATE utf8mb4_unicode_ci NOT NULL,
  `ec_product_labels_id` bigint unsigned NOT NULL,
  `name` varchar(191) COLLATE utf8mb4_unicode_ci DEFAULT NULL,
  `description` varchar(191) COLLATE utf8mb4_unicode_ci DEFAULT NULL,
  PRIMARY KEY (`lang_code`,`ec_product_labels_id`)
) ENGINE=InnoDB DEFAULT CHARSET=utf8mb4 COLLATE=utf8mb4_unicode_ci;
/*!40101 SET character_set_client = @saved_cs_client */;

--
-- Dumping data for table `ec_product_labels_translations`
--

LOCK TABLES `ec_product_labels_translations` WRITE;
/*!40000 ALTER TABLE `ec_product_labels_translations` DISABLE KEYS */;
/*!40000 ALTER TABLE `ec_product_labels_translations` ENABLE KEYS */;
UNLOCK TABLES;

--
-- Table structure for table `ec_product_related_relations`
--

DROP TABLE IF EXISTS `ec_product_related_relations`;
/*!40101 SET @saved_cs_client     = @@character_set_client */;
/*!50503 SET character_set_client = utf8mb4 */;
CREATE TABLE `ec_product_related_relations` (
  `from_product_id` bigint unsigned NOT NULL,
  `to_product_id` bigint unsigned NOT NULL,
  PRIMARY KEY (`from_product_id`,`to_product_id`),
  KEY `ec_product_related_relations_from_product_id_index` (`from_product_id`),
  KEY `ec_product_related_relations_to_product_id_index` (`to_product_id`)
) ENGINE=InnoDB DEFAULT CHARSET=utf8mb4 COLLATE=utf8mb4_unicode_ci;
/*!40101 SET character_set_client = @saved_cs_client */;

--
-- Dumping data for table `ec_product_related_relations`
--

LOCK TABLES `ec_product_related_relations` WRITE;
/*!40000 ALTER TABLE `ec_product_related_relations` DISABLE KEYS */;
/*!40000 ALTER TABLE `ec_product_related_relations` ENABLE KEYS */;
UNLOCK TABLES;

--
-- Table structure for table `ec_product_tag_product`
--

DROP TABLE IF EXISTS `ec_product_tag_product`;
/*!40101 SET @saved_cs_client     = @@character_set_client */;
/*!50503 SET character_set_client = utf8mb4 */;
CREATE TABLE `ec_product_tag_product` (
  `product_id` bigint unsigned NOT NULL,
  `tag_id` bigint unsigned NOT NULL,
  PRIMARY KEY (`product_id`,`tag_id`),
  KEY `ec_product_tag_product_product_id_index` (`product_id`),
  KEY `ec_product_tag_product_tag_id_index` (`tag_id`)
) ENGINE=InnoDB DEFAULT CHARSET=utf8mb4 COLLATE=utf8mb4_unicode_ci;
/*!40101 SET character_set_client = @saved_cs_client */;

--
-- Dumping data for table `ec_product_tag_product`
--

LOCK TABLES `ec_product_tag_product` WRITE;
/*!40000 ALTER TABLE `ec_product_tag_product` DISABLE KEYS */;
INSERT INTO `ec_product_tag_product` VALUES (1,1),(1,2),(1,4),(2,1),(2,2),(2,5),(3,1),(3,2),(3,6),(4,1),(4,4),(5,1),(5,2),(5,4),(6,3),(6,4),(6,6),(7,4),(8,1),(8,3),(8,6),(9,1),(10,3),(10,4),(10,5),(11,1),(11,5),(12,3),(12,4),(12,5),(13,4),(13,6),(14,3),(14,4),(14,5),(15,2),(15,5),(16,2),(16,4),(16,5),(17,2),(17,5),(17,6),(18,1),(18,3),(18,4),(19,1),(19,4),(19,5),(20,1),(20,6),(21,1),(21,3),(21,4),(22,5),(22,6),(23,1),(23,3),(23,5),(24,1),(24,4),(24,5);
/*!40000 ALTER TABLE `ec_product_tag_product` ENABLE KEYS */;
UNLOCK TABLES;

--
-- Table structure for table `ec_product_tags`
--

DROP TABLE IF EXISTS `ec_product_tags`;
/*!40101 SET @saved_cs_client     = @@character_set_client */;
/*!50503 SET character_set_client = utf8mb4 */;
CREATE TABLE `ec_product_tags` (
  `id` bigint unsigned NOT NULL AUTO_INCREMENT,
  `name` varchar(120) COLLATE utf8mb4_unicode_ci NOT NULL,
  `description` varchar(400) COLLATE utf8mb4_unicode_ci DEFAULT NULL,
  `status` varchar(60) COLLATE utf8mb4_unicode_ci NOT NULL DEFAULT 'published',
  `created_at` timestamp NULL DEFAULT NULL,
  `updated_at` timestamp NULL DEFAULT NULL,
  PRIMARY KEY (`id`)
) ENGINE=InnoDB AUTO_INCREMENT=6 DEFAULT CHARSET=utf8mb4 COLLATE=utf8mb4_unicode_ci;
/*!40101 SET character_set_client = @saved_cs_client */;

--
-- Dumping data for table `ec_product_tags`
--

LOCK TABLES `ec_product_tags` WRITE;
/*!40000 ALTER TABLE `ec_product_tags` DISABLE KEYS */;
INSERT INTO `ec_product_tags` VALUES (1,'Wallet',NULL,'published','2023-11-08 01:37:28','2023-11-08 01:37:28'),(2,'Bags',NULL,'published','2023-11-08 01:37:28','2023-11-08 01:37:28'),(3,'Shoes',NULL,'published','2023-11-08 01:37:28','2023-11-08 01:37:28'),(4,'Clothes',NULL,'published','2023-11-08 01:37:28','2023-11-08 01:37:28'),(5,'Hand bag',NULL,'published','2023-11-08 01:37:28','2023-11-08 01:37:28');
/*!40000 ALTER TABLE `ec_product_tags` ENABLE KEYS */;
UNLOCK TABLES;

--
-- Table structure for table `ec_product_tags_translations`
--

DROP TABLE IF EXISTS `ec_product_tags_translations`;
/*!40101 SET @saved_cs_client     = @@character_set_client */;
/*!50503 SET character_set_client = utf8mb4 */;
CREATE TABLE `ec_product_tags_translations` (
  `lang_code` varchar(191) COLLATE utf8mb4_unicode_ci NOT NULL,
  `ec_product_tags_id` bigint unsigned NOT NULL,
  `name` varchar(191) COLLATE utf8mb4_unicode_ci DEFAULT NULL,
  PRIMARY KEY (`lang_code`,`ec_product_tags_id`)
) ENGINE=InnoDB DEFAULT CHARSET=utf8mb4 COLLATE=utf8mb4_unicode_ci;
/*!40101 SET character_set_client = @saved_cs_client */;

--
-- Dumping data for table `ec_product_tags_translations`
--

LOCK TABLES `ec_product_tags_translations` WRITE;
/*!40000 ALTER TABLE `ec_product_tags_translations` DISABLE KEYS */;
/*!40000 ALTER TABLE `ec_product_tags_translations` ENABLE KEYS */;
UNLOCK TABLES;

--
-- Table structure for table `ec_product_up_sale_relations`
--

DROP TABLE IF EXISTS `ec_product_up_sale_relations`;
/*!40101 SET @saved_cs_client     = @@character_set_client */;
/*!50503 SET character_set_client = utf8mb4 */;
CREATE TABLE `ec_product_up_sale_relations` (
  `from_product_id` bigint unsigned NOT NULL,
  `to_product_id` bigint unsigned NOT NULL,
  PRIMARY KEY (`from_product_id`,`to_product_id`),
  KEY `ec_product_up_sale_relations_from_product_id_index` (`from_product_id`),
  KEY `ec_product_up_sale_relations_to_product_id_index` (`to_product_id`)
) ENGINE=InnoDB DEFAULT CHARSET=utf8mb4 COLLATE=utf8mb4_unicode_ci;
/*!40101 SET character_set_client = @saved_cs_client */;

--
-- Dumping data for table `ec_product_up_sale_relations`
--

LOCK TABLES `ec_product_up_sale_relations` WRITE;
/*!40000 ALTER TABLE `ec_product_up_sale_relations` DISABLE KEYS */;
/*!40000 ALTER TABLE `ec_product_up_sale_relations` ENABLE KEYS */;
UNLOCK TABLES;

--
-- Table structure for table `ec_product_variation_items`
--

DROP TABLE IF EXISTS `ec_product_variation_items`;
/*!40101 SET @saved_cs_client     = @@character_set_client */;
/*!50503 SET character_set_client = utf8mb4 */;
CREATE TABLE `ec_product_variation_items` (
  `id` bigint unsigned NOT NULL AUTO_INCREMENT,
  `attribute_id` bigint unsigned NOT NULL,
  `variation_id` bigint unsigned NOT NULL,
  PRIMARY KEY (`id`),
  KEY `attribute_variation_index` (`attribute_id`,`variation_id`)
) ENGINE=InnoDB AUTO_INCREMENT=137 DEFAULT CHARSET=utf8mb4 COLLATE=utf8mb4_unicode_ci;
/*!40101 SET character_set_client = @saved_cs_client */;

--
-- Dumping data for table `ec_product_variation_items`
--

LOCK TABLES `ec_product_variation_items` WRITE;
/*!40000 ALTER TABLE `ec_product_variation_items` DISABLE KEYS */;
INSERT INTO `ec_product_variation_items` VALUES (1,1,1),(7,1,4),(9,1,5),(13,1,7),(21,1,11),(27,1,14),(57,1,29),(63,1,32),(73,1,37),(75,1,38),(85,1,43),(121,1,61),(125,1,63),(23,2,12),(25,2,13),(29,2,15),(35,2,18),(43,2,22),(47,2,24),(65,2,33),(69,2,35),(79,2,40),(99,2,50),(103,2,52),(111,2,56),(117,2,59),(127,2,64),(129,2,65),(133,2,67),(135,2,68),(5,3,3),(15,3,8),(33,3,17),(51,3,26),(59,3,30),(77,3,39),(87,3,44),(89,3,45),(95,3,48),(97,3,49),(107,3,54),(3,4,2),(19,4,10),(31,4,16),(39,4,20),(49,4,25),(55,4,28),(67,4,34),(81,4,41),(105,4,53),(115,4,58),(119,4,60),(11,5,6),(17,5,9),(37,5,19),(41,5,21),(45,5,23),(53,5,27),(61,5,31),(71,5,36),(83,5,42),(91,5,46),(93,5,47),(101,5,51),(109,5,55),(113,5,57),(123,5,62),(131,5,66),(6,6,3),(20,6,10),(44,6,22),(54,6,27),(58,6,29),(82,6,41),(88,6,44),(98,6,49),(106,6,53),(108,6,54),(112,6,56),(120,6,60),(126,6,63),(2,7,1),(10,7,5),(18,7,9),(24,7,12),(26,7,13),(42,7,21),(70,7,35),(102,7,51),(114,7,57),(116,7,58),(122,7,61),(4,8,2),(12,8,6),(16,8,8),(28,8,14),(32,8,16),(34,8,17),(38,8,19),(46,8,23),(56,8,28),(60,8,30),(78,8,39),(104,8,52),(118,8,59),(132,8,66),(14,9,7),(22,9,11),(40,9,20),(62,9,31),(64,9,32),(66,9,33),(68,9,34),(94,9,47),(96,9,48),(100,9,50),(134,9,67),(8,10,4),(30,10,15),(36,10,18),(48,10,24),(50,10,25),(52,10,26),(72,10,36),(74,10,37),(76,10,38),(80,10,40),(84,10,42),(86,10,43),(90,10,45),(92,10,46),(110,10,55),(124,10,62),(128,10,64),(130,10,65),(136,10,68);
/*!40000 ALTER TABLE `ec_product_variation_items` ENABLE KEYS */;
UNLOCK TABLES;

--
-- Table structure for table `ec_product_variations`
--

DROP TABLE IF EXISTS `ec_product_variations`;
/*!40101 SET @saved_cs_client     = @@character_set_client */;
/*!50503 SET character_set_client = utf8mb4 */;
CREATE TABLE `ec_product_variations` (
  `id` bigint unsigned NOT NULL AUTO_INCREMENT,
  `product_id` bigint unsigned DEFAULT NULL,
  `configurable_product_id` bigint unsigned NOT NULL,
  `is_default` tinyint NOT NULL DEFAULT '0',
  PRIMARY KEY (`id`),
  KEY `configurable_product_index` (`product_id`,`configurable_product_id`)
) ENGINE=InnoDB AUTO_INCREMENT=69 DEFAULT CHARSET=utf8mb4 COLLATE=utf8mb4_unicode_ci;
/*!40101 SET character_set_client = @saved_cs_client */;

--
-- Dumping data for table `ec_product_variations`
--

LOCK TABLES `ec_product_variations` WRITE;
/*!40000 ALTER TABLE `ec_product_variations` DISABLE KEYS */;
INSERT INTO `ec_product_variations` VALUES (1,25,1,1),(2,26,1,0),(3,27,1,0),(4,28,1,0),(5,29,2,1),(6,30,2,0),(7,31,2,0),(8,32,2,0),(9,33,3,1),(10,34,3,0),(11,35,3,0),(12,36,3,0),(13,37,4,1),(14,38,4,0),(15,39,4,0),(16,40,5,1),(17,41,5,0),(18,42,6,1),(19,43,7,1),(20,44,7,0),(21,45,7,0),(22,46,7,0),(23,47,8,1),(24,48,9,1),(25,49,9,0),(26,50,9,0),(27,51,10,1),(28,52,11,1),(29,53,11,0),(30,54,11,0),(31,55,11,0),(32,56,12,1),(33,57,13,1),(34,58,13,0),(35,59,13,0),(36,60,13,0),(37,61,14,1),(38,62,14,0),(39,63,15,1),(40,64,16,1),(41,65,16,0),(42,66,17,1),(43,67,17,0),(44,68,17,0),(45,69,17,0),(46,70,18,1),(47,71,18,0),(48,72,18,0),(49,73,18,0),(50,74,18,0),(51,75,19,1),(52,76,19,0),(53,77,20,1),(54,78,20,0),(55,79,20,0),(56,80,21,1),(57,81,21,0),(58,82,21,0),(59,83,22,1),(60,84,22,0),(61,85,22,0),(62,86,22,0),(63,87,23,1),(64,88,23,0),(65,89,24,1),(66,90,24,0),(67,91,24,0),(68,92,24,0);
/*!40000 ALTER TABLE `ec_product_variations` ENABLE KEYS */;
UNLOCK TABLES;

--
-- Table structure for table `ec_product_views`
--

DROP TABLE IF EXISTS `ec_product_views`;
/*!40101 SET @saved_cs_client     = @@character_set_client */;
/*!50503 SET character_set_client = utf8mb4 */;
CREATE TABLE `ec_product_views` (
  `id` bigint unsigned NOT NULL AUTO_INCREMENT,
  `product_id` bigint unsigned NOT NULL,
  `views` int NOT NULL DEFAULT '1',
  `date` date NOT NULL DEFAULT '2023-11-08',
  PRIMARY KEY (`id`),
  UNIQUE KEY `ec_product_views_product_id_date_unique` (`product_id`,`date`),
  KEY `ec_product_views_product_id_index` (`product_id`)
) ENGINE=InnoDB DEFAULT CHARSET=utf8mb4 COLLATE=utf8mb4_unicode_ci;
/*!40101 SET character_set_client = @saved_cs_client */;

--
-- Dumping data for table `ec_product_views`
--

LOCK TABLES `ec_product_views` WRITE;
/*!40000 ALTER TABLE `ec_product_views` DISABLE KEYS */;
/*!40000 ALTER TABLE `ec_product_views` ENABLE KEYS */;
UNLOCK TABLES;

--
-- Table structure for table `ec_product_with_attribute_set`
--

DROP TABLE IF EXISTS `ec_product_with_attribute_set`;
/*!40101 SET @saved_cs_client     = @@character_set_client */;
/*!50503 SET character_set_client = utf8mb4 */;
CREATE TABLE `ec_product_with_attribute_set` (
  `attribute_set_id` bigint unsigned NOT NULL,
  `product_id` bigint unsigned NOT NULL,
  `order` tinyint unsigned NOT NULL DEFAULT '0',
  PRIMARY KEY (`product_id`,`attribute_set_id`)
) ENGINE=InnoDB DEFAULT CHARSET=utf8mb4 COLLATE=utf8mb4_unicode_ci;
/*!40101 SET character_set_client = @saved_cs_client */;

--
-- Dumping data for table `ec_product_with_attribute_set`
--

LOCK TABLES `ec_product_with_attribute_set` WRITE;
/*!40000 ALTER TABLE `ec_product_with_attribute_set` DISABLE KEYS */;
INSERT INTO `ec_product_with_attribute_set` VALUES (1,1,0),(2,1,0),(1,2,0),(2,2,0),(1,3,0),(2,3,0),(1,4,0),(2,4,0),(1,5,0),(2,5,0),(1,6,0),(2,6,0),(1,7,0),(2,7,0),(1,8,0),(2,8,0),(1,9,0),(2,9,0),(1,10,0),(2,10,0),(1,11,0),(2,11,0),(1,12,0),(2,12,0),(1,13,0),(2,13,0),(1,14,0),(2,14,0),(1,15,0),(2,15,0),(1,16,0),(2,16,0),(1,17,0),(2,17,0),(1,18,0),(2,18,0),(1,19,0),(2,19,0),(1,20,0),(2,20,0),(1,21,0),(2,21,0),(1,22,0),(2,22,0),(1,23,0),(2,23,0),(1,24,0),(2,24,0);
/*!40000 ALTER TABLE `ec_product_with_attribute_set` ENABLE KEYS */;
UNLOCK TABLES;

--
-- Table structure for table `ec_products`
--

DROP TABLE IF EXISTS `ec_products`;
/*!40101 SET @saved_cs_client     = @@character_set_client */;
/*!50503 SET character_set_client = utf8mb4 */;
CREATE TABLE `ec_products` (
  `id` bigint unsigned NOT NULL AUTO_INCREMENT,
  `name` varchar(191) COLLATE utf8mb4_unicode_ci NOT NULL,
  `description` text COLLATE utf8mb4_unicode_ci,
  `content` longtext COLLATE utf8mb4_unicode_ci,
  `status` varchar(60) COLLATE utf8mb4_unicode_ci NOT NULL DEFAULT 'published',
  `images` text COLLATE utf8mb4_unicode_ci,
  `sku` varchar(191) COLLATE utf8mb4_unicode_ci DEFAULT NULL,
  `order` int unsigned NOT NULL DEFAULT '0',
  `quantity` int unsigned DEFAULT NULL,
  `allow_checkout_when_out_of_stock` tinyint unsigned NOT NULL DEFAULT '0',
  `with_storehouse_management` tinyint unsigned NOT NULL DEFAULT '0',
  `is_featured` tinyint unsigned NOT NULL DEFAULT '0',
  `brand_id` bigint unsigned DEFAULT NULL,
  `is_variation` tinyint NOT NULL DEFAULT '0',
  `sale_type` tinyint NOT NULL DEFAULT '0',
  `price` double unsigned DEFAULT NULL,
  `sale_price` double unsigned DEFAULT NULL,
  `start_date` timestamp NULL DEFAULT NULL,
  `end_date` timestamp NULL DEFAULT NULL,
  `length` double(8,2) DEFAULT NULL,
  `wide` double(8,2) DEFAULT NULL,
  `height` double(8,2) DEFAULT NULL,
  `weight` double(8,2) DEFAULT NULL,
  `tax_id` bigint unsigned DEFAULT NULL,
  `views` bigint NOT NULL DEFAULT '0',
  `created_at` timestamp NULL DEFAULT NULL,
  `updated_at` timestamp NULL DEFAULT NULL,
  `stock_status` varchar(191) COLLATE utf8mb4_unicode_ci DEFAULT 'in_stock',
  `created_by_id` bigint unsigned DEFAULT '0',
  `created_by_type` varchar(255) COLLATE utf8mb4_unicode_ci NOT NULL DEFAULT 'Botble\\ACL\\Models\\User',
  `image` varchar(255) COLLATE utf8mb4_unicode_ci DEFAULT NULL,
  `product_type` varchar(60) COLLATE utf8mb4_unicode_ci DEFAULT 'physical',
  `barcode` varchar(50) CHARACTER SET utf8mb4 COLLATE utf8mb4_unicode_ci DEFAULT NULL,
  `cost_per_item` double DEFAULT NULL,
  `generate_license_code` tinyint(1) NOT NULL DEFAULT '0',
  `store_id` bigint unsigned DEFAULT NULL,
  `approved_by` bigint unsigned DEFAULT '0',
  PRIMARY KEY (`id`),
  KEY `ec_products_brand_id_status_is_variation_created_at_index` (`brand_id`,`status`,`is_variation`,`created_at`),
  KEY `sale_type_index` (`sale_type`),
  KEY `start_date_index` (`start_date`),
  KEY `end_date_index` (`end_date`),
  KEY `sale_price_index` (`sale_price`),
  KEY `is_variation_index` (`is_variation`),
  KEY `ec_products_sku_index` (`sku`)
) ENGINE=InnoDB AUTO_INCREMENT=93 DEFAULT CHARSET=utf8mb4 COLLATE=utf8mb4_unicode_ci;
/*!40101 SET character_set_client = @saved_cs_client */;

--
-- Dumping data for table `ec_products`
--

LOCK TABLES `ec_products` WRITE;
/*!40000 ALTER TABLE `ec_products` DISABLE KEYS */;
INSERT INTO `ec_products` VALUES (1,'Seeds of Change Organic Quinoe (Digital)','<p>Short Hooded Coat features a straight body, large pockets with button flaps, ventilation air holes, and a string\n    detail along the hemline.</p>\n<p><img src=\"/storage/general/clock.png\" alt=\"icon\" style=\"height:15px;\">  1 Year AL Jazeera Brand Warranty\n</p>\n<p><img src=\"/storage/general/paper-plane.png\" alt=\"icon\" style=\"height:15px;\">   30 Day Return Policy</p>\n<p><img src=\"/storage/general/credit-card.png\" alt=\"icon\" style=\"height:15px;\">  Cash on Delivery available\n</p>\n','<p>Short Hooded Coat features a straight body, large pockets with button flaps, ventilation air holes, and a string\n    detail along the hemline. The style is completed with a drawstring hood, featuring Rains’ signature built-in\n    cap. Made from waterproof, matte PU, this lightweight unisex rain jacket is an ode to nostalgia through its classic\n    silhouette and utilitarian design details.</p>\n<p>- Casual unisex fit</p>\n\n<p>- 64% polyester, 36% polyurethane</p>\n\n<p>- Water column pressure: 4000 mm</p>\n\n<p>- Model is 187cm tall and wearing a size S / M</p>\n\n<p>- Unisex fit</p>\n\n<p>- Drawstring hood with built-in cap</p>\n\n<p>- Front placket with snap buttons</p>\n\n<p>- Ventilation under armpit</p>\n\n<p>- Adjustable cuffs</p>\n\n<p>- Double welted front pockets</p>\n\n<p>- Adjustable elastic string at hempen</p>\n\n<p>- Ultrasonically welded seams</p>\n\n<p>This is a unisex item, please check our clothing &amp; footwear sizing guide for specific Rains jacket sizing\n    information. RAINS comes from the rainy nation of Denmark at the edge of the European continent, close to the ocean\n    and with prevailing westerly winds; all factors that contribute to an average of 121 rain days each year. Arising\n    from these rainy weather conditions comes the attitude that a quick rain shower may be beautiful, as well as moody-\n    but first and foremost requires the right outfit. Rains focus on the whole experience of going outside on rainy\n    days, issuing an invitation to explore even in the most mercurial weather.</p>\n','published','[\"products\\/1.jpg\",\"products\\/1-1.jpg\"]','HS-191-A0',0,18,0,1,1,6,0,0,404,NULL,NULL,NULL,20.00,11.00,14.00,581.00,NULL,124872,'2023-11-08 01:37:32','2023-11-08 01:37:48','in_stock',0,'Botble\\ACL\\Models\\User',NULL,'digital',NULL,NULL,0,6,0),(2,'All Natural Italian-Style Chicken Meatballs','<p>Short Hooded Coat features a straight body, large pockets with button flaps, ventilation air holes, and a string\n    detail along the hemline.</p>\n<p><img src=\"/storage/general/clock.png\" alt=\"icon\" style=\"height:15px;\">  1 Year AL Jazeera Brand Warranty\n</p>\n<p><img src=\"/storage/general/paper-plane.png\" alt=\"icon\" style=\"height:15px;\">   30 Day Return Policy</p>\n<p><img src=\"/storage/general/credit-card.png\" alt=\"icon\" style=\"height:15px;\">  Cash on Delivery available\n</p>\n','<p>Short Hooded Coat features a straight body, large pockets with button flaps, ventilation air holes, and a string\n    detail along the hemline. The style is completed with a drawstring hood, featuring Rains’ signature built-in\n    cap. Made from waterproof, matte PU, this lightweight unisex rain jacket is an ode to nostalgia through its classic\n    silhouette and utilitarian design details.</p>\n<p>- Casual unisex fit</p>\n\n<p>- 64% polyester, 36% polyurethane</p>\n\n<p>- Water column pressure: 4000 mm</p>\n\n<p>- Model is 187cm tall and wearing a size S / M</p>\n\n<p>- Unisex fit</p>\n\n<p>- Drawstring hood with built-in cap</p>\n\n<p>- Front placket with snap buttons</p>\n\n<p>- Ventilation under armpit</p>\n\n<p>- Adjustable cuffs</p>\n\n<p>- Double welted front pockets</p>\n\n<p>- Adjustable elastic string at hempen</p>\n\n<p>- Ultrasonically welded seams</p>\n\n<p>This is a unisex item, please check our clothing &amp; footwear sizing guide for specific Rains jacket sizing\n    information. RAINS comes from the rainy nation of Denmark at the edge of the European continent, close to the ocean\n    and with prevailing westerly winds; all factors that contribute to an average of 121 rain days each year. Arising\n    from these rainy weather conditions comes the attitude that a quick rain shower may be beautiful, as well as moody-\n    but first and foremost requires the right outfit. Rains focus on the whole experience of going outside on rainy\n    days, issuing an invitation to explore even in the most mercurial weather.</p>\n','published','[\"products\\/2.jpg\",\"products\\/2-1.jpg\"]','HS-123-A0',0,12,0,1,1,5,0,0,381,NULL,NULL,NULL,11.00,19.00,10.00,577.00,NULL,71070,'2023-11-08 01:37:32','2023-11-08 01:37:48','in_stock',0,'Botble\\ACL\\Models\\User',NULL,'physical',NULL,NULL,0,5,0),(3,'Angie’s Boomchickapop Sweet &amp; Salty Kettle Corn','<p>Short Hooded Coat features a straight body, large pockets with button flaps, ventilation air holes, and a string\n    detail along the hemline.</p>\n<p><img src=\"/storage/general/clock.png\" alt=\"icon\" style=\"height:15px;\">  1 Year AL Jazeera Brand Warranty\n</p>\n<p><img src=\"/storage/general/paper-plane.png\" alt=\"icon\" style=\"height:15px;\">   30 Day Return Policy</p>\n<p><img src=\"/storage/general/credit-card.png\" alt=\"icon\" style=\"height:15px;\">  Cash on Delivery available\n</p>\n','<p>Short Hooded Coat features a straight body, large pockets with button flaps, ventilation air holes, and a string\n    detail along the hemline. The style is completed with a drawstring hood, featuring Rains’ signature built-in\n    cap. Made from waterproof, matte PU, this lightweight unisex rain jacket is an ode to nostalgia through its classic\n    silhouette and utilitarian design details.</p>\n<p>- Casual unisex fit</p>\n\n<p>- 64% polyester, 36% polyurethane</p>\n\n<p>- Water column pressure: 4000 mm</p>\n\n<p>- Model is 187cm tall and wearing a size S / M</p>\n\n<p>- Unisex fit</p>\n\n<p>- Drawstring hood with built-in cap</p>\n\n<p>- Front placket with snap buttons</p>\n\n<p>- Ventilation under armpit</p>\n\n<p>- Adjustable cuffs</p>\n\n<p>- Double welted front pockets</p>\n\n<p>- Adjustable elastic string at hempen</p>\n\n<p>- Ultrasonically welded seams</p>\n\n<p>This is a unisex item, please check our clothing &amp; footwear sizing guide for specific Rains jacket sizing\n    information. RAINS comes from the rainy nation of Denmark at the edge of the European continent, close to the ocean\n    and with prevailing westerly winds; all factors that contribute to an average of 121 rain days each year. Arising\n    from these rainy weather conditions comes the attitude that a quick rain shower may be beautiful, as well as moody-\n    but first and foremost requires the right outfit. Rains focus on the whole experience of going outside on rainy\n    days, issuing an invitation to explore even in the most mercurial weather.</p>\n','published','[\"products\\/3.jpg\",\"products\\/3-1.jpg\"]','HS-156-A0',0,16,0,1,1,3,0,0,220,NULL,NULL,NULL,17.00,17.00,18.00,528.00,NULL,75729,'2023-11-08 01:37:32','2023-11-08 01:37:48','in_stock',0,'Botble\\ACL\\Models\\User',NULL,'physical',NULL,NULL,0,3,0),(4,'Foster Farms Takeout Crispy Classic','<p>Short Hooded Coat features a straight body, large pockets with button flaps, ventilation air holes, and a string\n    detail along the hemline.</p>\n<p><img src=\"/storage/general/clock.png\" alt=\"icon\" style=\"height:15px;\">  1 Year AL Jazeera Brand Warranty\n</p>\n<p><img src=\"/storage/general/paper-plane.png\" alt=\"icon\" style=\"height:15px;\">   30 Day Return Policy</p>\n<p><img src=\"/storage/general/credit-card.png\" alt=\"icon\" style=\"height:15px;\">  Cash on Delivery available\n</p>\n','<p>Short Hooded Coat features a straight body, large pockets with button flaps, ventilation air holes, and a string\n    detail along the hemline. The style is completed with a drawstring hood, featuring Rains’ signature built-in\n    cap. Made from waterproof, matte PU, this lightweight unisex rain jacket is an ode to nostalgia through its classic\n    silhouette and utilitarian design details.</p>\n<p>- Casual unisex fit</p>\n\n<p>- 64% polyester, 36% polyurethane</p>\n\n<p>- Water column pressure: 4000 mm</p>\n\n<p>- Model is 187cm tall and wearing a size S / M</p>\n\n<p>- Unisex fit</p>\n\n<p>- Drawstring hood with built-in cap</p>\n\n<p>- Front placket with snap buttons</p>\n\n<p>- Ventilation under armpit</p>\n\n<p>- Adjustable cuffs</p>\n\n<p>- Double welted front pockets</p>\n\n<p>- Adjustable elastic string at hempen</p>\n\n<p>- Ultrasonically welded seams</p>\n\n<p>This is a unisex item, please check our clothing &amp; footwear sizing guide for specific Rains jacket sizing\n    information. RAINS comes from the rainy nation of Denmark at the edge of the European continent, close to the ocean\n    and with prevailing westerly winds; all factors that contribute to an average of 121 rain days each year. Arising\n    from these rainy weather conditions comes the attitude that a quick rain shower may be beautiful, as well as moody-\n    but first and foremost requires the right outfit. Rains focus on the whole experience of going outside on rainy\n    days, issuing an invitation to explore even in the most mercurial weather.</p>\n','published','[\"products\\/4.jpg\",\"products\\/4-1.jpg\"]','HS-138-A0',0,14,0,1,1,3,0,0,86,71.38,NULL,NULL,16.00,10.00,20.00,864.00,NULL,171743,'2023-11-08 01:37:32','2023-11-08 01:37:48','in_stock',0,'Botble\\ACL\\Models\\User',NULL,'physical',NULL,NULL,0,2,0),(5,'Blue Diamond Almonds Lightly (Digital)','<p>Short Hooded Coat features a straight body, large pockets with button flaps, ventilation air holes, and a string\n    detail along the hemline.</p>\n<p><img src=\"/storage/general/clock.png\" alt=\"icon\" style=\"height:15px;\">  1 Year AL Jazeera Brand Warranty\n</p>\n<p><img src=\"/storage/general/paper-plane.png\" alt=\"icon\" style=\"height:15px;\">   30 Day Return Policy</p>\n<p><img src=\"/storage/general/credit-card.png\" alt=\"icon\" style=\"height:15px;\">  Cash on Delivery available\n</p>\n','<p>Short Hooded Coat features a straight body, large pockets with button flaps, ventilation air holes, and a string\n    detail along the hemline. The style is completed with a drawstring hood, featuring Rains’ signature built-in\n    cap. Made from waterproof, matte PU, this lightweight unisex rain jacket is an ode to nostalgia through its classic\n    silhouette and utilitarian design details.</p>\n<p>- Casual unisex fit</p>\n\n<p>- 64% polyester, 36% polyurethane</p>\n\n<p>- Water column pressure: 4000 mm</p>\n\n<p>- Model is 187cm tall and wearing a size S / M</p>\n\n<p>- Unisex fit</p>\n\n<p>- Drawstring hood with built-in cap</p>\n\n<p>- Front placket with snap buttons</p>\n\n<p>- Ventilation under armpit</p>\n\n<p>- Adjustable cuffs</p>\n\n<p>- Double welted front pockets</p>\n\n<p>- Adjustable elastic string at hempen</p>\n\n<p>- Ultrasonically welded seams</p>\n\n<p>This is a unisex item, please check our clothing &amp; footwear sizing guide for specific Rains jacket sizing\n    information. RAINS comes from the rainy nation of Denmark at the edge of the European continent, close to the ocean\n    and with prevailing westerly winds; all factors that contribute to an average of 121 rain days each year. Arising\n    from these rainy weather conditions comes the attitude that a quick rain shower may be beautiful, as well as moody-\n    but first and foremost requires the right outfit. Rains focus on the whole experience of going outside on rainy\n    days, issuing an invitation to explore even in the most mercurial weather.</p>\n','published','[\"products\\/5.jpg\",\"products\\/5-1.jpg\"]','HS-163-A0',0,12,0,1,1,5,0,0,43,NULL,NULL,NULL,15.00,10.00,13.00,578.00,NULL,56367,'2023-11-08 01:37:32','2023-11-08 01:37:48','in_stock',0,'Botble\\ACL\\Models\\User',NULL,'digital',NULL,NULL,0,6,0),(6,'Chobani Complete Vanilla Greek','<p>Short Hooded Coat features a straight body, large pockets with button flaps, ventilation air holes, and a string\n    detail along the hemline.</p>\n<p><img src=\"/storage/general/clock.png\" alt=\"icon\" style=\"height:15px;\">  1 Year AL Jazeera Brand Warranty\n</p>\n<p><img src=\"/storage/general/paper-plane.png\" alt=\"icon\" style=\"height:15px;\">   30 Day Return Policy</p>\n<p><img src=\"/storage/general/credit-card.png\" alt=\"icon\" style=\"height:15px;\">  Cash on Delivery available\n</p>\n','<p>Short Hooded Coat features a straight body, large pockets with button flaps, ventilation air holes, and a string\n    detail along the hemline. The style is completed with a drawstring hood, featuring Rains’ signature built-in\n    cap. Made from waterproof, matte PU, this lightweight unisex rain jacket is an ode to nostalgia through its classic\n    silhouette and utilitarian design details.</p>\n<p>- Casual unisex fit</p>\n\n<p>- 64% polyester, 36% polyurethane</p>\n\n<p>- Water column pressure: 4000 mm</p>\n\n<p>- Model is 187cm tall and wearing a size S / M</p>\n\n<p>- Unisex fit</p>\n\n<p>- Drawstring hood with built-in cap</p>\n\n<p>- Front placket with snap buttons</p>\n\n<p>- Ventilation under armpit</p>\n\n<p>- Adjustable cuffs</p>\n\n<p>- Double welted front pockets</p>\n\n<p>- Adjustable elastic string at hempen</p>\n\n<p>- Ultrasonically welded seams</p>\n\n<p>This is a unisex item, please check our clothing &amp; footwear sizing guide for specific Rains jacket sizing\n    information. RAINS comes from the rainy nation of Denmark at the edge of the European continent, close to the ocean\n    and with prevailing westerly winds; all factors that contribute to an average of 121 rain days each year. Arising\n    from these rainy weather conditions comes the attitude that a quick rain shower may be beautiful, as well as moody-\n    but first and foremost requires the right outfit. Rains focus on the whole experience of going outside on rainy\n    days, issuing an invitation to explore even in the most mercurial weather.</p>\n','published','[\"products\\/6.jpg\",\"products\\/6-1.jpg\"]','HS-134-A0',0,18,0,1,1,7,0,0,56,NULL,NULL,NULL,16.00,15.00,20.00,872.00,NULL,146015,'2023-11-08 01:37:32','2023-11-08 01:37:48','in_stock',0,'Botble\\ACL\\Models\\User',NULL,'physical',NULL,NULL,0,6,0),(7,'Canada Dry Ginger Ale – 2 L Bottle','<p>Short Hooded Coat features a straight body, large pockets with button flaps, ventilation air holes, and a string\n    detail along the hemline.</p>\n<p><img src=\"/storage/general/clock.png\" alt=\"icon\" style=\"height:15px;\">  1 Year AL Jazeera Brand Warranty\n</p>\n<p><img src=\"/storage/general/paper-plane.png\" alt=\"icon\" style=\"height:15px;\">   30 Day Return Policy</p>\n<p><img src=\"/storage/general/credit-card.png\" alt=\"icon\" style=\"height:15px;\">  Cash on Delivery available\n</p>\n','<p>Short Hooded Coat features a straight body, large pockets with button flaps, ventilation air holes, and a string\n    detail along the hemline. The style is completed with a drawstring hood, featuring Rains’ signature built-in\n    cap. Made from waterproof, matte PU, this lightweight unisex rain jacket is an ode to nostalgia through its classic\n    silhouette and utilitarian design details.</p>\n<p>- Casual unisex fit</p>\n\n<p>- 64% polyester, 36% polyurethane</p>\n\n<p>- Water column pressure: 4000 mm</p>\n\n<p>- Model is 187cm tall and wearing a size S / M</p>\n\n<p>- Unisex fit</p>\n\n<p>- Drawstring hood with built-in cap</p>\n\n<p>- Front placket with snap buttons</p>\n\n<p>- Ventilation under armpit</p>\n\n<p>- Adjustable cuffs</p>\n\n<p>- Double welted front pockets</p>\n\n<p>- Adjustable elastic string at hempen</p>\n\n<p>- Ultrasonically welded seams</p>\n\n<p>This is a unisex item, please check our clothing &amp; footwear sizing guide for specific Rains jacket sizing\n    information. RAINS comes from the rainy nation of Denmark at the edge of the European continent, close to the ocean\n    and with prevailing westerly winds; all factors that contribute to an average of 121 rain days each year. Arising\n    from these rainy weather conditions comes the attitude that a quick rain shower may be beautiful, as well as moody-\n    but first and foremost requires the right outfit. Rains focus on the whole experience of going outside on rainy\n    days, issuing an invitation to explore even in the most mercurial weather.</p>\n','published','[\"products\\/7.jpg\",\"products\\/7-1.jpg\"]','HS-118-A0',0,20,0,1,1,1,0,0,115,NULL,NULL,NULL,20.00,14.00,12.00,864.00,NULL,193547,'2023-11-08 01:37:32','2023-11-08 01:37:48','in_stock',0,'Botble\\ACL\\Models\\User',NULL,'physical',NULL,NULL,0,2,0),(8,'Encore Seafoods Stuffed Alaskan','<p>Short Hooded Coat features a straight body, large pockets with button flaps, ventilation air holes, and a string\n    detail along the hemline.</p>\n<p><img src=\"/storage/general/clock.png\" alt=\"icon\" style=\"height:15px;\">  1 Year AL Jazeera Brand Warranty\n</p>\n<p><img src=\"/storage/general/paper-plane.png\" alt=\"icon\" style=\"height:15px;\">   30 Day Return Policy</p>\n<p><img src=\"/storage/general/credit-card.png\" alt=\"icon\" style=\"height:15px;\">  Cash on Delivery available\n</p>\n','<p>Short Hooded Coat features a straight body, large pockets with button flaps, ventilation air holes, and a string\n    detail along the hemline. The style is completed with a drawstring hood, featuring Rains’ signature built-in\n    cap. Made from waterproof, matte PU, this lightweight unisex rain jacket is an ode to nostalgia through its classic\n    silhouette and utilitarian design details.</p>\n<p>- Casual unisex fit</p>\n\n<p>- 64% polyester, 36% polyurethane</p>\n\n<p>- Water column pressure: 4000 mm</p>\n\n<p>- Model is 187cm tall and wearing a size S / M</p>\n\n<p>- Unisex fit</p>\n\n<p>- Drawstring hood with built-in cap</p>\n\n<p>- Front placket with snap buttons</p>\n\n<p>- Ventilation under armpit</p>\n\n<p>- Adjustable cuffs</p>\n\n<p>- Double welted front pockets</p>\n\n<p>- Adjustable elastic string at hempen</p>\n\n<p>- Ultrasonically welded seams</p>\n\n<p>This is a unisex item, please check our clothing &amp; footwear sizing guide for specific Rains jacket sizing\n    information. RAINS comes from the rainy nation of Denmark at the edge of the European continent, close to the ocean\n    and with prevailing westerly winds; all factors that contribute to an average of 121 rain days each year. Arising\n    from these rainy weather conditions comes the attitude that a quick rain shower may be beautiful, as well as moody-\n    but first and foremost requires the right outfit. Rains focus on the whole experience of going outside on rainy\n    days, issuing an invitation to explore even in the most mercurial weather.</p>\n','published','[\"products\\/8.jpg\",\"products\\/8-1.jpg\"]','HS-107-A0',0,11,0,1,1,3,0,0,121,99.22,NULL,NULL,11.00,17.00,19.00,527.00,NULL,180370,'2023-11-08 01:37:32','2023-11-08 01:37:48','in_stock',0,'Botble\\ACL\\Models\\User',NULL,'physical',NULL,NULL,0,3,0),(9,'Gorton’s Beer Battered Fish Fillets (Digital)','<p>Short Hooded Coat features a straight body, large pockets with button flaps, ventilation air holes, and a string\n    detail along the hemline.</p>\n<p><img src=\"/storage/general/clock.png\" alt=\"icon\" style=\"height:15px;\">  1 Year AL Jazeera Brand Warranty\n</p>\n<p><img src=\"/storage/general/paper-plane.png\" alt=\"icon\" style=\"height:15px;\">   30 Day Return Policy</p>\n<p><img src=\"/storage/general/credit-card.png\" alt=\"icon\" style=\"height:15px;\">  Cash on Delivery available\n</p>\n','<p>Short Hooded Coat features a straight body, large pockets with button flaps, ventilation air holes, and a string\n    detail along the hemline. The style is completed with a drawstring hood, featuring Rains’ signature built-in\n    cap. Made from waterproof, matte PU, this lightweight unisex rain jacket is an ode to nostalgia through its classic\n    silhouette and utilitarian design details.</p>\n<p>- Casual unisex fit</p>\n\n<p>- 64% polyester, 36% polyurethane</p>\n\n<p>- Water column pressure: 4000 mm</p>\n\n<p>- Model is 187cm tall and wearing a size S / M</p>\n\n<p>- Unisex fit</p>\n\n<p>- Drawstring hood with built-in cap</p>\n\n<p>- Front placket with snap buttons</p>\n\n<p>- Ventilation under armpit</p>\n\n<p>- Adjustable cuffs</p>\n\n<p>- Double welted front pockets</p>\n\n<p>- Adjustable elastic string at hempen</p>\n\n<p>- Ultrasonically welded seams</p>\n\n<p>This is a unisex item, please check our clothing &amp; footwear sizing guide for specific Rains jacket sizing\n    information. RAINS comes from the rainy nation of Denmark at the edge of the European continent, close to the ocean\n    and with prevailing westerly winds; all factors that contribute to an average of 121 rain days each year. Arising\n    from these rainy weather conditions comes the attitude that a quick rain shower may be beautiful, as well as moody-\n    but first and foremost requires the right outfit. Rains focus on the whole experience of going outside on rainy\n    days, issuing an invitation to explore even in the most mercurial weather.</p>\n','published','[\"products\\/9.jpg\",\"products\\/9-1.jpg\"]','HS-141-A0',0,10,0,1,1,4,0,0,128,NULL,NULL,NULL,14.00,15.00,14.00,657.00,NULL,4702,'2023-11-08 01:37:32','2023-11-08 01:37:48','in_stock',0,'Botble\\ACL\\Models\\User',NULL,'digital',NULL,NULL,0,3,0),(10,'Haagen-Dazs Caramel Cone Ice Cream','<p>Short Hooded Coat features a straight body, large pockets with button flaps, ventilation air holes, and a string\n    detail along the hemline.</p>\n<p><img src=\"/storage/general/clock.png\" alt=\"icon\" style=\"height:15px;\">  1 Year AL Jazeera Brand Warranty\n</p>\n<p><img src=\"/storage/general/paper-plane.png\" alt=\"icon\" style=\"height:15px;\">   30 Day Return Policy</p>\n<p><img src=\"/storage/general/credit-card.png\" alt=\"icon\" style=\"height:15px;\">  Cash on Delivery available\n</p>\n','<p>Short Hooded Coat features a straight body, large pockets with button flaps, ventilation air holes, and a string\n    detail along the hemline. The style is completed with a drawstring hood, featuring Rains’ signature built-in\n    cap. Made from waterproof, matte PU, this lightweight unisex rain jacket is an ode to nostalgia through its classic\n    silhouette and utilitarian design details.</p>\n<p>- Casual unisex fit</p>\n\n<p>- 64% polyester, 36% polyurethane</p>\n\n<p>- Water column pressure: 4000 mm</p>\n\n<p>- Model is 187cm tall and wearing a size S / M</p>\n\n<p>- Unisex fit</p>\n\n<p>- Drawstring hood with built-in cap</p>\n\n<p>- Front placket with snap buttons</p>\n\n<p>- Ventilation under armpit</p>\n\n<p>- Adjustable cuffs</p>\n\n<p>- Double welted front pockets</p>\n\n<p>- Adjustable elastic string at hempen</p>\n\n<p>- Ultrasonically welded seams</p>\n\n<p>This is a unisex item, please check our clothing &amp; footwear sizing guide for specific Rains jacket sizing\n    information. RAINS comes from the rainy nation of Denmark at the edge of the European continent, close to the ocean\n    and with prevailing westerly winds; all factors that contribute to an average of 121 rain days each year. Arising\n    from these rainy weather conditions comes the attitude that a quick rain shower may be beautiful, as well as moody-\n    but first and foremost requires the right outfit. Rains focus on the whole experience of going outside on rainy\n    days, issuing an invitation to explore even in the most mercurial weather.</p>\n','published','[\"products\\/10.jpg\",\"products\\/10-1.jpg\"]','HS-192-A0',0,16,0,1,1,1,0,0,482,NULL,NULL,NULL,15.00,19.00,18.00,699.00,NULL,51782,'2023-11-08 01:37:32','2023-11-08 01:37:48','in_stock',0,'Botble\\ACL\\Models\\User',NULL,'physical',NULL,NULL,0,6,0),(11,'Nestle Original Coffee-Mate Coffee Creamer','<p>Short Hooded Coat features a straight body, large pockets with button flaps, ventilation air holes, and a string\n    detail along the hemline.</p>\n<p><img src=\"/storage/general/clock.png\" alt=\"icon\" style=\"height:15px;\">  1 Year AL Jazeera Brand Warranty\n</p>\n<p><img src=\"/storage/general/paper-plane.png\" alt=\"icon\" style=\"height:15px;\">   30 Day Return Policy</p>\n<p><img src=\"/storage/general/credit-card.png\" alt=\"icon\" style=\"height:15px;\">  Cash on Delivery available\n</p>\n','<p>Short Hooded Coat features a straight body, large pockets with button flaps, ventilation air holes, and a string\n    detail along the hemline. The style is completed with a drawstring hood, featuring Rains’ signature built-in\n    cap. Made from waterproof, matte PU, this lightweight unisex rain jacket is an ode to nostalgia through its classic\n    silhouette and utilitarian design details.</p>\n<p>- Casual unisex fit</p>\n\n<p>- 64% polyester, 36% polyurethane</p>\n\n<p>- Water column pressure: 4000 mm</p>\n\n<p>- Model is 187cm tall and wearing a size S / M</p>\n\n<p>- Unisex fit</p>\n\n<p>- Drawstring hood with built-in cap</p>\n\n<p>- Front placket with snap buttons</p>\n\n<p>- Ventilation under armpit</p>\n\n<p>- Adjustable cuffs</p>\n\n<p>- Double welted front pockets</p>\n\n<p>- Adjustable elastic string at hempen</p>\n\n<p>- Ultrasonically welded seams</p>\n\n<p>This is a unisex item, please check our clothing &amp; footwear sizing guide for specific Rains jacket sizing\n    information. RAINS comes from the rainy nation of Denmark at the edge of the European continent, close to the ocean\n    and with prevailing westerly winds; all factors that contribute to an average of 121 rain days each year. Arising\n    from these rainy weather conditions comes the attitude that a quick rain shower may be beautiful, as well as moody-\n    but first and foremost requires the right outfit. Rains focus on the whole experience of going outside on rainy\n    days, issuing an invitation to explore even in the most mercurial weather.</p>\n','published','[\"products\\/11.jpg\",\"products\\/11-1.jpg\"]','HS-110-A0',0,13,0,1,1,5,0,0,129,NULL,NULL,NULL,18.00,18.00,10.00,572.00,NULL,95125,'2023-11-08 01:37:32','2023-11-08 01:37:48','in_stock',0,'Botble\\ACL\\Models\\User',NULL,'physical',NULL,NULL,0,4,0),(12,'Naturally Flavored Cinnamon Vanilla Light Roast Coffee','<p>Short Hooded Coat features a straight body, large pockets with button flaps, ventilation air holes, and a string\n    detail along the hemline.</p>\n<p><img src=\"/storage/general/clock.png\" alt=\"icon\" style=\"height:15px;\">  1 Year AL Jazeera Brand Warranty\n</p>\n<p><img src=\"/storage/general/paper-plane.png\" alt=\"icon\" style=\"height:15px;\">   30 Day Return Policy</p>\n<p><img src=\"/storage/general/credit-card.png\" alt=\"icon\" style=\"height:15px;\">  Cash on Delivery available\n</p>\n','<p>Short Hooded Coat features a straight body, large pockets with button flaps, ventilation air holes, and a string\n    detail along the hemline. The style is completed with a drawstring hood, featuring Rains’ signature built-in\n    cap. Made from waterproof, matte PU, this lightweight unisex rain jacket is an ode to nostalgia through its classic\n    silhouette and utilitarian design details.</p>\n<p>- Casual unisex fit</p>\n\n<p>- 64% polyester, 36% polyurethane</p>\n\n<p>- Water column pressure: 4000 mm</p>\n\n<p>- Model is 187cm tall and wearing a size S / M</p>\n\n<p>- Unisex fit</p>\n\n<p>- Drawstring hood with built-in cap</p>\n\n<p>- Front placket with snap buttons</p>\n\n<p>- Ventilation under armpit</p>\n\n<p>- Adjustable cuffs</p>\n\n<p>- Double welted front pockets</p>\n\n<p>- Adjustable elastic string at hempen</p>\n\n<p>- Ultrasonically welded seams</p>\n\n<p>This is a unisex item, please check our clothing &amp; footwear sizing guide for specific Rains jacket sizing\n    information. RAINS comes from the rainy nation of Denmark at the edge of the European continent, close to the ocean\n    and with prevailing westerly winds; all factors that contribute to an average of 121 rain days each year. Arising\n    from these rainy weather conditions comes the attitude that a quick rain shower may be beautiful, as well as moody-\n    but first and foremost requires the right outfit. Rains focus on the whole experience of going outside on rainy\n    days, issuing an invitation to explore even in the most mercurial weather.</p>\n','published','[\"products\\/12.jpg\",\"products\\/12-1.jpg\"]','HS-111-A0',0,19,0,1,1,5,0,0,119,103.53,NULL,NULL,13.00,12.00,16.00,654.00,NULL,121898,'2023-11-08 01:37:32','2023-11-08 01:37:48','in_stock',0,'Botble\\ACL\\Models\\User',NULL,'physical',NULL,NULL,0,4,0),(13,'Pepperidge Farm Farmhouse Hearty White Bread (Digital)','<p>Short Hooded Coat features a straight body, large pockets with button flaps, ventilation air holes, and a string\n    detail along the hemline.</p>\n<p><img src=\"/storage/general/clock.png\" alt=\"icon\" style=\"height:15px;\">  1 Year AL Jazeera Brand Warranty\n</p>\n<p><img src=\"/storage/general/paper-plane.png\" alt=\"icon\" style=\"height:15px;\">   30 Day Return Policy</p>\n<p><img src=\"/storage/general/credit-card.png\" alt=\"icon\" style=\"height:15px;\">  Cash on Delivery available\n</p>\n','<p>Short Hooded Coat features a straight body, large pockets with button flaps, ventilation air holes, and a string\n    detail along the hemline. The style is completed with a drawstring hood, featuring Rains’ signature built-in\n    cap. Made from waterproof, matte PU, this lightweight unisex rain jacket is an ode to nostalgia through its classic\n    silhouette and utilitarian design details.</p>\n<p>- Casual unisex fit</p>\n\n<p>- 64% polyester, 36% polyurethane</p>\n\n<p>- Water column pressure: 4000 mm</p>\n\n<p>- Model is 187cm tall and wearing a size S / M</p>\n\n<p>- Unisex fit</p>\n\n<p>- Drawstring hood with built-in cap</p>\n\n<p>- Front placket with snap buttons</p>\n\n<p>- Ventilation under armpit</p>\n\n<p>- Adjustable cuffs</p>\n\n<p>- Double welted front pockets</p>\n\n<p>- Adjustable elastic string at hempen</p>\n\n<p>- Ultrasonically welded seams</p>\n\n<p>This is a unisex item, please check our clothing &amp; footwear sizing guide for specific Rains jacket sizing\n    information. RAINS comes from the rainy nation of Denmark at the edge of the European continent, close to the ocean\n    and with prevailing westerly winds; all factors that contribute to an average of 121 rain days each year. Arising\n    from these rainy weather conditions comes the attitude that a quick rain shower may be beautiful, as well as moody-\n    but first and foremost requires the right outfit. Rains focus on the whole experience of going outside on rainy\n    days, issuing an invitation to explore even in the most mercurial weather.</p>\n','published','[\"products\\/13.jpg\",\"products\\/13-1.jpg\"]','HS-160-A0',0,16,0,1,1,6,0,0,122,NULL,NULL,NULL,17.00,12.00,14.00,629.00,NULL,167372,'2023-11-08 01:37:32','2023-11-08 01:37:48','in_stock',0,'Botble\\ACL\\Models\\User',NULL,'digital',NULL,NULL,0,6,0),(14,'Organic Frozen Triple Berry Blend','<p>Short Hooded Coat features a straight body, large pockets with button flaps, ventilation air holes, and a string\n    detail along the hemline.</p>\n<p><img src=\"/storage/general/clock.png\" alt=\"icon\" style=\"height:15px;\">  1 Year AL Jazeera Brand Warranty\n</p>\n<p><img src=\"/storage/general/paper-plane.png\" alt=\"icon\" style=\"height:15px;\">   30 Day Return Policy</p>\n<p><img src=\"/storage/general/credit-card.png\" alt=\"icon\" style=\"height:15px;\">  Cash on Delivery available\n</p>\n','<p>Short Hooded Coat features a straight body, large pockets with button flaps, ventilation air holes, and a string\n    detail along the hemline. The style is completed with a drawstring hood, featuring Rains’ signature built-in\n    cap. Made from waterproof, matte PU, this lightweight unisex rain jacket is an ode to nostalgia through its classic\n    silhouette and utilitarian design details.</p>\n<p>- Casual unisex fit</p>\n\n<p>- 64% polyester, 36% polyurethane</p>\n\n<p>- Water column pressure: 4000 mm</p>\n\n<p>- Model is 187cm tall and wearing a size S / M</p>\n\n<p>- Unisex fit</p>\n\n<p>- Drawstring hood with built-in cap</p>\n\n<p>- Front placket with snap buttons</p>\n\n<p>- Ventilation under armpit</p>\n\n<p>- Adjustable cuffs</p>\n\n<p>- Double welted front pockets</p>\n\n<p>- Adjustable elastic string at hempen</p>\n\n<p>- Ultrasonically welded seams</p>\n\n<p>This is a unisex item, please check our clothing &amp; footwear sizing guide for specific Rains jacket sizing\n    information. RAINS comes from the rainy nation of Denmark at the edge of the European continent, close to the ocean\n    and with prevailing westerly winds; all factors that contribute to an average of 121 rain days each year. Arising\n    from these rainy weather conditions comes the attitude that a quick rain shower may be beautiful, as well as moody-\n    but first and foremost requires the right outfit. Rains focus on the whole experience of going outside on rainy\n    days, issuing an invitation to explore even in the most mercurial weather.</p>\n','published','[\"products\\/14.jpg\",\"products\\/14-1.jpg\"]','HS-198-A0',0,14,0,1,1,7,0,0,114,NULL,NULL,NULL,10.00,15.00,16.00,731.00,NULL,88270,'2023-11-08 01:37:32','2023-11-08 01:37:48','in_stock',0,'Botble\\ACL\\Models\\User',NULL,'physical',NULL,NULL,0,4,0),(15,'Oroweat Country Buttermilk Bread','<p>Short Hooded Coat features a straight body, large pockets with button flaps, ventilation air holes, and a string\n    detail along the hemline.</p>\n<p><img src=\"/storage/general/clock.png\" alt=\"icon\" style=\"height:15px;\">  1 Year AL Jazeera Brand Warranty\n</p>\n<p><img src=\"/storage/general/paper-plane.png\" alt=\"icon\" style=\"height:15px;\">   30 Day Return Policy</p>\n<p><img src=\"/storage/general/credit-card.png\" alt=\"icon\" style=\"height:15px;\">  Cash on Delivery available\n</p>\n','<p>Short Hooded Coat features a straight body, large pockets with button flaps, ventilation air holes, and a string\n    detail along the hemline. The style is completed with a drawstring hood, featuring Rains’ signature built-in\n    cap. Made from waterproof, matte PU, this lightweight unisex rain jacket is an ode to nostalgia through its classic\n    silhouette and utilitarian design details.</p>\n<p>- Casual unisex fit</p>\n\n<p>- 64% polyester, 36% polyurethane</p>\n\n<p>- Water column pressure: 4000 mm</p>\n\n<p>- Model is 187cm tall and wearing a size S / M</p>\n\n<p>- Unisex fit</p>\n\n<p>- Drawstring hood with built-in cap</p>\n\n<p>- Front placket with snap buttons</p>\n\n<p>- Ventilation under armpit</p>\n\n<p>- Adjustable cuffs</p>\n\n<p>- Double welted front pockets</p>\n\n<p>- Adjustable elastic string at hempen</p>\n\n<p>- Ultrasonically welded seams</p>\n\n<p>This is a unisex item, please check our clothing &amp; footwear sizing guide for specific Rains jacket sizing\n    information. RAINS comes from the rainy nation of Denmark at the edge of the European continent, close to the ocean\n    and with prevailing westerly winds; all factors that contribute to an average of 121 rain days each year. Arising\n    from these rainy weather conditions comes the attitude that a quick rain shower may be beautiful, as well as moody-\n    but first and foremost requires the right outfit. Rains focus on the whole experience of going outside on rainy\n    days, issuing an invitation to explore even in the most mercurial weather.</p>\n','published','[\"products\\/15.jpg\",\"products\\/15-1.jpg\"]','HS-124-A0',0,20,0,1,1,7,0,0,121,NULL,NULL,NULL,15.00,20.00,12.00,851.00,NULL,45303,'2023-11-08 01:37:32','2023-11-08 01:37:48','in_stock',0,'Botble\\ACL\\Models\\User',NULL,'physical',NULL,NULL,0,2,0),(16,'Foster Farms Takeout Crispy Classic Buffalo Wings','<p>Short Hooded Coat features a straight body, large pockets with button flaps, ventilation air holes, and a string\n    detail along the hemline.</p>\n<p><img src=\"/storage/general/clock.png\" alt=\"icon\" style=\"height:15px;\">  1 Year AL Jazeera Brand Warranty\n</p>\n<p><img src=\"/storage/general/paper-plane.png\" alt=\"icon\" style=\"height:15px;\">   30 Day Return Policy</p>\n<p><img src=\"/storage/general/credit-card.png\" alt=\"icon\" style=\"height:15px;\">  Cash on Delivery available\n</p>\n','<p>Short Hooded Coat features a straight body, large pockets with button flaps, ventilation air holes, and a string\n    detail along the hemline. The style is completed with a drawstring hood, featuring Rains’ signature built-in\n    cap. Made from waterproof, matte PU, this lightweight unisex rain jacket is an ode to nostalgia through its classic\n    silhouette and utilitarian design details.</p>\n<p>- Casual unisex fit</p>\n\n<p>- 64% polyester, 36% polyurethane</p>\n\n<p>- Water column pressure: 4000 mm</p>\n\n<p>- Model is 187cm tall and wearing a size S / M</p>\n\n<p>- Unisex fit</p>\n\n<p>- Drawstring hood with built-in cap</p>\n\n<p>- Front placket with snap buttons</p>\n\n<p>- Ventilation under armpit</p>\n\n<p>- Adjustable cuffs</p>\n\n<p>- Double welted front pockets</p>\n\n<p>- Adjustable elastic string at hempen</p>\n\n<p>- Ultrasonically welded seams</p>\n\n<p>This is a unisex item, please check our clothing &amp; footwear sizing guide for specific Rains jacket sizing\n    information. RAINS comes from the rainy nation of Denmark at the edge of the European continent, close to the ocean\n    and with prevailing westerly winds; all factors that contribute to an average of 121 rain days each year. Arising\n    from these rainy weather conditions comes the attitude that a quick rain shower may be beautiful, as well as moody-\n    but first and foremost requires the right outfit. Rains focus on the whole experience of going outside on rainy\n    days, issuing an invitation to explore even in the most mercurial weather.</p>\n','published','[\"products\\/16.jpg\",\"products\\/16-1.jpg\",\"products\\/16-2.jpg\",\"products\\/16-3.jpg\",\"products\\/16-4.jpg\",\"products\\/16-5.jpg\",\"products\\/16-6.jpg\"]','HS-185-A0',0,20,0,1,1,3,0,0,110,83.6,NULL,NULL,10.00,19.00,14.00,810.00,NULL,91688,'2023-11-08 01:37:32','2023-11-08 01:37:48','in_stock',0,'Botble\\ACL\\Models\\User',NULL,'physical',NULL,NULL,0,3,0),(17,'Angie’s Boomchickapop Sweet &amp; Salty Kettle Corn (Digital)','<p>Short Hooded Coat features a straight body, large pockets with button flaps, ventilation air holes, and a string\n    detail along the hemline.</p>\n<p><img src=\"/storage/general/clock.png\" alt=\"icon\" style=\"height:15px;\">  1 Year AL Jazeera Brand Warranty\n</p>\n<p><img src=\"/storage/general/paper-plane.png\" alt=\"icon\" style=\"height:15px;\">   30 Day Return Policy</p>\n<p><img src=\"/storage/general/credit-card.png\" alt=\"icon\" style=\"height:15px;\">  Cash on Delivery available\n</p>\n','<p>Short Hooded Coat features a straight body, large pockets with button flaps, ventilation air holes, and a string\n    detail along the hemline. The style is completed with a drawstring hood, featuring Rains’ signature built-in\n    cap. Made from waterproof, matte PU, this lightweight unisex rain jacket is an ode to nostalgia through its classic\n    silhouette and utilitarian design details.</p>\n<p>- Casual unisex fit</p>\n\n<p>- 64% polyester, 36% polyurethane</p>\n\n<p>- Water column pressure: 4000 mm</p>\n\n<p>- Model is 187cm tall and wearing a size S / M</p>\n\n<p>- Unisex fit</p>\n\n<p>- Drawstring hood with built-in cap</p>\n\n<p>- Front placket with snap buttons</p>\n\n<p>- Ventilation under armpit</p>\n\n<p>- Adjustable cuffs</p>\n\n<p>- Double welted front pockets</p>\n\n<p>- Adjustable elastic string at hempen</p>\n\n<p>- Ultrasonically welded seams</p>\n\n<p>This is a unisex item, please check our clothing &amp; footwear sizing guide for specific Rains jacket sizing\n    information. RAINS comes from the rainy nation of Denmark at the edge of the European continent, close to the ocean\n    and with prevailing westerly winds; all factors that contribute to an average of 121 rain days each year. Arising\n    from these rainy weather conditions comes the attitude that a quick rain shower may be beautiful, as well as moody-\n    but first and foremost requires the right outfit. Rains focus on the whole experience of going outside on rainy\n    days, issuing an invitation to explore even in the most mercurial weather.</p>\n','published','[\"products\\/17.jpg\",\"products\\/17-1.jpg\"]','HS-163-A0',0,20,0,1,1,7,0,0,113,NULL,NULL,NULL,14.00,13.00,11.00,812.00,NULL,10507,'2023-11-08 01:37:32','2023-11-08 01:37:48','in_stock',0,'Botble\\ACL\\Models\\User',NULL,'digital',NULL,NULL,0,3,0),(18,'All Natural Italian-Style Chicken Meatballs','<p>Short Hooded Coat features a straight body, large pockets with button flaps, ventilation air holes, and a string\n    detail along the hemline.</p>\n<p><img src=\"/storage/general/clock.png\" alt=\"icon\" style=\"height:15px;\">  1 Year AL Jazeera Brand Warranty\n</p>\n<p><img src=\"/storage/general/paper-plane.png\" alt=\"icon\" style=\"height:15px;\">   30 Day Return Policy</p>\n<p><img src=\"/storage/general/credit-card.png\" alt=\"icon\" style=\"height:15px;\">  Cash on Delivery available\n</p>\n','<p>Short Hooded Coat features a straight body, large pockets with button flaps, ventilation air holes, and a string\n    detail along the hemline. The style is completed with a drawstring hood, featuring Rains’ signature built-in\n    cap. Made from waterproof, matte PU, this lightweight unisex rain jacket is an ode to nostalgia through its classic\n    silhouette and utilitarian design details.</p>\n<p>- Casual unisex fit</p>\n\n<p>- 64% polyester, 36% polyurethane</p>\n\n<p>- Water column pressure: 4000 mm</p>\n\n<p>- Model is 187cm tall and wearing a size S / M</p>\n\n<p>- Unisex fit</p>\n\n<p>- Drawstring hood with built-in cap</p>\n\n<p>- Front placket with snap buttons</p>\n\n<p>- Ventilation under armpit</p>\n\n<p>- Adjustable cuffs</p>\n\n<p>- Double welted front pockets</p>\n\n<p>- Adjustable elastic string at hempen</p>\n\n<p>- Ultrasonically welded seams</p>\n\n<p>This is a unisex item, please check our clothing &amp; footwear sizing guide for specific Rains jacket sizing\n    information. RAINS comes from the rainy nation of Denmark at the edge of the European continent, close to the ocean\n    and with prevailing westerly winds; all factors that contribute to an average of 121 rain days each year. Arising\n    from these rainy weather conditions comes the attitude that a quick rain shower may be beautiful, as well as moody-\n    but first and foremost requires the right outfit. Rains focus on the whole experience of going outside on rainy\n    days, issuing an invitation to explore even in the most mercurial weather.</p>\n','published','[\"products\\/18.jpg\",\"products\\/18-1.jpg\"]','HS-126-A0',0,10,0,1,1,2,0,0,126,NULL,NULL,NULL,11.00,17.00,18.00,804.00,NULL,180957,'2023-11-08 01:37:32','2023-11-08 01:37:48','in_stock',0,'Botble\\ACL\\Models\\User',NULL,'physical',NULL,NULL,0,4,0),(19,'Simply Lemonade with Raspberry Juice','<p>Short Hooded Coat features a straight body, large pockets with button flaps, ventilation air holes, and a string\n    detail along the hemline.</p>\n<p><img src=\"/storage/general/clock.png\" alt=\"icon\" style=\"height:15px;\">  1 Year AL Jazeera Brand Warranty\n</p>\n<p><img src=\"/storage/general/paper-plane.png\" alt=\"icon\" style=\"height:15px;\">   30 Day Return Policy</p>\n<p><img src=\"/storage/general/credit-card.png\" alt=\"icon\" style=\"height:15px;\">  Cash on Delivery available\n</p>\n','<p>Short Hooded Coat features a straight body, large pockets with button flaps, ventilation air holes, and a string\n    detail along the hemline. The style is completed with a drawstring hood, featuring Rains’ signature built-in\n    cap. Made from waterproof, matte PU, this lightweight unisex rain jacket is an ode to nostalgia through its classic\n    silhouette and utilitarian design details.</p>\n<p>- Casual unisex fit</p>\n\n<p>- 64% polyester, 36% polyurethane</p>\n\n<p>- Water column pressure: 4000 mm</p>\n\n<p>- Model is 187cm tall and wearing a size S / M</p>\n\n<p>- Unisex fit</p>\n\n<p>- Drawstring hood with built-in cap</p>\n\n<p>- Front placket with snap buttons</p>\n\n<p>- Ventilation under armpit</p>\n\n<p>- Adjustable cuffs</p>\n\n<p>- Double welted front pockets</p>\n\n<p>- Adjustable elastic string at hempen</p>\n\n<p>- Ultrasonically welded seams</p>\n\n<p>This is a unisex item, please check our clothing &amp; footwear sizing guide for specific Rains jacket sizing\n    information. RAINS comes from the rainy nation of Denmark at the edge of the European continent, close to the ocean\n    and with prevailing westerly winds; all factors that contribute to an average of 121 rain days each year. Arising\n    from these rainy weather conditions comes the attitude that a quick rain shower may be beautiful, as well as moody-\n    but first and foremost requires the right outfit. Rains focus on the whole experience of going outside on rainy\n    days, issuing an invitation to explore even in the most mercurial weather.</p>\n','published','[\"products\\/19.jpg\",\"products\\/19-1.jpg\"]','HS-166-A0',0,13,0,1,1,5,0,0,115,NULL,NULL,NULL,16.00,19.00,17.00,899.00,NULL,187097,'2023-11-08 01:37:33','2023-11-08 01:37:48','in_stock',0,'Botble\\ACL\\Models\\User',NULL,'physical',NULL,NULL,0,2,0),(20,'Perdue Simply Smart Organics Gluten Free','<p>Short Hooded Coat features a straight body, large pockets with button flaps, ventilation air holes, and a string\n    detail along the hemline.</p>\n<p><img src=\"/storage/general/clock.png\" alt=\"icon\" style=\"height:15px;\">  1 Year AL Jazeera Brand Warranty\n</p>\n<p><img src=\"/storage/general/paper-plane.png\" alt=\"icon\" style=\"height:15px;\">   30 Day Return Policy</p>\n<p><img src=\"/storage/general/credit-card.png\" alt=\"icon\" style=\"height:15px;\">  Cash on Delivery available\n</p>\n','<p>Short Hooded Coat features a straight body, large pockets with button flaps, ventilation air holes, and a string\n    detail along the hemline. The style is completed with a drawstring hood, featuring Rains’ signature built-in\n    cap. Made from waterproof, matte PU, this lightweight unisex rain jacket is an ode to nostalgia through its classic\n    silhouette and utilitarian design details.</p>\n<p>- Casual unisex fit</p>\n\n<p>- 64% polyester, 36% polyurethane</p>\n\n<p>- Water column pressure: 4000 mm</p>\n\n<p>- Model is 187cm tall and wearing a size S / M</p>\n\n<p>- Unisex fit</p>\n\n<p>- Drawstring hood with built-in cap</p>\n\n<p>- Front placket with snap buttons</p>\n\n<p>- Ventilation under armpit</p>\n\n<p>- Adjustable cuffs</p>\n\n<p>- Double welted front pockets</p>\n\n<p>- Adjustable elastic string at hempen</p>\n\n<p>- Ultrasonically welded seams</p>\n\n<p>This is a unisex item, please check our clothing &amp; footwear sizing guide for specific Rains jacket sizing\n    information. RAINS comes from the rainy nation of Denmark at the edge of the European continent, close to the ocean\n    and with prevailing westerly winds; all factors that contribute to an average of 121 rain days each year. Arising\n    from these rainy weather conditions comes the attitude that a quick rain shower may be beautiful, as well as moody-\n    but first and foremost requires the right outfit. Rains focus on the whole experience of going outside on rainy\n    days, issuing an invitation to explore even in the most mercurial weather.</p>\n','published','[\"products\\/20.jpg\",\"products\\/20-1.jpg\"]','HS-136-A0',0,13,0,1,1,7,0,0,119,98.77,NULL,NULL,11.00,18.00,16.00,791.00,NULL,132296,'2023-11-08 01:37:33','2023-11-08 01:37:48','in_stock',0,'Botble\\ACL\\Models\\User',NULL,'physical',NULL,NULL,0,4,0),(21,'Chen Watermelon (Digital)','<p>Short Hooded Coat features a straight body, large pockets with button flaps, ventilation air holes, and a string\n    detail along the hemline.</p>\n<p><img src=\"/storage/general/clock.png\" alt=\"icon\" style=\"height:15px;\">  1 Year AL Jazeera Brand Warranty\n</p>\n<p><img src=\"/storage/general/paper-plane.png\" alt=\"icon\" style=\"height:15px;\">   30 Day Return Policy</p>\n<p><img src=\"/storage/general/credit-card.png\" alt=\"icon\" style=\"height:15px;\">  Cash on Delivery available\n</p>\n','<p>Short Hooded Coat features a straight body, large pockets with button flaps, ventilation air holes, and a string\n    detail along the hemline. The style is completed with a drawstring hood, featuring Rains’ signature built-in\n    cap. Made from waterproof, matte PU, this lightweight unisex rain jacket is an ode to nostalgia through its classic\n    silhouette and utilitarian design details.</p>\n<p>- Casual unisex fit</p>\n\n<p>- 64% polyester, 36% polyurethane</p>\n\n<p>- Water column pressure: 4000 mm</p>\n\n<p>- Model is 187cm tall and wearing a size S / M</p>\n\n<p>- Unisex fit</p>\n\n<p>- Drawstring hood with built-in cap</p>\n\n<p>- Front placket with snap buttons</p>\n\n<p>- Ventilation under armpit</p>\n\n<p>- Adjustable cuffs</p>\n\n<p>- Double welted front pockets</p>\n\n<p>- Adjustable elastic string at hempen</p>\n\n<p>- Ultrasonically welded seams</p>\n\n<p>This is a unisex item, please check our clothing &amp; footwear sizing guide for specific Rains jacket sizing\n    information. RAINS comes from the rainy nation of Denmark at the edge of the European continent, close to the ocean\n    and with prevailing westerly winds; all factors that contribute to an average of 121 rain days each year. Arising\n    from these rainy weather conditions comes the attitude that a quick rain shower may be beautiful, as well as moody-\n    but first and foremost requires the right outfit. Rains focus on the whole experience of going outside on rainy\n    days, issuing an invitation to explore even in the most mercurial weather.</p>\n','published','[\"products\\/21.jpg\",\"products\\/21-1.jpg\"]','HS-150-A0',0,14,0,1,1,5,0,0,115,NULL,NULL,NULL,12.00,16.00,17.00,655.00,NULL,99241,'2023-11-08 01:37:33','2023-11-08 01:37:48','in_stock',0,'Botble\\ACL\\Models\\User',NULL,'digital',NULL,NULL,0,5,0),(22,'Organic Cage-Free Grade A Large Brown Eggs','<p>Short Hooded Coat features a straight body, large pockets with button flaps, ventilation air holes, and a string\n    detail along the hemline.</p>\n<p><img src=\"/storage/general/clock.png\" alt=\"icon\" style=\"height:15px;\">  1 Year AL Jazeera Brand Warranty\n</p>\n<p><img src=\"/storage/general/paper-plane.png\" alt=\"icon\" style=\"height:15px;\">   30 Day Return Policy</p>\n<p><img src=\"/storage/general/credit-card.png\" alt=\"icon\" style=\"height:15px;\">  Cash on Delivery available\n</p>\n','<p>Short Hooded Coat features a straight body, large pockets with button flaps, ventilation air holes, and a string\n    detail along the hemline. The style is completed with a drawstring hood, featuring Rains’ signature built-in\n    cap. Made from waterproof, matte PU, this lightweight unisex rain jacket is an ode to nostalgia through its classic\n    silhouette and utilitarian design details.</p>\n<p>- Casual unisex fit</p>\n\n<p>- 64% polyester, 36% polyurethane</p>\n\n<p>- Water column pressure: 4000 mm</p>\n\n<p>- Model is 187cm tall and wearing a size S / M</p>\n\n<p>- Unisex fit</p>\n\n<p>- Drawstring hood with built-in cap</p>\n\n<p>- Front placket with snap buttons</p>\n\n<p>- Ventilation under armpit</p>\n\n<p>- Adjustable cuffs</p>\n\n<p>- Double welted front pockets</p>\n\n<p>- Adjustable elastic string at hempen</p>\n\n<p>- Ultrasonically welded seams</p>\n\n<p>This is a unisex item, please check our clothing &amp; footwear sizing guide for specific Rains jacket sizing\n    information. RAINS comes from the rainy nation of Denmark at the edge of the European continent, close to the ocean\n    and with prevailing westerly winds; all factors that contribute to an average of 121 rain days each year. Arising\n    from these rainy weather conditions comes the attitude that a quick rain shower may be beautiful, as well as moody-\n    but first and foremost requires the right outfit. Rains focus on the whole experience of going outside on rainy\n    days, issuing an invitation to explore even in the most mercurial weather.</p>\n','published','[\"products\\/22.jpg\",\"products\\/22-1.jpg\"]','HS-189-A0',0,19,0,1,1,6,0,0,120,NULL,NULL,NULL,11.00,18.00,10.00,878.00,NULL,84406,'2023-11-08 01:37:33','2023-11-08 01:37:48','in_stock',0,'Botble\\ACL\\Models\\User',NULL,'physical',NULL,NULL,0,3,0),(23,'Colorful Banana','<p>Short Hooded Coat features a straight body, large pockets with button flaps, ventilation air holes, and a string\n    detail along the hemline.</p>\n<p><img src=\"/storage/general/clock.png\" alt=\"icon\" style=\"height:15px;\">  1 Year AL Jazeera Brand Warranty\n</p>\n<p><img src=\"/storage/general/paper-plane.png\" alt=\"icon\" style=\"height:15px;\">   30 Day Return Policy</p>\n<p><img src=\"/storage/general/credit-card.png\" alt=\"icon\" style=\"height:15px;\">  Cash on Delivery available\n</p>\n','<p>Short Hooded Coat features a straight body, large pockets with button flaps, ventilation air holes, and a string\n    detail along the hemline. The style is completed with a drawstring hood, featuring Rains’ signature built-in\n    cap. Made from waterproof, matte PU, this lightweight unisex rain jacket is an ode to nostalgia through its classic\n    silhouette and utilitarian design details.</p>\n<p>- Casual unisex fit</p>\n\n<p>- 64% polyester, 36% polyurethane</p>\n\n<p>- Water column pressure: 4000 mm</p>\n\n<p>- Model is 187cm tall and wearing a size S / M</p>\n\n<p>- Unisex fit</p>\n\n<p>- Drawstring hood with built-in cap</p>\n\n<p>- Front placket with snap buttons</p>\n\n<p>- Ventilation under armpit</p>\n\n<p>- Adjustable cuffs</p>\n\n<p>- Double welted front pockets</p>\n\n<p>- Adjustable elastic string at hempen</p>\n\n<p>- Ultrasonically welded seams</p>\n\n<p>This is a unisex item, please check our clothing &amp; footwear sizing guide for specific Rains jacket sizing\n    information. RAINS comes from the rainy nation of Denmark at the edge of the European continent, close to the ocean\n    and with prevailing westerly winds; all factors that contribute to an average of 121 rain days each year. Arising\n    from these rainy weather conditions comes the attitude that a quick rain shower may be beautiful, as well as moody-\n    but first and foremost requires the right outfit. Rains focus on the whole experience of going outside on rainy\n    days, issuing an invitation to explore even in the most mercurial weather.</p>\n','published','[\"products\\/23.jpg\",\"products\\/23-1.jpg\"]','HS-124-A0',0,14,0,1,1,4,0,0,113,NULL,NULL,NULL,16.00,14.00,19.00,687.00,NULL,105659,'2023-11-08 01:37:33','2023-11-08 01:37:48','in_stock',0,'Botble\\ACL\\Models\\User',NULL,'physical',NULL,NULL,0,4,0),(24,'Signature Wood-Fired Mushroom and Caramelized','<p>Short Hooded Coat features a straight body, large pockets with button flaps, ventilation air holes, and a string\n    detail along the hemline.</p>\n<p><img src=\"/storage/general/clock.png\" alt=\"icon\" style=\"height:15px;\">  1 Year AL Jazeera Brand Warranty\n</p>\n<p><img src=\"/storage/general/paper-plane.png\" alt=\"icon\" style=\"height:15px;\">   30 Day Return Policy</p>\n<p><img src=\"/storage/general/credit-card.png\" alt=\"icon\" style=\"height:15px;\">  Cash on Delivery available\n</p>\n','<p>Short Hooded Coat features a straight body, large pockets with button flaps, ventilation air holes, and a string\n    detail along the hemline. The style is completed with a drawstring hood, featuring Rains’ signature built-in\n    cap. Made from waterproof, matte PU, this lightweight unisex rain jacket is an ode to nostalgia through its classic\n    silhouette and utilitarian design details.</p>\n<p>- Casual unisex fit</p>\n\n<p>- 64% polyester, 36% polyurethane</p>\n\n<p>- Water column pressure: 4000 mm</p>\n\n<p>- Model is 187cm tall and wearing a size S / M</p>\n\n<p>- Unisex fit</p>\n\n<p>- Drawstring hood with built-in cap</p>\n\n<p>- Front placket with snap buttons</p>\n\n<p>- Ventilation under armpit</p>\n\n<p>- Adjustable cuffs</p>\n\n<p>- Double welted front pockets</p>\n\n<p>- Adjustable elastic string at hempen</p>\n\n<p>- Ultrasonically welded seams</p>\n\n<p>This is a unisex item, please check our clothing &amp; footwear sizing guide for specific Rains jacket sizing\n    information. RAINS comes from the rainy nation of Denmark at the edge of the European continent, close to the ocean\n    and with prevailing westerly winds; all factors that contribute to an average of 121 rain days each year. Arising\n    from these rainy weather conditions comes the attitude that a quick rain shower may be beautiful, as well as moody-\n    but first and foremost requires the right outfit. Rains focus on the whole experience of going outside on rainy\n    days, issuing an invitation to explore even in the most mercurial weather.</p>\n','published','[\"products\\/24.jpg\",\"products\\/24-1.jpg\"]','HS-181-A0',0,12,0,1,1,1,0,0,115,81.65,NULL,NULL,10.00,13.00,15.00,893.00,NULL,67621,'2023-11-08 01:37:33','2023-11-08 01:37:48','in_stock',0,'Botble\\ACL\\Models\\User',NULL,'physical',NULL,NULL,0,4,0),(25,'Seeds of Change Organic Quinoe (Digital)',NULL,NULL,'published','[\"products\\/1.jpg\"]','HS-191-A0',0,18,0,1,0,6,1,0,404,NULL,NULL,NULL,20.00,11.00,14.00,581.00,NULL,0,'2023-11-08 01:37:33','2023-11-08 01:37:48','in_stock',0,'Botble\\ACL\\Models\\User',NULL,'digital',NULL,NULL,0,NULL,0),(26,'Seeds of Change Organic Quinoe (Digital)',NULL,NULL,'published','[\"products\\/1-1.jpg\"]','HS-191-A0-A1',0,18,0,1,0,6,1,0,404,NULL,NULL,NULL,20.00,11.00,14.00,581.00,NULL,0,'2023-11-08 01:37:33','2023-11-08 01:37:48','in_stock',0,'Botble\\ACL\\Models\\User',NULL,'digital',NULL,NULL,0,NULL,0),(27,'Seeds of Change Organic Quinoe (Digital)',NULL,NULL,'published','[\"products\\/1.jpg\"]','HS-191-A0-A2',0,18,0,1,0,6,1,0,404,NULL,NULL,NULL,20.00,11.00,14.00,581.00,NULL,0,'2023-11-08 01:37:33','2023-11-08 01:37:48','in_stock',0,'Botble\\ACL\\Models\\User',NULL,'digital',NULL,NULL,0,NULL,0),(28,'Seeds of Change Organic Quinoe (Digital)',NULL,NULL,'published','[\"products\\/1.jpg\"]','HS-191-A0-A3',0,18,0,1,0,6,1,0,404,NULL,NULL,NULL,20.00,11.00,14.00,581.00,NULL,0,'2023-11-08 01:37:33','2023-11-08 01:37:48','in_stock',0,'Botble\\ACL\\Models\\User',NULL,'digital',NULL,NULL,0,NULL,0),(29,'All Natural Italian-Style Chicken Meatballs',NULL,NULL,'published','[\"products\\/2.jpg\"]','HS-123-A0',0,12,0,1,0,5,1,0,381,NULL,NULL,NULL,11.00,19.00,10.00,577.00,NULL,0,'2023-11-08 01:37:33','2023-11-08 01:37:48','in_stock',0,'Botble\\ACL\\Models\\User',NULL,'physical',NULL,NULL,0,NULL,0),(30,'All Natural Italian-Style Chicken Meatballs',NULL,NULL,'published','[\"products\\/2-1.jpg\"]','HS-123-A0-A1',0,12,0,1,0,5,1,0,381,NULL,NULL,NULL,11.00,19.00,10.00,577.00,NULL,0,'2023-11-08 01:37:33','2023-11-08 01:37:48','in_stock',0,'Botble\\ACL\\Models\\User',NULL,'physical',NULL,NULL,0,NULL,0),(31,'All Natural Italian-Style Chicken Meatballs',NULL,NULL,'published','[\"products\\/2.jpg\"]','HS-123-A0-A2',0,12,0,1,0,5,1,0,381,NULL,NULL,NULL,11.00,19.00,10.00,577.00,NULL,0,'2023-11-08 01:37:33','2023-11-08 01:37:48','in_stock',0,'Botble\\ACL\\Models\\User',NULL,'physical',NULL,NULL,0,NULL,0),(32,'All Natural Italian-Style Chicken Meatballs',NULL,NULL,'published','[\"products\\/2.jpg\"]','HS-123-A0-A3',0,12,0,1,0,5,1,0,381,NULL,NULL,NULL,11.00,19.00,10.00,577.00,NULL,0,'2023-11-08 01:37:33','2023-11-08 01:37:48','in_stock',0,'Botble\\ACL\\Models\\User',NULL,'physical',NULL,NULL,0,NULL,0),(33,'Angie’s Boomchickapop Sweet & Salty Kettle Corn',NULL,NULL,'published','[\"products\\/3.jpg\"]','HS-156-A0',0,16,0,1,0,3,1,0,220,NULL,NULL,NULL,17.00,17.00,18.00,528.00,NULL,0,'2023-11-08 01:37:33','2023-11-08 01:37:48','in_stock',0,'Botble\\ACL\\Models\\User',NULL,'physical',NULL,NULL,0,NULL,0),(34,'Angie’s Boomchickapop Sweet & Salty Kettle Corn',NULL,NULL,'published','[\"products\\/3-1.jpg\"]','HS-156-A0-A1',0,16,0,1,0,3,1,0,220,NULL,NULL,NULL,17.00,17.00,18.00,528.00,NULL,0,'2023-11-08 01:37:33','2023-11-08 01:37:48','in_stock',0,'Botble\\ACL\\Models\\User',NULL,'physical',NULL,NULL,0,NULL,0),(35,'Angie’s Boomchickapop Sweet & Salty Kettle Corn',NULL,NULL,'published','[\"products\\/3.jpg\"]','HS-156-A0-A2',0,16,0,1,0,3,1,0,220,NULL,NULL,NULL,17.00,17.00,18.00,528.00,NULL,0,'2023-11-08 01:37:33','2023-11-08 01:37:48','in_stock',0,'Botble\\ACL\\Models\\User',NULL,'physical',NULL,NULL,0,NULL,0),(36,'Angie’s Boomchickapop Sweet & Salty Kettle Corn',NULL,NULL,'published','[\"products\\/3.jpg\"]','HS-156-A0-A3',0,16,0,1,0,3,1,0,220,NULL,NULL,NULL,17.00,17.00,18.00,528.00,NULL,0,'2023-11-08 01:37:33','2023-11-08 01:37:48','in_stock',0,'Botble\\ACL\\Models\\User',NULL,'physical',NULL,NULL,0,NULL,0),(37,'Foster Farms Takeout Crispy Classic',NULL,NULL,'published','[\"products\\/4.jpg\"]','HS-138-A0',0,14,0,1,0,3,1,0,86,71.38,NULL,NULL,16.00,10.00,20.00,864.00,NULL,0,'2023-11-08 01:37:33','2023-11-08 01:37:48','in_stock',0,'Botble\\ACL\\Models\\User',NULL,'physical',NULL,NULL,0,NULL,0),(38,'Foster Farms Takeout Crispy Classic',NULL,NULL,'published','[\"products\\/4-1.jpg\"]','HS-138-A0-A1',0,14,0,1,0,3,1,0,86,73.96,NULL,NULL,16.00,10.00,20.00,864.00,NULL,0,'2023-11-08 01:37:33','2023-11-08 01:37:48','in_stock',0,'Botble\\ACL\\Models\\User',NULL,'physical',NULL,NULL,0,NULL,0),(39,'Foster Farms Takeout Crispy Classic',NULL,NULL,'published','[\"products\\/4.jpg\"]','HS-138-A0-A2',0,14,0,1,0,3,1,0,86,61.06,NULL,NULL,16.00,10.00,20.00,864.00,NULL,0,'2023-11-08 01:37:33','2023-11-08 01:37:48','in_stock',0,'Botble\\ACL\\Models\\User',NULL,'physical',NULL,NULL,0,NULL,0),(40,'Blue Diamond Almonds Lightly (Digital)',NULL,NULL,'published','[\"products\\/5.jpg\"]','HS-163-A0',0,12,0,1,0,5,1,0,43,NULL,NULL,NULL,15.00,10.00,13.00,578.00,NULL,0,'2023-11-08 01:37:33','2023-11-08 01:37:48','in_stock',0,'Botble\\ACL\\Models\\User',NULL,'digital',NULL,NULL,0,NULL,0),(41,'Blue Diamond Almonds Lightly (Digital)',NULL,NULL,'published','[\"products\\/5-1.jpg\"]','HS-163-A0-A1',0,12,0,1,0,5,1,0,43,NULL,NULL,NULL,15.00,10.00,13.00,578.00,NULL,0,'2023-11-08 01:37:33','2023-11-08 01:37:48','in_stock',0,'Botble\\ACL\\Models\\User',NULL,'digital',NULL,NULL,0,NULL,0),(42,'Chobani Complete Vanilla Greek',NULL,NULL,'published','[\"products\\/6.jpg\"]','HS-134-A0',0,18,0,1,0,7,1,0,56,NULL,NULL,NULL,16.00,15.00,20.00,872.00,NULL,0,'2023-11-08 01:37:33','2023-11-08 01:37:48','in_stock',0,'Botble\\ACL\\Models\\User',NULL,'physical',NULL,NULL,0,NULL,0),(43,'Canada Dry Ginger Ale – 2 L Bottle',NULL,NULL,'published','[\"products\\/7.jpg\"]','HS-118-A0',0,20,0,1,0,1,1,0,115,NULL,NULL,NULL,20.00,14.00,12.00,864.00,NULL,0,'2023-11-08 01:37:33','2023-11-08 01:37:48','in_stock',0,'Botble\\ACL\\Models\\User',NULL,'physical',NULL,NULL,0,NULL,0),(44,'Canada Dry Ginger Ale – 2 L Bottle',NULL,NULL,'published','[\"products\\/7-1.jpg\"]','HS-118-A0-A1',0,20,0,1,0,1,1,0,115,NULL,NULL,NULL,20.00,14.00,12.00,864.00,NULL,0,'2023-11-08 01:37:33','2023-11-08 01:37:48','in_stock',0,'Botble\\ACL\\Models\\User',NULL,'physical',NULL,NULL,0,NULL,0),(45,'Canada Dry Ginger Ale – 2 L Bottle',NULL,NULL,'published','[\"products\\/7.jpg\"]','HS-118-A0-A2',0,20,0,1,0,1,1,0,115,NULL,NULL,NULL,20.00,14.00,12.00,864.00,NULL,0,'2023-11-08 01:37:33','2023-11-08 01:37:48','in_stock',0,'Botble\\ACL\\Models\\User',NULL,'physical',NULL,NULL,0,NULL,0),(46,'Canada Dry Ginger Ale – 2 L Bottle',NULL,NULL,'published','[\"products\\/7.jpg\"]','HS-118-A0-A3',0,20,0,1,0,1,1,0,115,NULL,NULL,NULL,20.00,14.00,12.00,864.00,NULL,0,'2023-11-08 01:37:33','2023-11-08 01:37:48','in_stock',0,'Botble\\ACL\\Models\\User',NULL,'physical',NULL,NULL,0,NULL,0),(47,'Encore Seafoods Stuffed Alaskan',NULL,NULL,'published','[\"products\\/8.jpg\"]','HS-107-A0',0,11,0,1,0,3,1,0,121,99.22,NULL,NULL,11.00,17.00,19.00,527.00,NULL,0,'2023-11-08 01:37:33','2023-11-08 01:37:48','in_stock',0,'Botble\\ACL\\Models\\User',NULL,'physical',NULL,NULL,0,NULL,0),(48,'Gorton’s Beer Battered Fish Fillets (Digital)',NULL,NULL,'published','[\"products\\/9.jpg\"]','HS-141-A0',0,10,0,1,0,4,1,0,128,NULL,NULL,NULL,14.00,15.00,14.00,657.00,NULL,0,'2023-11-08 01:37:33','2023-11-08 01:37:48','in_stock',0,'Botble\\ACL\\Models\\User',NULL,'digital',NULL,NULL,0,NULL,0),(49,'Gorton’s Beer Battered Fish Fillets (Digital)',NULL,NULL,'published','[\"products\\/9-1.jpg\"]','HS-141-A0-A1',0,10,0,1,0,4,1,0,128,NULL,NULL,NULL,14.00,15.00,14.00,657.00,NULL,0,'2023-11-08 01:37:33','2023-11-08 01:37:48','in_stock',0,'Botble\\ACL\\Models\\User',NULL,'digital',NULL,NULL,0,NULL,0),(50,'Gorton’s Beer Battered Fish Fillets (Digital)',NULL,NULL,'published','[\"products\\/9.jpg\"]','HS-141-A0-A2',0,10,0,1,0,4,1,0,128,NULL,NULL,NULL,14.00,15.00,14.00,657.00,NULL,0,'2023-11-08 01:37:33','2023-11-08 01:37:48','in_stock',0,'Botble\\ACL\\Models\\User',NULL,'digital',NULL,NULL,0,NULL,0),(51,'Haagen-Dazs Caramel Cone Ice Cream',NULL,NULL,'published','[\"products\\/10.jpg\"]','HS-192-A0',0,16,0,1,0,1,1,0,482,NULL,NULL,NULL,15.00,19.00,18.00,699.00,NULL,0,'2023-11-08 01:37:33','2023-11-08 01:37:48','in_stock',0,'Botble\\ACL\\Models\\User',NULL,'physical',NULL,NULL,0,NULL,0),(52,'Nestle Original Coffee-Mate Coffee Creamer',NULL,NULL,'published','[\"products\\/11.jpg\"]','HS-110-A0',0,13,0,1,0,5,1,0,129,NULL,NULL,NULL,18.00,18.00,10.00,572.00,NULL,0,'2023-11-08 01:37:34','2023-11-08 01:37:48','in_stock',0,'Botble\\ACL\\Models\\User',NULL,'physical',NULL,NULL,0,NULL,0),(53,'Nestle Original Coffee-Mate Coffee Creamer',NULL,NULL,'published','[\"products\\/11-1.jpg\"]','HS-110-A0-A1',0,13,0,1,0,5,1,0,129,NULL,NULL,NULL,18.00,18.00,10.00,572.00,NULL,0,'2023-11-08 01:37:34','2023-11-08 01:37:48','in_stock',0,'Botble\\ACL\\Models\\User',NULL,'physical',NULL,NULL,0,NULL,0),(54,'Nestle Original Coffee-Mate Coffee Creamer',NULL,NULL,'published','[\"products\\/11.jpg\"]','HS-110-A0-A2',0,13,0,1,0,5,1,0,129,NULL,NULL,NULL,18.00,18.00,10.00,572.00,NULL,0,'2023-11-08 01:37:34','2023-11-08 01:37:48','in_stock',0,'Botble\\ACL\\Models\\User',NULL,'physical',NULL,NULL,0,NULL,0),(55,'Nestle Original Coffee-Mate Coffee Creamer',NULL,NULL,'published','[\"products\\/11.jpg\"]','HS-110-A0-A3',0,13,0,1,0,5,1,0,129,NULL,NULL,NULL,18.00,18.00,10.00,572.00,NULL,0,'2023-11-08 01:37:34','2023-11-08 01:37:48','in_stock',0,'Botble\\ACL\\Models\\User',NULL,'physical',NULL,NULL,0,NULL,0),(56,'Naturally Flavored Cinnamon Vanilla Light Roast Coffee',NULL,NULL,'published','[\"products\\/12.jpg\"]','HS-111-A0',0,19,0,1,0,5,1,0,119,103.53,NULL,NULL,13.00,12.00,16.00,654.00,NULL,0,'2023-11-08 01:37:34','2023-11-08 01:37:48','in_stock',0,'Botble\\ACL\\Models\\User',NULL,'physical',NULL,NULL,0,NULL,0),(57,'Pepperidge Farm Farmhouse Hearty White Bread (Digital)',NULL,NULL,'published','[\"products\\/13.jpg\"]','HS-160-A0',0,16,0,1,0,6,1,0,122,NULL,NULL,NULL,17.00,12.00,14.00,629.00,NULL,0,'2023-11-08 01:37:34','2023-11-08 01:37:48','in_stock',0,'Botble\\ACL\\Models\\User',NULL,'digital',NULL,NULL,0,NULL,0),(58,'Pepperidge Farm Farmhouse Hearty White Bread (Digital)',NULL,NULL,'published','[\"products\\/13-1.jpg\"]','HS-160-A0-A1',0,16,0,1,0,6,1,0,122,NULL,NULL,NULL,17.00,12.00,14.00,629.00,NULL,0,'2023-11-08 01:37:34','2023-11-08 01:37:48','in_stock',0,'Botble\\ACL\\Models\\User',NULL,'digital',NULL,NULL,0,NULL,0),(59,'Pepperidge Farm Farmhouse Hearty White Bread (Digital)',NULL,NULL,'published','[\"products\\/13.jpg\"]','HS-160-A0-A2',0,16,0,1,0,6,1,0,122,NULL,NULL,NULL,17.00,12.00,14.00,629.00,NULL,0,'2023-11-08 01:37:34','2023-11-08 01:37:48','in_stock',0,'Botble\\ACL\\Models\\User',NULL,'digital',NULL,NULL,0,NULL,0),(60,'Pepperidge Farm Farmhouse Hearty White Bread (Digital)',NULL,NULL,'published','[\"products\\/13.jpg\"]','HS-160-A0-A3',0,16,0,1,0,6,1,0,122,NULL,NULL,NULL,17.00,12.00,14.00,629.00,NULL,0,'2023-11-08 01:37:34','2023-11-08 01:37:48','in_stock',0,'Botble\\ACL\\Models\\User',NULL,'digital',NULL,NULL,0,NULL,0),(61,'Organic Frozen Triple Berry Blend',NULL,NULL,'published','[\"products\\/14.jpg\"]','HS-198-A0',0,14,0,1,0,7,1,0,114,NULL,NULL,NULL,10.00,15.00,16.00,731.00,NULL,0,'2023-11-08 01:37:34','2023-11-08 01:37:48','in_stock',0,'Botble\\ACL\\Models\\User',NULL,'physical',NULL,NULL,0,NULL,0),(62,'Organic Frozen Triple Berry Blend',NULL,NULL,'published','[\"products\\/14-1.jpg\"]','HS-198-A0-A1',0,14,0,1,0,7,1,0,114,NULL,NULL,NULL,10.00,15.00,16.00,731.00,NULL,0,'2023-11-08 01:37:34','2023-11-08 01:37:48','in_stock',0,'Botble\\ACL\\Models\\User',NULL,'physical',NULL,NULL,0,NULL,0),(63,'Oroweat Country Buttermilk Bread',NULL,NULL,'published','[\"products\\/15.jpg\"]','HS-124-A0',0,20,0,1,0,7,1,0,121,NULL,NULL,NULL,15.00,20.00,12.00,851.00,NULL,0,'2023-11-08 01:37:34','2023-11-08 01:37:48','in_stock',0,'Botble\\ACL\\Models\\User',NULL,'physical',NULL,NULL,0,NULL,0),(64,'Foster Farms Takeout Crispy Classic Buffalo Wings',NULL,NULL,'published','[\"products\\/16.jpg\"]','HS-185-A0',0,20,0,1,0,3,1,0,110,83.6,NULL,NULL,10.00,19.00,14.00,810.00,NULL,0,'2023-11-08 01:37:34','2023-11-08 01:37:48','in_stock',0,'Botble\\ACL\\Models\\User',NULL,'physical',NULL,NULL,0,NULL,0),(65,'Foster Farms Takeout Crispy Classic Buffalo Wings',NULL,NULL,'published','[\"products\\/16-1.jpg\"]','HS-185-A0-A1',0,20,0,1,0,3,1,0,110,84.7,NULL,NULL,10.00,19.00,14.00,810.00,NULL,0,'2023-11-08 01:37:34','2023-11-08 01:37:48','in_stock',0,'Botble\\ACL\\Models\\User',NULL,'physical',NULL,NULL,0,NULL,0),(66,'Angie’s Boomchickapop Sweet & Salty Kettle Corn (Digital)',NULL,NULL,'published','[\"products\\/17.jpg\"]','HS-163-A0',0,20,0,1,0,7,1,0,113,NULL,NULL,NULL,14.00,13.00,11.00,812.00,NULL,0,'2023-11-08 01:37:34','2023-11-08 01:37:48','in_stock',0,'Botble\\ACL\\Models\\User',NULL,'digital',NULL,NULL,0,NULL,0),(67,'Angie’s Boomchickapop Sweet & Salty Kettle Corn (Digital)',NULL,NULL,'published','[\"products\\/17-1.jpg\"]','HS-163-A0-A1',0,20,0,1,0,7,1,0,113,NULL,NULL,NULL,14.00,13.00,11.00,812.00,NULL,0,'2023-11-08 01:37:34','2023-11-08 01:37:48','in_stock',0,'Botble\\ACL\\Models\\User',NULL,'digital',NULL,NULL,0,NULL,0),(68,'Angie’s Boomchickapop Sweet & Salty Kettle Corn (Digital)',NULL,NULL,'published','[\"products\\/17.jpg\"]','HS-163-A0-A2',0,20,0,1,0,7,1,0,113,NULL,NULL,NULL,14.00,13.00,11.00,812.00,NULL,0,'2023-11-08 01:37:34','2023-11-08 01:37:48','in_stock',0,'Botble\\ACL\\Models\\User',NULL,'digital',NULL,NULL,0,NULL,0),(69,'Angie’s Boomchickapop Sweet & Salty Kettle Corn (Digital)',NULL,NULL,'published','[\"products\\/17.jpg\"]','HS-163-A0-A3',0,20,0,1,0,7,1,0,113,NULL,NULL,NULL,14.00,13.00,11.00,812.00,NULL,0,'2023-11-08 01:37:34','2023-11-08 01:37:48','in_stock',0,'Botble\\ACL\\Models\\User',NULL,'digital',NULL,NULL,0,NULL,0),(70,'All Natural Italian-Style Chicken Meatballs',NULL,NULL,'published','[\"products\\/18.jpg\"]','HS-126-A0',0,10,0,1,0,2,1,0,126,NULL,NULL,NULL,11.00,17.00,18.00,804.00,NULL,0,'2023-11-08 01:37:34','2023-11-08 01:37:48','in_stock',0,'Botble\\ACL\\Models\\User',NULL,'physical',NULL,NULL,0,NULL,0),(71,'All Natural Italian-Style Chicken Meatballs',NULL,NULL,'published','[\"products\\/18-1.jpg\"]','HS-126-A0-A1',0,10,0,1,0,2,1,0,126,NULL,NULL,NULL,11.00,17.00,18.00,804.00,NULL,0,'2023-11-08 01:37:34','2023-11-08 01:37:48','in_stock',0,'Botble\\ACL\\Models\\User',NULL,'physical',NULL,NULL,0,NULL,0),(72,'All Natural Italian-Style Chicken Meatballs',NULL,NULL,'published','[\"products\\/18.jpg\"]','HS-126-A0-A2',0,10,0,1,0,2,1,0,126,NULL,NULL,NULL,11.00,17.00,18.00,804.00,NULL,0,'2023-11-08 01:37:34','2023-11-08 01:37:48','in_stock',0,'Botble\\ACL\\Models\\User',NULL,'physical',NULL,NULL,0,NULL,0),(73,'All Natural Italian-Style Chicken Meatballs',NULL,NULL,'published','[\"products\\/18.jpg\"]','HS-126-A0-A3',0,10,0,1,0,2,1,0,126,NULL,NULL,NULL,11.00,17.00,18.00,804.00,NULL,0,'2023-11-08 01:37:34','2023-11-08 01:37:48','in_stock',0,'Botble\\ACL\\Models\\User',NULL,'physical',NULL,NULL,0,NULL,0),(74,'All Natural Italian-Style Chicken Meatballs',NULL,NULL,'published','[\"products\\/18.jpg\"]','HS-126-A0-A4',0,10,0,1,0,2,1,0,126,NULL,NULL,NULL,11.00,17.00,18.00,804.00,NULL,0,'2023-11-08 01:37:34','2023-11-08 01:37:48','in_stock',0,'Botble\\ACL\\Models\\User',NULL,'physical',NULL,NULL,0,NULL,0),(75,'Simply Lemonade with Raspberry Juice',NULL,NULL,'published','[\"products\\/19.jpg\"]','HS-166-A0',0,13,0,1,0,5,1,0,115,NULL,NULL,NULL,16.00,19.00,17.00,899.00,NULL,0,'2023-11-08 01:37:34','2023-11-08 01:37:48','in_stock',0,'Botble\\ACL\\Models\\User',NULL,'physical',NULL,NULL,0,NULL,0),(76,'Simply Lemonade with Raspberry Juice',NULL,NULL,'published','[\"products\\/19-1.jpg\"]','HS-166-A0-A1',0,13,0,1,0,5,1,0,115,NULL,NULL,NULL,16.00,19.00,17.00,899.00,NULL,0,'2023-11-08 01:37:34','2023-11-08 01:37:48','in_stock',0,'Botble\\ACL\\Models\\User',NULL,'physical',NULL,NULL,0,NULL,0),(77,'Perdue Simply Smart Organics Gluten Free',NULL,NULL,'published','[\"products\\/20.jpg\"]','HS-136-A0',0,13,0,1,0,7,1,0,119,98.77,NULL,NULL,11.00,18.00,16.00,791.00,NULL,0,'2023-11-08 01:37:34','2023-11-08 01:37:48','in_stock',0,'Botble\\ACL\\Models\\User',NULL,'physical',NULL,NULL,0,NULL,0),(78,'Perdue Simply Smart Organics Gluten Free',NULL,NULL,'published','[\"products\\/20-1.jpg\"]','HS-136-A0-A1',0,13,0,1,0,7,1,0,119,91.63,NULL,NULL,11.00,18.00,16.00,791.00,NULL,0,'2023-11-08 01:37:34','2023-11-08 01:37:48','in_stock',0,'Botble\\ACL\\Models\\User',NULL,'physical',NULL,NULL,0,NULL,0),(79,'Perdue Simply Smart Organics Gluten Free',NULL,NULL,'published','[\"products\\/20.jpg\"]','HS-136-A0-A2',0,13,0,1,0,7,1,0,119,105.91,NULL,NULL,11.00,18.00,16.00,791.00,NULL,0,'2023-11-08 01:37:34','2023-11-08 01:37:48','in_stock',0,'Botble\\ACL\\Models\\User',NULL,'physical',NULL,NULL,0,NULL,0),(80,'Chen Watermelon (Digital)',NULL,NULL,'published','[\"products\\/21.jpg\"]','HS-150-A0',0,14,0,1,0,5,1,0,115,NULL,NULL,NULL,12.00,16.00,17.00,655.00,NULL,0,'2023-11-08 01:37:34','2023-11-08 01:37:48','in_stock',0,'Botble\\ACL\\Models\\User',NULL,'digital',NULL,NULL,0,NULL,0),(81,'Chen Watermelon (Digital)',NULL,NULL,'published','[\"products\\/21-1.jpg\"]','HS-150-A0-A1',0,14,0,1,0,5,1,0,115,NULL,NULL,NULL,12.00,16.00,17.00,655.00,NULL,0,'2023-11-08 01:37:34','2023-11-08 01:37:48','in_stock',0,'Botble\\ACL\\Models\\User',NULL,'digital',NULL,NULL,0,NULL,0),(82,'Chen Watermelon (Digital)',NULL,NULL,'published','[\"products\\/21.jpg\"]','HS-150-A0-A2',0,14,0,1,0,5,1,0,115,NULL,NULL,NULL,12.00,16.00,17.00,655.00,NULL,0,'2023-11-08 01:37:34','2023-11-08 01:37:48','in_stock',0,'Botble\\ACL\\Models\\User',NULL,'digital',NULL,NULL,0,NULL,0),(83,'Organic Cage-Free Grade A Large Brown Eggs',NULL,NULL,'published','[\"products\\/22.jpg\"]','HS-189-A0',0,19,0,1,0,6,1,0,120,NULL,NULL,NULL,11.00,18.00,10.00,878.00,NULL,0,'2023-11-08 01:37:34','2023-11-08 01:37:48','in_stock',0,'Botble\\ACL\\Models\\User',NULL,'physical',NULL,NULL,0,NULL,0),(84,'Organic Cage-Free Grade A Large Brown Eggs',NULL,NULL,'published','[\"products\\/22-1.jpg\"]','HS-189-A0-A1',0,19,0,1,0,6,1,0,120,NULL,NULL,NULL,11.00,18.00,10.00,878.00,NULL,0,'2023-11-08 01:37:34','2023-11-08 01:37:48','in_stock',0,'Botble\\ACL\\Models\\User',NULL,'physical',NULL,NULL,0,NULL,0),(85,'Organic Cage-Free Grade A Large Brown Eggs',NULL,NULL,'published','[\"products\\/22.jpg\"]','HS-189-A0-A2',0,19,0,1,0,6,1,0,120,NULL,NULL,NULL,11.00,18.00,10.00,878.00,NULL,0,'2023-11-08 01:37:34','2023-11-08 01:37:48','in_stock',0,'Botble\\ACL\\Models\\User',NULL,'physical',NULL,NULL,0,NULL,0),(86,'Organic Cage-Free Grade A Large Brown Eggs',NULL,NULL,'published','[\"products\\/22.jpg\"]','HS-189-A0-A3',0,19,0,1,0,6,1,0,120,NULL,NULL,NULL,11.00,18.00,10.00,878.00,NULL,0,'2023-11-08 01:37:34','2023-11-08 01:37:48','in_stock',0,'Botble\\ACL\\Models\\User',NULL,'physical',NULL,NULL,0,NULL,0),(87,'Colorful Banana',NULL,NULL,'published','[\"products\\/23.jpg\"]','HS-124-A0',0,14,0,1,0,4,1,0,113,NULL,NULL,NULL,16.00,14.00,19.00,687.00,NULL,0,'2023-11-08 01:37:34','2023-11-08 01:37:48','in_stock',0,'Botble\\ACL\\Models\\User',NULL,'physical',NULL,NULL,0,NULL,0),(88,'Colorful Banana',NULL,NULL,'published','[\"products\\/23-1.jpg\"]','HS-124-A0-A1',0,14,0,1,0,4,1,0,113,NULL,NULL,NULL,16.00,14.00,19.00,687.00,NULL,0,'2023-11-08 01:37:35','2023-11-08 01:37:48','in_stock',0,'Botble\\ACL\\Models\\User',NULL,'physical',NULL,NULL,0,NULL,0),(89,'Signature Wood-Fired Mushroom and Caramelized',NULL,NULL,'published','[\"products\\/24.jpg\"]','HS-181-A0',0,12,0,1,0,1,1,0,115,81.65,NULL,NULL,10.00,13.00,15.00,893.00,NULL,0,'2023-11-08 01:37:35','2023-11-08 01:37:48','in_stock',0,'Botble\\ACL\\Models\\User',NULL,'physical',NULL,NULL,0,NULL,0),(90,'Signature Wood-Fired Mushroom and Caramelized',NULL,NULL,'published','[\"products\\/24-1.jpg\"]','HS-181-A0-A1',0,12,0,1,0,1,1,0,115,90.85,NULL,NULL,10.00,13.00,15.00,893.00,NULL,0,'2023-11-08 01:37:35','2023-11-08 01:37:48','in_stock',0,'Botble\\ACL\\Models\\User',NULL,'physical',NULL,NULL,0,NULL,0),(91,'Signature Wood-Fired Mushroom and Caramelized',NULL,NULL,'published','[\"products\\/24.jpg\"]','HS-181-A0-A2',0,12,0,1,0,1,1,0,115,98.9,NULL,NULL,10.00,13.00,15.00,893.00,NULL,0,'2023-11-08 01:37:35','2023-11-08 01:37:48','in_stock',0,'Botble\\ACL\\Models\\User',NULL,'physical',NULL,NULL,0,NULL,0),(92,'Signature Wood-Fired Mushroom and Caramelized',NULL,NULL,'published','[\"products\\/24.jpg\"]','HS-181-A0-A3',0,12,0,1,0,1,1,0,115,103.5,NULL,NULL,10.00,13.00,15.00,893.00,NULL,0,'2023-11-08 01:37:35','2023-11-08 01:37:48','in_stock',0,'Botble\\ACL\\Models\\User',NULL,'physical',NULL,NULL,0,NULL,0);
/*!40000 ALTER TABLE `ec_products` ENABLE KEYS */;
UNLOCK TABLES;

--
-- Table structure for table `ec_products_translations`
--

DROP TABLE IF EXISTS `ec_products_translations`;
/*!40101 SET @saved_cs_client     = @@character_set_client */;
/*!50503 SET character_set_client = utf8mb4 */;
CREATE TABLE `ec_products_translations` (
  `lang_code` varchar(191) COLLATE utf8mb4_unicode_ci NOT NULL,
  `ec_products_id` bigint unsigned NOT NULL,
  `name` varchar(191) COLLATE utf8mb4_unicode_ci DEFAULT NULL,
  `description` text COLLATE utf8mb4_unicode_ci,
  `content` text COLLATE utf8mb4_unicode_ci,
  PRIMARY KEY (`lang_code`,`ec_products_id`)
) ENGINE=InnoDB DEFAULT CHARSET=utf8mb4 COLLATE=utf8mb4_unicode_ci;
/*!40101 SET character_set_client = @saved_cs_client */;

--
-- Dumping data for table `ec_products_translations`
--

LOCK TABLES `ec_products_translations` WRITE;
/*!40000 ALTER TABLE `ec_products_translations` DISABLE KEYS */;
/*!40000 ALTER TABLE `ec_products_translations` ENABLE KEYS */;
UNLOCK TABLES;

--
-- Table structure for table `ec_reviews`
--

DROP TABLE IF EXISTS `ec_reviews`;
/*!40101 SET @saved_cs_client     = @@character_set_client */;
/*!50503 SET character_set_client = utf8mb4 */;
CREATE TABLE `ec_reviews` (
  `id` bigint unsigned NOT NULL AUTO_INCREMENT,
  `customer_id` bigint unsigned NOT NULL,
  `product_id` bigint unsigned NOT NULL,
  `star` double(8,2) NOT NULL,
  `comment` text CHARACTER SET utf8mb4 COLLATE utf8mb4_unicode_ci NOT NULL,
  `status` varchar(60) COLLATE utf8mb4_unicode_ci NOT NULL DEFAULT 'published',
  `created_at` timestamp NULL DEFAULT NULL,
  `updated_at` timestamp NULL DEFAULT NULL,
  `images` text COLLATE utf8mb4_unicode_ci,
  PRIMARY KEY (`id`),
  UNIQUE KEY `ec_reviews_product_id_customer_id_unique` (`product_id`,`customer_id`),
  KEY `ec_reviews_product_id_customer_id_status_created_at_index` (`product_id`,`customer_id`,`status`,`created_at`),
  KEY `review_relation_index` (`product_id`,`customer_id`,`status`)
) ENGINE=InnoDB AUTO_INCREMENT=101 DEFAULT CHARSET=utf8mb4 COLLATE=utf8mb4_unicode_ci;
/*!40101 SET character_set_client = @saved_cs_client */;

--
-- Dumping data for table `ec_reviews`
--

LOCK TABLES `ec_reviews` WRITE;
/*!40000 ALTER TABLE `ec_reviews` DISABLE KEYS */;
INSERT INTO `ec_reviews` VALUES (1,4,14,4.00,'The best store template! Excellent coding! Very good support! Thank you so much for all the help, I really appreciated.','published','2023-11-08 01:37:38','2023-11-08 01:37:38','[\"products\\/2.jpg\",\"products\\/7.jpg\"]'),(2,9,4,3.00,'As a developer I reviewed this script. This is really awesome ecommerce script. I have convinced when I noticed that it\'s built on fully WordPress concept.','published','2023-11-08 01:37:38','2023-11-08 01:37:38','{\"0\":\"products\\/2.jpg\",\"2\":\"products\\/17.jpg\"}'),(3,9,2,3.00,'Great system, great support, good job Botble. I\'m looking forward to more great functional plugins.','published','2023-11-08 01:37:38','2023-11-08 01:37:38','[\"products\\/3.jpg\"]'),(4,7,16,4.00,'Clean & perfect source code','published','2023-11-08 01:37:38','2023-11-08 01:37:38','[\"products\\/1.jpg\",\"products\\/6.jpg\"]'),(5,5,8,4.00,'It\'s not my first experience here on Codecanyon and I can honestly tell you all that Botble puts a LOT of effort into the support. They answer so fast, they helped me tons of times. REALLY by far THE BEST EXPERIENCE on Codecanyon. Those guys at Botble are so good that they deserve 5 stars. I recommend them, I trust them and I can\'t wait to see what they will sell in a near future. Thank you Botble :)','published','2023-11-08 01:37:38','2023-11-08 01:37:38','[\"products\\/1.jpg\",\"products\\/6.jpg\"]'),(6,3,22,1.00,'Perfect +++++++++ i love it really also i get to fast ticket answers... Thanks Lot BOTBLE Teams','published','2023-11-08 01:37:38','2023-11-08 01:37:38','[\"products\\/4.jpg\",\"products\\/5.jpg\"]'),(7,7,23,2.00,'For me the best eCommerce script on Envato at this moment: modern, clean code, a lot of great features. The customer support is great too: I always get an answer within hours!','published','2023-11-08 01:37:38','2023-11-08 01:37:38','[\"products\\/1.jpg\"]'),(8,2,23,3.00,'The best ecommerce CMS! Excellent coding! best support service! Thank you so much..... I really like your hard work.','published','2023-11-08 01:37:38','2023-11-08 01:37:38','[\"products\\/3.jpg\",\"products\\/5.jpg\",\"products\\/24.jpg\"]'),(9,6,16,5.00,'Second or third time that I buy a Botble product, happy with the products and support. You guys do a good job :)','published','2023-11-08 01:37:38','2023-11-08 01:37:38','[\"products\\/2.jpg\",\"products\\/7.jpg\"]'),(10,5,21,5.00,'Great system, great support, good job Botble. I\'m looking forward to more great functional plugins.','published','2023-11-08 01:37:38','2023-11-08 01:37:38','{\"0\":\"products\\/1.jpg\",\"2\":\"products\\/17.jpg\"}'),(11,1,5,4.00,'For me the best eCommerce script on Envato at this moment: modern, clean code, a lot of great features. The customer support is great too: I always get an answer within hours!','published','2023-11-08 01:37:38','2023-11-08 01:37:38','[\"products\\/3.jpg\",\"products\\/7.jpg\"]'),(12,3,7,2.00,'Best ecommerce CMS online store!','published','2023-11-08 01:37:38','2023-11-08 01:37:38','[\"products\\/2.jpg\"]'),(13,9,21,4.00,'Those guys now what they are doing, the release such a good product that it\'s a pleasure to work with ! Even when I was stuck on the project, I created a ticket and the next day it was replied by the team. GOOD JOB guys. I love working with them :)','published','2023-11-08 01:37:38','2023-11-08 01:37:38','[\"products\\/2.jpg\",\"products\\/5.jpg\"]'),(14,10,19,3.00,'Customer Support are grade (A*), however the code is a way too over engineered for it\'s purpose.','published','2023-11-08 01:37:38','2023-11-08 01:37:38','[\"products\\/1.jpg\",\"products\\/5.jpg\",\"products\\/20.jpg\"]'),(15,8,24,5.00,'The best store template! Excellent coding! Very good support! Thank you so much for all the help, I really appreciated.','published','2023-11-08 01:37:38','2023-11-08 01:37:38','[\"products\\/1.jpg\",\"products\\/5.jpg\"]'),(16,7,8,2.00,'The script is the best of its class, fast, easy to implement and work with , and the most important thing is the great support team , Recommend with no doubt.','published','2023-11-08 01:37:38','2023-11-08 01:37:38','[\"products\\/2.jpg\"]'),(18,8,7,2.00,'Great system, great support, good job Botble. I\'m looking forward to more great functional plugins.','published','2023-11-08 01:37:38','2023-11-08 01:37:38','[\"products\\/1.jpg\"]'),(19,7,9,1.00,'We have received brilliant service support and will be expanding the features with the developer. Nice product!','published','2023-11-08 01:37:38','2023-11-08 01:37:38','[\"products\\/1.jpg\",\"products\\/7.jpg\"]'),(20,10,8,4.00,'The script is the best of its class, fast, easy to implement and work with , and the most important thing is the great support team , Recommend with no doubt.','published','2023-11-08 01:37:38','2023-11-08 01:37:38','[\"products\\/4.jpg\"]'),(21,2,2,5.00,'Second or third time that I buy a Botble product, happy with the products and support. You guys do a good job :)','published','2023-11-08 01:37:38','2023-11-08 01:37:38','[\"products\\/2.jpg\",\"products\\/5.jpg\"]'),(23,9,22,3.00,'Great E-commerce system. And much more : Wonderful Customer Support.','published','2023-11-08 01:37:38','2023-11-08 01:37:38','[\"products\\/3.jpg\",\"products\\/6.jpg\"]'),(24,7,7,1.00,'The best store template! Excellent coding! Very good support! Thank you so much for all the help, I really appreciated.','published','2023-11-08 01:37:38','2023-11-08 01:37:38','[\"products\\/2.jpg\",\"products\\/5.jpg\",\"products\\/16.jpg\"]'),(26,2,20,4.00,'Great system, great support, good job Botble. I\'m looking forward to more great functional plugins.','published','2023-11-08 01:37:38','2023-11-08 01:37:38','[\"products\\/4.jpg\"]'),(27,9,13,4.00,'I Love this Script. I also found how to add other fees. Now I just wait the BIG update for the Marketplace with the Bulk Import. Just do not forget to make it to be Multi-language for us the Botble Fans.','published','2023-11-08 01:37:38','2023-11-08 01:37:38','[\"products\\/1.jpg\",\"products\\/7.jpg\"]'),(28,5,5,4.00,'Ok good product. I have some issues in customizations. But its not correct to blame the developer. The product is good. Good luck for your business.','published','2023-11-08 01:37:38','2023-11-08 01:37:38','[\"products\\/1.jpg\"]'),(29,8,16,2.00,'Great system, great support, good job Botble. I\'m looking forward to more great functional plugins.','published','2023-11-08 01:37:38','2023-11-08 01:37:38','[\"products\\/2.jpg\",\"products\\/6.jpg\",\"products\\/20.jpg\"]'),(30,1,18,5.00,'This script is well coded and is super fast. The support is pretty quick. Very patient and helpful team. I strongly recommend it and they deserve more than 5 stars.','published','2023-11-08 01:37:38','2023-11-08 01:37:38','{\"0\":\"products\\/4.jpg\",\"2\":\"products\\/20.jpg\"}'),(32,9,20,1.00,'These guys are amazing! Responses immediately, amazing support and help... I immediately feel at ease after Purchasing..','published','2023-11-08 01:37:38','2023-11-08 01:37:38','[\"products\\/1.jpg\",\"products\\/5.jpg\",\"products\\/19.jpg\"]'),(33,2,13,5.00,'Good app, good backup service and support. Good documentation.','published','2023-11-08 01:37:38','2023-11-08 01:37:38','[\"products\\/1.jpg\",\"products\\/6.jpg\",\"products\\/23.jpg\"]'),(34,8,13,4.00,'The script is the best of its class, fast, easy to implement and work with , and the most important thing is the great support team , Recommend with no doubt.','published','2023-11-08 01:37:38','2023-11-08 01:37:38','[\"products\\/2.jpg\",\"products\\/6.jpg\"]'),(36,4,15,5.00,'Cool template. Excellent code quality. The support responds very quickly, which is very rare on themeforest and codecanyon.net, I buy a lot of templates, and everyone will have a response from technical support for two or three days. Thanks to tech support. I recommend to buy.','published','2023-11-08 01:37:38','2023-11-08 01:37:38','[\"products\\/2.jpg\",\"products\\/6.jpg\"]'),(37,8,18,4.00,'The best store template! Excellent coding! Very good support! Thank you so much for all the help, I really appreciated.','published','2023-11-08 01:37:38','2023-11-08 01:37:38','[\"products\\/1.jpg\",\"products\\/6.jpg\"]'),(38,4,6,4.00,'This web app is really good in design, code quality & features. Besides, the customer support provided by the Botble team was really fast & helpful. You guys are awesome!','published','2023-11-08 01:37:38','2023-11-08 01:37:38','[\"products\\/2.jpg\",\"products\\/7.jpg\",\"products\\/10.jpg\"]'),(39,3,2,2.00,'The script is the best of its class, fast, easy to implement and work with , and the most important thing is the great support team , Recommend with no doubt.','published','2023-11-08 01:37:38','2023-11-08 01:37:38','[\"products\\/4.jpg\",\"products\\/7.jpg\"]'),(40,7,3,1.00,'I Love this Script. I also found how to add other fees. Now I just wait the BIG update for the Marketplace with the Bulk Import. Just do not forget to make it to be Multi-language for us the Botble Fans.','published','2023-11-08 01:37:38','2023-11-08 01:37:38','[\"products\\/4.jpg\",\"products\\/5.jpg\",\"products\\/16.jpg\"]'),(41,5,13,2.00,'This script is well coded and is super fast. The support is pretty quick. Very patient and helpful team. I strongly recommend it and they deserve more than 5 stars.','published','2023-11-08 01:37:38','2023-11-08 01:37:38','[\"products\\/2.jpg\",\"products\\/5.jpg\"]'),(42,2,18,1.00,'Amazing code, amazing support. Overall, im really confident in Botble and im happy I made the right choice! Thank you so much guys for coding this masterpiece','published','2023-11-08 01:37:38','2023-11-08 01:37:38','[\"products\\/4.jpg\"]'),(43,1,4,1.00,'Those guys now what they are doing, the release such a good product that it\'s a pleasure to work with ! Even when I was stuck on the project, I created a ticket and the next day it was replied by the team. GOOD JOB guys. I love working with them :)','published','2023-11-08 01:37:38','2023-11-08 01:37:38','[\"products\\/4.jpg\",\"products\\/6.jpg\",\"products\\/21.jpg\"]'),(45,1,20,2.00,'Customer Support are grade (A*), however the code is a way too over engineered for it\'s purpose.','published','2023-11-08 01:37:38','2023-11-08 01:37:38','{\"0\":\"products\\/4.jpg\",\"2\":\"products\\/22.jpg\"}'),(46,5,2,2.00,'The script is the best of its class, fast, easy to implement and work with , and the most important thing is the great support team , Recommend with no doubt.','published','2023-11-08 01:37:38','2023-11-08 01:37:38','[\"products\\/1.jpg\"]'),(47,10,6,2.00,'These guys are amazing! Responses immediately, amazing support and help... I immediately feel at ease after Purchasing..','published','2023-11-08 01:37:38','2023-11-08 01:37:38','{\"0\":\"products\\/4.jpg\",\"2\":\"products\\/16.jpg\"}'),(48,7,19,2.00,'Clean & perfect source code','published','2023-11-08 01:37:38','2023-11-08 01:37:38','[\"products\\/4.jpg\",\"products\\/5.jpg\"]'),(49,2,8,3.00,'Great system, great support, good job Botble. I\'m looking forward to more great functional plugins.','published','2023-11-08 01:37:38','2023-11-08 01:37:38','[\"products\\/1.jpg\",\"products\\/6.jpg\",\"products\\/24.jpg\"]'),(50,8,23,5.00,'The code is good, in general, if you like it, can you give it 5 stars?','published','2023-11-08 01:37:38','2023-11-08 01:37:38','[\"products\\/3.jpg\",\"products\\/7.jpg\"]'),(53,9,7,3.00,'It\'s not my first experience here on Codecanyon and I can honestly tell you all that Botble puts a LOT of effort into the support. They answer so fast, they helped me tons of times. REALLY by far THE BEST EXPERIENCE on Codecanyon. Those guys at Botble are so good that they deserve 5 stars. I recommend them, I trust them and I can\'t wait to see what they will sell in a near future. Thank you Botble :)','published','2023-11-08 01:37:38','2023-11-08 01:37:38','[\"products\\/3.jpg\"]'),(54,10,1,5.00,'Clean & perfect source code','published','2023-11-08 01:37:38','2023-11-08 01:37:38','[\"products\\/3.jpg\",\"products\\/5.jpg\"]'),(55,7,12,3.00,'Amazing code, amazing support. Overall, im really confident in Botble and im happy I made the right choice! Thank you so much guys for coding this masterpiece','published','2023-11-08 01:37:38','2023-11-08 01:37:38','[\"products\\/4.jpg\",\"products\\/5.jpg\",\"products\\/21.jpg\"]'),(56,6,20,1.00,'Customer Support are grade (A*), however the code is a way too over engineered for it\'s purpose.','published','2023-11-08 01:37:38','2023-11-08 01:37:38','[\"products\\/1.jpg\",\"products\\/7.jpg\"]'),(58,7,1,1.00,'For me the best eCommerce script on Envato at this moment: modern, clean code, a lot of great features. The customer support is great too: I always get an answer within hours!','published','2023-11-08 01:37:38','2023-11-08 01:37:38','[\"products\\/2.jpg\",\"products\\/6.jpg\",\"products\\/20.jpg\"]'),(59,10,20,1.00,'For me the best eCommerce script on Envato at this moment: modern, clean code, a lot of great features. The customer support is great too: I always get an answer within hours!','published','2023-11-08 01:37:38','2023-11-08 01:37:38','[\"products\\/2.jpg\",\"products\\/7.jpg\"]'),(60,4,7,1.00,'The best ecommerce CMS! Excellent coding! best support service! Thank you so much..... I really like your hard work.','published','2023-11-08 01:37:38','2023-11-08 01:37:38','[\"products\\/2.jpg\",\"products\\/6.jpg\"]'),(63,9,5,2.00,'We have received brilliant service support and will be expanding the features with the developer. Nice product!','published','2023-11-08 01:37:38','2023-11-08 01:37:38','[\"products\\/3.jpg\"]'),(64,2,4,2.00,'As a developer I reviewed this script. This is really awesome ecommerce script. I have convinced when I noticed that it\'s built on fully WordPress concept.','published','2023-11-08 01:37:38','2023-11-08 01:37:38','[\"products\\/4.jpg\",\"products\\/5.jpg\"]'),(65,2,5,2.00,'I Love this Script. I also found how to add other fees. Now I just wait the BIG update for the Marketplace with the Bulk Import. Just do not forget to make it to be Multi-language for us the Botble Fans.','published','2023-11-08 01:37:38','2023-11-08 01:37:38','[\"products\\/2.jpg\"]'),(68,4,3,3.00,'Clean & perfect source code','published','2023-11-08 01:37:38','2023-11-08 01:37:38','[\"products\\/1.jpg\",\"products\\/5.jpg\"]'),(69,3,4,1.00,'Clean & perfect source code','published','2023-11-08 01:37:38','2023-11-08 01:37:38','[\"products\\/1.jpg\",\"products\\/7.jpg\"]'),(70,3,15,2.00,'Great system, great support, good job Botble. I\'m looking forward to more great functional plugins.','published','2023-11-08 01:37:38','2023-11-08 01:37:38','{\"0\":\"products\\/1.jpg\",\"2\":\"products\\/11.jpg\"}'),(71,9,15,3.00,'It\'s not my first experience here on Codecanyon and I can honestly tell you all that Botble puts a LOT of effort into the support. They answer so fast, they helped me tons of times. REALLY by far THE BEST EXPERIENCE on Codecanyon. Those guys at Botble are so good that they deserve 5 stars. I recommend them, I trust them and I can\'t wait to see what they will sell in a near future. Thank you Botble :)','published','2023-11-08 01:37:38','2023-11-08 01:37:38','[\"products\\/3.jpg\"]'),(72,4,4,2.00,'Clean & perfect source code','published','2023-11-08 01:37:38','2023-11-08 01:37:38','[\"products\\/2.jpg\"]'),(74,6,11,3.00,'The best ecommerce CMS! Excellent coding! best support service! Thank you so much..... I really like your hard work.','published','2023-11-08 01:37:38','2023-11-08 01:37:38','[\"products\\/4.jpg\",\"products\\/6.jpg\",\"products\\/24.jpg\"]'),(75,9,11,4.00,'Cool template. Excellent code quality. The support responds very quickly, which is very rare on themeforest and codecanyon.net, I buy a lot of templates, and everyone will have a response from technical support for two or three days. Thanks to tech support. I recommend to buy.','published','2023-11-08 01:37:38','2023-11-08 01:37:38','[\"products\\/1.jpg\",\"products\\/5.jpg\"]'),(76,6,18,1.00,'Cool template. Excellent code quality. The support responds very quickly, which is very rare on themeforest and codecanyon.net, I buy a lot of templates, and everyone will have a response from technical support for two or three days. Thanks to tech support. I recommend to buy.','published','2023-11-08 01:37:38','2023-11-08 01:37:38','{\"0\":\"products\\/4.jpg\",\"2\":\"products\\/21.jpg\"}'),(77,10,21,4.00,'Great E-commerce system. And much more : Wonderful Customer Support.','published','2023-11-08 01:37:38','2023-11-08 01:37:38','[\"products\\/4.jpg\",\"products\\/7.jpg\",\"products\\/17.jpg\"]'),(80,9,16,5.00,'Great system, great support, good job Botble. I\'m looking forward to more great functional plugins.','published','2023-11-08 01:37:38','2023-11-08 01:37:38','[\"products\\/1.jpg\",\"products\\/6.jpg\"]'),(81,3,18,3.00,'Great E-commerce system. And much more : Wonderful Customer Support.','published','2023-11-08 01:37:38','2023-11-08 01:37:38','[\"products\\/1.jpg\"]'),(83,2,11,1.00,'Second or third time that I buy a Botble product, happy with the products and support. You guys do a good job :)','published','2023-11-08 01:37:38','2023-11-08 01:37:38','[\"products\\/3.jpg\",\"products\\/5.jpg\",\"products\\/15.jpg\"]'),(84,5,12,4.00,'As a developer I reviewed this script. This is really awesome ecommerce script. I have convinced when I noticed that it\'s built on fully WordPress concept.','published','2023-11-08 01:37:38','2023-11-08 01:37:38','[\"products\\/2.jpg\",\"products\\/5.jpg\"]'),(87,6,4,4.00,'Very enthusiastic support! Excellent code is written. It\'s a true pleasure working with.','published','2023-11-08 01:37:38','2023-11-08 01:37:38','[\"products\\/3.jpg\",\"products\\/5.jpg\"]'),(89,4,8,2.00,'Great E-commerce system. And much more : Wonderful Customer Support.','published','2023-11-08 01:37:38','2023-11-08 01:37:38','[\"products\\/4.jpg\",\"products\\/6.jpg\"]'),(90,1,9,4.00,'Great E-commerce system. And much more : Wonderful Customer Support.','published','2023-11-08 01:37:38','2023-11-08 01:37:38','[\"products\\/4.jpg\",\"products\\/7.jpg\"]'),(91,4,18,1.00,'The best ecommerce CMS! Excellent coding! best support service! Thank you so much..... I really like your hard work.','published','2023-11-08 01:37:38','2023-11-08 01:37:38','[\"products\\/2.jpg\",\"products\\/5.jpg\"]'),(92,2,9,5.00,'The best store template! Excellent coding! Very good support! Thank you so much for all the help, I really appreciated.','published','2023-11-08 01:37:38','2023-11-08 01:37:38','[\"products\\/1.jpg\",\"products\\/7.jpg\",\"products\\/14.jpg\"]'),(93,2,24,4.00,'Second or third time that I buy a Botble product, happy with the products and support. You guys do a good job :)','published','2023-11-08 01:37:38','2023-11-08 01:37:38','[\"products\\/1.jpg\",\"products\\/7.jpg\",\"products\\/14.jpg\"]'),(94,5,23,3.00,'Best ecommerce CMS online store!','published','2023-11-08 01:37:38','2023-11-08 01:37:38','[\"products\\/2.jpg\"]'),(96,2,16,1.00,'As a developer I reviewed this script. This is really awesome ecommerce script. I have convinced when I noticed that it\'s built on fully WordPress concept.','published','2023-11-08 01:37:38','2023-11-08 01:37:38','[\"products\\/4.jpg\"]'),(97,1,12,3.00,'The script is the best of its class, fast, easy to implement and work with , and the most important thing is the great support team , Recommend with no doubt.','published','2023-11-08 01:37:38','2023-11-08 01:37:38','[\"products\\/3.jpg\"]'),(99,4,13,4.00,'The script is the best of its class, fast, easy to implement and work with , and the most important thing is the great support team , Recommend with no doubt.','published','2023-11-08 01:37:38','2023-11-08 01:37:38','[\"products\\/4.jpg\",\"products\\/7.jpg\",\"products\\/8.jpg\"]'),(100,7,22,4.00,'Ok good product. I have some issues in customizations. But its not correct to blame the developer. The product is good. Good luck for your business.','published','2023-11-08 01:37:38','2023-11-08 01:37:38','[\"products\\/2.jpg\",\"products\\/6.jpg\"]');
/*!40000 ALTER TABLE `ec_reviews` ENABLE KEYS */;
UNLOCK TABLES;

--
-- Table structure for table `ec_shipment_histories`
--

DROP TABLE IF EXISTS `ec_shipment_histories`;
/*!40101 SET @saved_cs_client     = @@character_set_client */;
/*!50503 SET character_set_client = utf8mb4 */;
CREATE TABLE `ec_shipment_histories` (
  `id` bigint unsigned NOT NULL AUTO_INCREMENT,
  `action` varchar(120) COLLATE utf8mb4_unicode_ci NOT NULL,
  `description` varchar(255) COLLATE utf8mb4_unicode_ci NOT NULL,
  `user_id` bigint unsigned DEFAULT NULL,
  `shipment_id` bigint unsigned NOT NULL,
  `order_id` bigint unsigned NOT NULL,
  `created_at` timestamp NULL DEFAULT NULL,
  `updated_at` timestamp NULL DEFAULT NULL,
  `user_type` varchar(255) COLLATE utf8mb4_unicode_ci NOT NULL DEFAULT 'Botble\\ACL\\Models\\User',
  PRIMARY KEY (`id`)
) ENGINE=InnoDB AUTO_INCREMENT=78 DEFAULT CHARSET=utf8mb4 COLLATE=utf8mb4_unicode_ci;
/*!40101 SET character_set_client = @saved_cs_client */;

--
-- Dumping data for table `ec_shipment_histories`
--

LOCK TABLES `ec_shipment_histories` WRITE;
/*!40000 ALTER TABLE `ec_shipment_histories` DISABLE KEYS */;
INSERT INTO `ec_shipment_histories` VALUES (1,'create_from_order','Shipping was created from order %order_id%',0,1,1,'2023-10-27 09:37:48','2023-10-27 09:37:48','Botble\\ACL\\Models\\User'),(2,'update_status','Changed status of shipping to: Approved. Updated by: %user_name%',0,1,1,'2023-11-06 09:37:48','2023-11-08 01:37:48','Botble\\ACL\\Models\\User'),(3,'update_status','Changed status of shipping to: Delivered. Updated by: %user_name%',0,1,1,'2023-11-08 01:37:48','2023-11-08 01:37:48','Botble\\ACL\\Models\\User'),(4,'create_from_order','Shipping was created from order %order_id%',0,2,4,'2023-11-03 07:37:49','2023-11-03 07:37:49','Botble\\ACL\\Models\\User'),(5,'update_status','Changed status of shipping to: Approved. Updated by: %user_name%',0,2,4,'2023-11-06 11:37:49','2023-11-08 01:37:49','Botble\\ACL\\Models\\User'),(6,'create_from_order','Shipping was created from order %order_id%',0,3,6,'2023-11-03 13:37:49','2023-11-03 13:37:49','Botble\\ACL\\Models\\User'),(7,'update_status','Changed status of shipping to: Approved. Updated by: %user_name%',0,3,6,'2023-11-06 13:37:49','2023-11-08 01:37:49','Botble\\ACL\\Models\\User'),(8,'create_from_order','Shipping was created from order %order_id%',0,4,8,'2023-10-31 13:37:49','2023-10-31 13:37:49','Botble\\ACL\\Models\\User'),(9,'update_status','Changed status of shipping to: Approved. Updated by: %user_name%',0,4,8,'2023-11-06 13:37:49','2023-11-08 01:37:49','Botble\\ACL\\Models\\User'),(10,'create_from_order','Shipping was created from order %order_id%',0,5,9,'2023-10-29 03:37:49','2023-10-29 03:37:49','Botble\\ACL\\Models\\User'),(11,'update_status','Changed status of shipping to: Approved. Updated by: %user_name%',0,5,9,'2023-11-06 15:37:49','2023-11-08 01:37:49','Botble\\ACL\\Models\\User'),(12,'create_from_order','Shipping was created from order %order_id%',0,6,10,'2023-10-26 07:37:49','2023-10-26 07:37:49','Botble\\ACL\\Models\\User'),(13,'update_status','Changed status of shipping to: Approved. Updated by: %user_name%',0,6,10,'2023-11-06 15:37:49','2023-11-08 01:37:49','Botble\\ACL\\Models\\User'),(14,'update_status','Changed status of shipping to: Delivered. Updated by: %user_name%',0,6,10,'2023-11-08 01:37:49','2023-11-08 01:37:49','Botble\\ACL\\Models\\User'),(15,'create_from_order','Shipping was created from order %order_id%',0,7,11,'2023-11-05 05:37:49','2023-11-05 05:37:49','Botble\\ACL\\Models\\User'),(16,'update_status','Changed status of shipping to: Approved. Updated by: %user_name%',0,7,11,'2023-11-06 15:37:49','2023-11-08 01:37:49','Botble\\ACL\\Models\\User'),(17,'update_status','Changed status of shipping to: Delivered. Updated by: %user_name%',0,7,11,'2023-11-08 01:37:49','2023-11-08 01:37:49','Botble\\ACL\\Models\\User'),(18,'create_from_order','Shipping was created from order %order_id%',0,8,16,'2023-11-01 19:37:49','2023-11-01 19:37:49','Botble\\ACL\\Models\\User'),(19,'update_status','Changed status of shipping to: Approved. Updated by: %user_name%',0,8,16,'2023-11-06 19:37:49','2023-11-08 01:37:49','Botble\\ACL\\Models\\User'),(20,'update_status','Changed status of shipping to: Delivered. Updated by: %user_name%',0,8,16,'2023-11-08 01:37:49','2023-11-08 01:37:49','Botble\\ACL\\Models\\User'),(21,'create_from_order','Shipping was created from order %order_id%',0,9,17,'2023-11-01 01:37:49','2023-11-01 01:37:49','Botble\\ACL\\Models\\User'),(22,'update_status','Changed status of shipping to: Approved. Updated by: %user_name%',0,9,17,'2023-11-06 21:37:49','2023-11-08 01:37:49','Botble\\ACL\\Models\\User'),(23,'create_from_order','Shipping was created from order %order_id%',0,10,18,'2023-10-27 09:37:49','2023-10-27 09:37:49','Botble\\ACL\\Models\\User'),(24,'update_status','Changed status of shipping to: Approved. Updated by: %user_name%',0,10,18,'2023-11-06 21:37:50','2023-11-08 01:37:50','Botble\\ACL\\Models\\User'),(25,'create_from_order','Shipping was created from order %order_id%',0,11,21,'2023-11-01 01:37:50','2023-11-01 01:37:50','Botble\\ACL\\Models\\User'),(26,'update_status','Changed status of shipping to: Approved. Updated by: %user_name%',0,11,21,'2023-11-07 01:37:50','2023-11-08 01:37:50','Botble\\ACL\\Models\\User'),(27,'update_status','Changed status of shipping to: Delivered. Updated by: %user_name%',0,11,21,'2023-11-08 01:37:50','2023-11-08 01:37:50','Botble\\ACL\\Models\\User'),(28,'create_from_order','Shipping was created from order %order_id%',0,12,24,'2023-11-06 05:37:50','2023-11-06 05:37:50','Botble\\ACL\\Models\\User'),(29,'update_status','Changed status of shipping to: Approved. Updated by: %user_name%',0,12,24,'2023-11-07 03:37:50','2023-11-08 01:37:50','Botble\\ACL\\Models\\User'),(30,'update_status','Changed status of shipping to: Delivered. Updated by: %user_name%',0,12,24,'2023-11-08 01:37:50','2023-11-08 01:37:50','Botble\\ACL\\Models\\User'),(31,'create_from_order','Shipping was created from order %order_id%',0,13,25,'2023-11-04 17:37:50','2023-11-04 17:37:50','Botble\\ACL\\Models\\User'),(32,'update_status','Changed status of shipping to: Approved. Updated by: %user_name%',0,13,25,'2023-11-07 05:37:50','2023-11-08 01:37:50','Botble\\ACL\\Models\\User'),(33,'create_from_order','Shipping was created from order %order_id%',0,14,26,'2023-10-30 17:37:50','2023-10-30 17:37:50','Botble\\ACL\\Models\\User'),(34,'update_status','Changed status of shipping to: Approved. Updated by: %user_name%',0,14,26,'2023-11-07 05:37:50','2023-11-08 01:37:50','Botble\\ACL\\Models\\User'),(35,'create_from_order','Shipping was created from order %order_id%',0,15,27,'2023-11-01 07:37:50','2023-11-01 07:37:50','Botble\\ACL\\Models\\User'),(36,'update_status','Changed status of shipping to: Approved. Updated by: %user_name%',0,15,27,'2023-11-07 07:37:50','2023-11-08 01:37:50','Botble\\ACL\\Models\\User'),(37,'create_from_order','Shipping was created from order %order_id%',0,16,28,'2023-11-06 13:37:50','2023-11-06 13:37:50','Botble\\ACL\\Models\\User'),(38,'update_status','Changed status of shipping to: Approved. Updated by: %user_name%',0,16,28,'2023-11-07 07:37:50','2023-11-08 01:37:50','Botble\\ACL\\Models\\User'),(39,'create_from_order','Shipping was created from order %order_id%',0,17,30,'2023-11-03 09:37:50','2023-11-03 09:37:50','Botble\\ACL\\Models\\User'),(40,'update_status','Changed status of shipping to: Approved. Updated by: %user_name%',0,17,30,'2023-11-07 09:37:50','2023-11-08 01:37:50','Botble\\ACL\\Models\\User'),(41,'create_from_order','Shipping was created from order %order_id%',0,18,31,'2023-11-02 17:37:50','2023-11-02 17:37:50','Botble\\ACL\\Models\\User'),(42,'update_status','Changed status of shipping to: Approved. Updated by: %user_name%',0,18,31,'2023-11-07 09:37:50','2023-11-08 01:37:50','Botble\\ACL\\Models\\User'),(43,'create_from_order','Shipping was created from order %order_id%',0,19,32,'2023-11-06 01:37:50','2023-11-06 01:37:50','Botble\\ACL\\Models\\User'),(44,'update_status','Changed status of shipping to: Approved. Updated by: %user_name%',0,19,32,'2023-11-07 09:37:51','2023-11-08 01:37:51','Botble\\ACL\\Models\\User'),(45,'create_from_order','Shipping was created from order %order_id%',0,20,33,'2023-11-06 07:37:51','2023-11-06 07:37:51','Botble\\ACL\\Models\\User'),(46,'update_status','Changed status of shipping to: Approved. Updated by: %user_name%',0,20,33,'2023-11-07 11:37:51','2023-11-08 01:37:51','Botble\\ACL\\Models\\User'),(47,'update_status','Changed status of shipping to: Delivered. Updated by: %user_name%',0,20,33,'2023-11-08 01:37:51','2023-11-08 01:37:51','Botble\\ACL\\Models\\User'),(48,'create_from_order','Shipping was created from order %order_id%',0,21,34,'2023-11-03 09:37:51','2023-11-03 09:37:51','Botble\\ACL\\Models\\User'),(49,'update_status','Changed status of shipping to: Approved. Updated by: %user_name%',0,21,34,'2023-11-07 11:37:51','2023-11-08 01:37:51','Botble\\ACL\\Models\\User'),(50,'update_status','Changed status of shipping to: Delivered. Updated by: %user_name%',0,21,34,'2023-11-08 01:37:51','2023-11-08 01:37:51','Botble\\ACL\\Models\\User'),(51,'create_from_order','Shipping was created from order %order_id%',0,22,37,'2023-11-03 13:37:51','2023-11-03 13:37:51','Botble\\ACL\\Models\\User'),(52,'update_status','Changed status of shipping to: Approved. Updated by: %user_name%',0,22,37,'2023-11-07 13:37:51','2023-11-08 01:37:51','Botble\\ACL\\Models\\User'),(53,'create_from_order','Shipping was created from order %order_id%',0,23,38,'2023-11-04 17:37:51','2023-11-04 17:37:51','Botble\\ACL\\Models\\User'),(54,'update_status','Changed status of shipping to: Approved. Updated by: %user_name%',0,23,38,'2023-11-07 15:37:51','2023-11-08 01:37:51','Botble\\ACL\\Models\\User'),(55,'create_from_order','Shipping was created from order %order_id%',0,24,39,'2023-11-05 23:37:51','2023-11-05 23:37:51','Botble\\ACL\\Models\\User'),(56,'update_status','Changed status of shipping to: Approved. Updated by: %user_name%',0,24,39,'2023-11-07 15:37:51','2023-11-08 01:37:51','Botble\\ACL\\Models\\User'),(57,'create_from_order','Shipping was created from order %order_id%',0,25,40,'2023-11-06 19:37:51','2023-11-06 19:37:51','Botble\\ACL\\Models\\User'),(58,'update_status','Changed status of shipping to: Approved. Updated by: %user_name%',0,25,40,'2023-11-07 15:37:51','2023-11-08 01:37:51','Botble\\ACL\\Models\\User'),(59,'update_status','Changed status of shipping to: Delivered. Updated by: %user_name%',0,25,40,'2023-11-08 01:37:51','2023-11-08 01:37:51','Botble\\ACL\\Models\\User'),(60,'create_from_order','Shipping was created from order %order_id%',0,26,41,'2023-11-07 09:37:51','2023-11-07 09:37:51','Botble\\ACL\\Models\\User'),(61,'update_status','Changed status of shipping to: Approved. Updated by: %user_name%',0,26,41,'2023-11-07 17:37:51','2023-11-08 01:37:51','Botble\\ACL\\Models\\User'),(62,'create_from_order','Shipping was created from order %order_id%',0,27,43,'2023-11-07 01:37:51','2023-11-07 01:37:51','Botble\\ACL\\Models\\User'),(63,'update_status','Changed status of shipping to: Approved. Updated by: %user_name%',0,27,43,'2023-11-07 19:37:51','2023-11-08 01:37:51','Botble\\ACL\\Models\\User'),(64,'update_status','Changed status of shipping to: Delivered. Updated by: %user_name%',0,27,43,'2023-11-08 01:37:51','2023-11-08 01:37:51','Botble\\ACL\\Models\\User'),(65,'create_from_order','Shipping was created from order %order_id%',0,28,45,'2023-11-06 13:37:51','2023-11-06 13:37:51','Botble\\ACL\\Models\\User'),(66,'update_status','Changed status of shipping to: Approved. Updated by: %user_name%',0,28,45,'2023-11-07 19:37:52','2023-11-08 01:37:52','Botble\\ACL\\Models\\User'),(67,'create_from_order','Shipping was created from order %order_id%',0,29,46,'2023-11-06 09:37:52','2023-11-06 09:37:52','Botble\\ACL\\Models\\User'),(68,'update_status','Changed status of shipping to: Approved. Updated by: %user_name%',0,29,46,'2023-11-07 21:37:52','2023-11-08 01:37:52','Botble\\ACL\\Models\\User'),(69,'update_status','Changed status of shipping to: Delivered. Updated by: %user_name%',0,29,46,'2023-11-08 01:37:52','2023-11-08 01:37:52','Botble\\ACL\\Models\\User'),(70,'create_from_order','Shipping was created from order %order_id%',0,30,47,'2023-11-07 17:37:52','2023-11-07 17:37:52','Botble\\ACL\\Models\\User'),(71,'update_status','Changed status of shipping to: Approved. Updated by: %user_name%',0,30,47,'2023-11-07 21:37:52','2023-11-08 01:37:52','Botble\\ACL\\Models\\User'),(72,'create_from_order','Shipping was created from order %order_id%',0,31,48,'2023-11-07 23:37:52','2023-11-07 23:37:52','Botble\\ACL\\Models\\User'),(73,'update_status','Changed status of shipping to: Approved. Updated by: %user_name%',0,31,48,'2023-11-07 23:37:52','2023-11-08 01:37:52','Botble\\ACL\\Models\\User'),(74,'update_status','Changed status of shipping to: Delivered. Updated by: %user_name%',0,31,48,'2023-11-08 01:37:52','2023-11-08 01:37:52','Botble\\ACL\\Models\\User'),(75,'create_from_order','Shipping was created from order %order_id%',0,32,49,'2023-11-07 09:37:52','2023-11-07 09:37:52','Botble\\ACL\\Models\\User'),(76,'update_status','Changed status of shipping to: Approved. Updated by: %user_name%',0,32,49,'2023-11-07 23:37:52','2023-11-08 01:37:52','Botble\\ACL\\Models\\User'),(77,'update_status','Changed status of shipping to: Delivered. Updated by: %user_name%',0,32,49,'2023-11-08 01:37:52','2023-11-08 01:37:52','Botble\\ACL\\Models\\User');
/*!40000 ALTER TABLE `ec_shipment_histories` ENABLE KEYS */;
UNLOCK TABLES;

--
-- Table structure for table `ec_shipments`
--

DROP TABLE IF EXISTS `ec_shipments`;
/*!40101 SET @saved_cs_client     = @@character_set_client */;
/*!50503 SET character_set_client = utf8mb4 */;
CREATE TABLE `ec_shipments` (
  `id` bigint unsigned NOT NULL AUTO_INCREMENT,
  `order_id` bigint unsigned NOT NULL,
  `user_id` bigint unsigned DEFAULT NULL,
  `weight` double(8,2) DEFAULT '0.00',
  `shipment_id` varchar(120) COLLATE utf8mb4_unicode_ci DEFAULT NULL,
  `rate_id` varchar(120) COLLATE utf8mb4_unicode_ci DEFAULT NULL,
  `note` varchar(120) COLLATE utf8mb4_unicode_ci DEFAULT NULL,
  `status` varchar(120) COLLATE utf8mb4_unicode_ci NOT NULL DEFAULT 'pending',
  `cod_amount` decimal(15,2) DEFAULT '0.00',
  `cod_status` varchar(60) COLLATE utf8mb4_unicode_ci NOT NULL DEFAULT 'pending',
  `cross_checking_status` varchar(60) COLLATE utf8mb4_unicode_ci NOT NULL DEFAULT 'pending',
  `price` decimal(15,2) DEFAULT '0.00',
  `store_id` bigint unsigned DEFAULT NULL,
  `created_at` timestamp NULL DEFAULT NULL,
  `updated_at` timestamp NULL DEFAULT NULL,
  `tracking_id` varchar(191) COLLATE utf8mb4_unicode_ci DEFAULT NULL,
  `shipping_company_name` varchar(191) COLLATE utf8mb4_unicode_ci DEFAULT NULL,
  `tracking_link` varchar(191) COLLATE utf8mb4_unicode_ci DEFAULT NULL,
  `estimate_date_shipped` datetime DEFAULT NULL,
  `date_shipped` datetime DEFAULT NULL,
  `label_url` text COLLATE utf8mb4_unicode_ci,
  `metadata` mediumtext COLLATE utf8mb4_unicode_ci,
  PRIMARY KEY (`id`)
) ENGINE=InnoDB AUTO_INCREMENT=33 DEFAULT CHARSET=utf8mb4 COLLATE=utf8mb4_unicode_ci;
/*!40101 SET character_set_client = @saved_cs_client */;

--
-- Dumping data for table `ec_shipments`
--

LOCK TABLES `ec_shipments` WRITE;
/*!40000 ALTER TABLE `ec_shipments` DISABLE KEYS */;
INSERT INTO `ec_shipments` VALUES (1,1,NULL,2149.00,NULL,NULL,'','delivered',0.00,'completed','pending',0.00,0,'2023-11-08 01:37:48','2023-11-08 01:37:48','JJD0050443193','AliExpress','https://mydhl.express.dhl/us/en/tracking.html#/track-by-reference','2023-11-14 08:37:48','2023-11-08 08:37:48',NULL,NULL),(2,4,NULL,2373.00,NULL,NULL,'','approved',0.00,'completed','pending',0.00,0,'2023-11-08 01:37:49','2023-11-08 01:37:49','JJD0071832828','GHN','https://mydhl.express.dhl/us/en/tracking.html#/track-by-reference','2023-11-11 08:37:49',NULL,NULL,NULL),(3,6,NULL,2592.00,NULL,NULL,'','approved',0.00,'completed','pending',0.00,0,'2023-11-08 01:37:49','2023-11-08 01:37:49','JJD003692585','DHL','https://mydhl.express.dhl/us/en/tracking.html#/track-by-reference','2023-11-12 08:37:49',NULL,NULL,NULL),(4,8,NULL,4824.00,NULL,NULL,'','approved',0.00,'completed','pending',0.00,0,'2023-11-08 01:37:49','2023-11-08 01:37:49','JJD0034523456','DHL','https://mydhl.express.dhl/us/en/tracking.html#/track-by-reference','2023-11-11 08:37:49',NULL,NULL,NULL),(5,9,NULL,577.00,NULL,NULL,'','approved',0.00,'completed','pending',0.00,0,'2023-11-08 01:37:49','2023-11-08 01:37:49','JJD0027031256','FastShipping','https://mydhl.express.dhl/us/en/tracking.html#/track-by-reference','2023-11-15 08:37:49',NULL,NULL,NULL),(6,10,NULL,1056.00,NULL,NULL,'','delivered',0.00,'completed','pending',0.00,0,'2023-11-08 01:37:49','2023-11-08 01:37:49','JJD0071512527','GHN','https://mydhl.express.dhl/us/en/tracking.html#/track-by-reference','2023-11-16 08:37:49','2023-11-08 08:37:49',NULL,NULL),(7,11,NULL,2288.00,NULL,NULL,'','delivered',0.00,'completed','pending',0.00,0,'2023-11-08 01:37:49','2023-11-08 01:37:49','JJD0060147227','DHL','https://mydhl.express.dhl/us/en/tracking.html#/track-by-reference','2023-11-15 08:37:49','2023-11-08 08:37:49',NULL,NULL),(8,16,NULL,2412.00,NULL,NULL,'','delivered',0.00,'completed','pending',0.00,0,'2023-11-08 01:37:49','2023-11-08 01:37:49','JJD0096699501','FastShipping','https://mydhl.express.dhl/us/en/tracking.html#/track-by-reference','2023-11-15 08:37:49','2023-11-08 08:37:49',NULL,NULL),(9,17,NULL,872.00,NULL,NULL,'','approved',0.00,'completed','pending',0.00,0,'2023-11-08 01:37:49','2023-11-08 01:37:49','JJD0064284701','AliExpress','https://mydhl.express.dhl/us/en/tracking.html#/track-by-reference','2023-11-10 08:37:49',NULL,NULL,NULL),(10,18,NULL,2634.00,NULL,NULL,'','approved',0.00,'completed','pending',0.00,0,'2023-11-08 01:37:50','2023-11-08 01:37:50','JJD0037324532','DHL','https://mydhl.express.dhl/us/en/tracking.html#/track-by-reference','2023-11-09 08:37:50',NULL,NULL,NULL),(11,21,NULL,3314.00,NULL,NULL,'','delivered',0.00,'completed','pending',0.00,0,'2023-11-08 01:37:50','2023-11-08 01:37:50','JJD0098713079','DHL','https://mydhl.express.dhl/us/en/tracking.html#/track-by-reference','2023-11-18 08:37:50','2023-11-08 08:37:50',NULL,NULL),(12,24,NULL,1716.00,NULL,NULL,'','delivered',0.00,'completed','pending',0.00,0,'2023-11-08 01:37:50','2023-11-08 01:37:50','JJD007339040','AliExpress','https://mydhl.express.dhl/us/en/tracking.html#/track-by-reference','2023-11-09 08:37:50','2023-11-08 08:37:50',NULL,NULL),(13,25,NULL,1584.00,NULL,NULL,'','approved',0.00,'completed','pending',0.00,0,'2023-11-08 01:37:50','2023-11-08 01:37:50','JJD0086152067','FastShipping','https://mydhl.express.dhl/us/en/tracking.html#/track-by-reference','2023-11-17 08:37:50',NULL,NULL,NULL),(14,26,NULL,572.00,NULL,NULL,'','approved',0.00,'completed','pending',0.00,0,'2023-11-08 01:37:50','2023-11-08 01:37:50','JJD0035282287','AliExpress','https://mydhl.express.dhl/us/en/tracking.html#/track-by-reference','2023-11-11 08:37:50',NULL,NULL,NULL),(15,27,NULL,1055.00,NULL,NULL,'','approved',0.00,'completed','pending',0.00,0,'2023-11-08 01:37:50','2023-11-08 01:37:50','JJD0090172496','FastShipping','https://mydhl.express.dhl/us/en/tracking.html#/track-by-reference','2023-11-12 08:37:50',NULL,NULL,NULL),(16,28,NULL,4020.00,NULL,NULL,'','approved',630.00,'pending','pending',0.00,0,'2023-11-08 01:37:50','2023-11-08 01:37:50','JJD0096008207','GHN','https://mydhl.express.dhl/us/en/tracking.html#/track-by-reference','2023-11-10 08:37:50',NULL,NULL,NULL),(17,30,NULL,864.00,NULL,NULL,'','approved',0.00,'completed','pending',0.00,0,'2023-11-08 01:37:50','2023-11-08 01:37:50','JJD0095927119','DHL','https://mydhl.express.dhl/us/en/tracking.html#/track-by-reference','2023-11-09 08:37:50',NULL,NULL,NULL),(18,31,NULL,1620.00,NULL,NULL,'','approved',0.00,'completed','pending',0.00,0,'2023-11-08 01:37:50','2023-11-08 01:37:50','JJD001265529','GHN','https://mydhl.express.dhl/us/en/tracking.html#/track-by-reference','2023-11-18 08:37:50',NULL,NULL,NULL),(19,32,NULL,1608.00,NULL,NULL,'','approved',0.00,'completed','pending',0.00,0,'2023-11-08 01:37:51','2023-11-08 01:37:51','JJD0011800306','GHN','https://mydhl.express.dhl/us/en/tracking.html#/track-by-reference','2023-11-14 08:37:51',NULL,NULL,NULL),(20,33,NULL,4425.00,NULL,NULL,'','delivered',0.00,'completed','pending',0.00,0,'2023-11-08 01:37:51','2023-11-08 01:37:51','JJD0048285966','DHL','https://mydhl.express.dhl/us/en/tracking.html#/track-by-reference','2023-11-15 08:37:51','2023-11-08 08:37:51',NULL,NULL),(21,34,NULL,1462.00,NULL,NULL,'','delivered',0.00,'completed','pending',0.00,0,'2023-11-08 01:37:51','2023-11-08 01:37:51','JJD006346985','DHL','https://mydhl.express.dhl/us/en/tracking.html#/track-by-reference','2023-11-12 08:37:51','2023-11-08 08:37:51',NULL,NULL),(22,37,NULL,2111.00,NULL,NULL,'','approved',781.00,'pending','pending',0.00,0,'2023-11-08 01:37:51','2023-11-08 01:37:51','JJD0038397185','GHN','https://mydhl.express.dhl/us/en/tracking.html#/track-by-reference','2023-11-10 08:37:51',NULL,NULL,NULL),(23,38,NULL,3002.00,NULL,NULL,'','approved',0.00,'completed','pending',0.00,0,'2023-11-08 01:37:51','2023-11-08 01:37:51','JJD0038965917','FastShipping','https://mydhl.express.dhl/us/en/tracking.html#/track-by-reference','2023-11-15 08:37:51',NULL,NULL,NULL),(24,39,NULL,1702.00,NULL,NULL,'','approved',0.00,'completed','pending',0.00,0,'2023-11-08 01:37:51','2023-11-08 01:37:51','JJD0079368099','GHN','https://mydhl.express.dhl/us/en/tracking.html#/track-by-reference','2023-11-11 08:37:51',NULL,NULL,NULL),(25,40,NULL,1756.00,NULL,NULL,'','delivered',0.00,'completed','pending',0.00,0,'2023-11-08 01:37:51','2023-11-08 01:37:51','JJD0070368572','DHL','https://mydhl.express.dhl/us/en/tracking.html#/track-by-reference','2023-11-18 08:37:51','2023-11-08 08:37:51',NULL,NULL),(26,41,NULL,577.00,NULL,NULL,'','approved',0.00,'completed','pending',0.00,0,'2023-11-08 01:37:51','2023-11-08 01:37:51','JJD0070865434','FastShipping','https://mydhl.express.dhl/us/en/tracking.html#/track-by-reference','2023-11-18 08:37:51',NULL,NULL,NULL),(27,43,NULL,1144.00,NULL,NULL,'','delivered',0.00,'completed','pending',0.00,0,'2023-11-08 01:37:51','2023-11-08 01:37:51','JJD0013732619','GHN','https://mydhl.express.dhl/us/en/tracking.html#/track-by-reference','2023-11-13 08:37:51','2023-11-08 08:37:51',NULL,NULL),(28,45,NULL,3308.00,NULL,NULL,'','approved',0.00,'completed','pending',0.00,0,'2023-11-08 01:37:52','2023-11-08 01:37:52','JJD0063712569','DHL','https://mydhl.express.dhl/us/en/tracking.html#/track-by-reference','2023-11-17 08:37:52',NULL,NULL,NULL),(29,46,NULL,1731.00,NULL,NULL,'','delivered',0.00,'completed','pending',0.00,0,'2023-11-08 01:37:52','2023-11-08 01:37:52','JJD0023794397','GHN','https://mydhl.express.dhl/us/en/tracking.html#/track-by-reference','2023-11-14 08:37:52','2023-11-08 08:37:52',NULL,NULL),(30,47,NULL,2412.00,NULL,NULL,'','approved',0.00,'completed','pending',0.00,0,'2023-11-08 01:37:52','2023-11-08 01:37:52','JJD0074253837','AliExpress','https://mydhl.express.dhl/us/en/tracking.html#/track-by-reference','2023-11-11 08:37:52',NULL,NULL,NULL),(31,48,NULL,5289.00,NULL,NULL,'','delivered',0.00,'completed','pending',0.00,0,'2023-11-08 01:37:52','2023-11-08 01:37:52','JJD0076254415','GHN','https://mydhl.express.dhl/us/en/tracking.html#/track-by-reference','2023-11-14 08:37:52','2023-11-08 08:37:52',NULL,NULL),(32,49,NULL,699.00,NULL,NULL,'','delivered',0.00,'completed','pending',0.00,0,'2023-11-08 01:37:52','2023-11-08 01:37:52','JJD0095462993','AliExpress','https://mydhl.express.dhl/us/en/tracking.html#/track-by-reference','2023-11-11 08:37:52','2023-11-08 08:37:52',NULL,NULL);
/*!40000 ALTER TABLE `ec_shipments` ENABLE KEYS */;
UNLOCK TABLES;

--
-- Table structure for table `ec_shipping`
--

DROP TABLE IF EXISTS `ec_shipping`;
/*!40101 SET @saved_cs_client     = @@character_set_client */;
/*!50503 SET character_set_client = utf8mb4 */;
CREATE TABLE `ec_shipping` (
  `id` bigint unsigned NOT NULL AUTO_INCREMENT,
  `title` varchar(191) COLLATE utf8mb4_unicode_ci DEFAULT NULL,
  `country` varchar(120) COLLATE utf8mb4_unicode_ci DEFAULT NULL,
  `created_at` timestamp NULL DEFAULT NULL,
  `updated_at` timestamp NULL DEFAULT NULL,
  PRIMARY KEY (`id`)
) ENGINE=InnoDB AUTO_INCREMENT=2 DEFAULT CHARSET=utf8mb4 COLLATE=utf8mb4_unicode_ci;
/*!40101 SET character_set_client = @saved_cs_client */;

--
-- Dumping data for table `ec_shipping`
--

LOCK TABLES `ec_shipping` WRITE;
/*!40000 ALTER TABLE `ec_shipping` DISABLE KEYS */;
INSERT INTO `ec_shipping` VALUES (1,'All',NULL,'2023-11-08 01:37:38','2023-11-08 01:37:38');
/*!40000 ALTER TABLE `ec_shipping` ENABLE KEYS */;
UNLOCK TABLES;

--
-- Table structure for table `ec_shipping_rule_items`
--

DROP TABLE IF EXISTS `ec_shipping_rule_items`;
/*!40101 SET @saved_cs_client     = @@character_set_client */;
/*!50503 SET character_set_client = utf8mb4 */;
CREATE TABLE `ec_shipping_rule_items` (
  `id` bigint unsigned NOT NULL AUTO_INCREMENT,
  `shipping_rule_id` bigint unsigned NOT NULL,
  `country` varchar(120) COLLATE utf8mb4_unicode_ci DEFAULT NULL,
  `state` varchar(120) COLLATE utf8mb4_unicode_ci DEFAULT NULL,
  `city` varchar(120) COLLATE utf8mb4_unicode_ci DEFAULT NULL,
  `zip_code` varchar(20) COLLATE utf8mb4_unicode_ci DEFAULT NULL,
  `adjustment_price` decimal(15,2) DEFAULT '0.00',
  `is_enabled` tinyint(1) NOT NULL DEFAULT '1',
  `created_at` timestamp NULL DEFAULT NULL,
  `updated_at` timestamp NULL DEFAULT NULL,
  PRIMARY KEY (`id`)
) ENGINE=InnoDB DEFAULT CHARSET=utf8mb4 COLLATE=utf8mb4_unicode_ci;
/*!40101 SET character_set_client = @saved_cs_client */;

--
-- Dumping data for table `ec_shipping_rule_items`
--

LOCK TABLES `ec_shipping_rule_items` WRITE;
/*!40000 ALTER TABLE `ec_shipping_rule_items` DISABLE KEYS */;
/*!40000 ALTER TABLE `ec_shipping_rule_items` ENABLE KEYS */;
UNLOCK TABLES;

--
-- Table structure for table `ec_shipping_rules`
--

DROP TABLE IF EXISTS `ec_shipping_rules`;
/*!40101 SET @saved_cs_client     = @@character_set_client */;
/*!50503 SET character_set_client = utf8mb4 */;
CREATE TABLE `ec_shipping_rules` (
  `id` bigint unsigned NOT NULL AUTO_INCREMENT,
  `name` varchar(120) COLLATE utf8mb4_unicode_ci NOT NULL,
  `shipping_id` bigint unsigned NOT NULL,
  `type` varchar(24) CHARACTER SET utf8mb4 COLLATE utf8mb4_unicode_ci DEFAULT 'based_on_price',
  `from` decimal(15,2) DEFAULT '0.00',
  `to` decimal(15,2) DEFAULT '0.00',
  `price` decimal(15,2) DEFAULT '0.00',
  `created_at` timestamp NULL DEFAULT NULL,
  `updated_at` timestamp NULL DEFAULT NULL,
  PRIMARY KEY (`id`)
) ENGINE=InnoDB AUTO_INCREMENT=2 DEFAULT CHARSET=utf8mb4 COLLATE=utf8mb4_unicode_ci;
/*!40101 SET character_set_client = @saved_cs_client */;

--
-- Dumping data for table `ec_shipping_rules`
--

LOCK TABLES `ec_shipping_rules` WRITE;
/*!40000 ALTER TABLE `ec_shipping_rules` DISABLE KEYS */;
INSERT INTO `ec_shipping_rules` VALUES (1,'Free delivery',1,'based_on_price',0.00,NULL,0.00,'2023-11-08 01:37:38','2023-11-08 01:37:38');
/*!40000 ALTER TABLE `ec_shipping_rules` ENABLE KEYS */;
UNLOCK TABLES;

--
-- Table structure for table `ec_store_locators`
--

DROP TABLE IF EXISTS `ec_store_locators`;
/*!40101 SET @saved_cs_client     = @@character_set_client */;
/*!50503 SET character_set_client = utf8mb4 */;
CREATE TABLE `ec_store_locators` (
  `id` bigint unsigned NOT NULL AUTO_INCREMENT,
  `name` varchar(60) COLLATE utf8mb4_unicode_ci NOT NULL,
  `email` varchar(60) COLLATE utf8mb4_unicode_ci DEFAULT NULL,
  `phone` varchar(20) COLLATE utf8mb4_unicode_ci NOT NULL,
  `address` varchar(255) COLLATE utf8mb4_unicode_ci NOT NULL,
  `country` varchar(120) COLLATE utf8mb4_unicode_ci DEFAULT NULL,
  `state` varchar(120) COLLATE utf8mb4_unicode_ci DEFAULT NULL,
  `city` varchar(120) COLLATE utf8mb4_unicode_ci DEFAULT NULL,
  `is_primary` tinyint(1) DEFAULT '0',
  `is_shipping_location` tinyint(1) DEFAULT '1',
  `created_at` timestamp NULL DEFAULT NULL,
  `updated_at` timestamp NULL DEFAULT NULL,
  PRIMARY KEY (`id`)
) ENGINE=InnoDB AUTO_INCREMENT=2 DEFAULT CHARSET=utf8mb4 COLLATE=utf8mb4_unicode_ci;
/*!40101 SET character_set_client = @saved_cs_client */;

--
-- Dumping data for table `ec_store_locators`
--

LOCK TABLES `ec_store_locators` WRITE;
/*!40000 ALTER TABLE `ec_store_locators` DISABLE KEYS */;
INSERT INTO `ec_store_locators` VALUES (1,'Nest','sales@botble.com','18006268','North Link Building, 10 Admiralty Street','SG','Singapore','Singapore',1,1,'2023-11-08 01:37:38','2023-11-08 01:37:38');
/*!40000 ALTER TABLE `ec_store_locators` ENABLE KEYS */;
UNLOCK TABLES;

--
-- Table structure for table `ec_tax_products`
--

DROP TABLE IF EXISTS `ec_tax_products`;
/*!40101 SET @saved_cs_client     = @@character_set_client */;
/*!50503 SET character_set_client = utf8mb4 */;
CREATE TABLE `ec_tax_products` (
  `tax_id` bigint unsigned NOT NULL,
  `product_id` bigint unsigned NOT NULL,
  PRIMARY KEY (`product_id`,`tax_id`),
  KEY `ec_tax_products_tax_id_index` (`tax_id`),
  KEY `ec_tax_products_product_id_index` (`product_id`)
) ENGINE=InnoDB DEFAULT CHARSET=utf8mb4 COLLATE=utf8mb4_unicode_ci;
/*!40101 SET character_set_client = @saved_cs_client */;

--
-- Dumping data for table `ec_tax_products`
--

LOCK TABLES `ec_tax_products` WRITE;
/*!40000 ALTER TABLE `ec_tax_products` DISABLE KEYS */;
INSERT INTO `ec_tax_products` VALUES (1,1),(1,2),(1,3),(1,4),(1,5),(1,6),(1,7),(1,8),(1,9),(1,10),(1,11),(1,12),(1,13),(1,14),(1,15),(1,16),(1,17),(1,18),(1,19),(1,20),(1,21),(1,22),(1,23),(1,24);
/*!40000 ALTER TABLE `ec_tax_products` ENABLE KEYS */;
UNLOCK TABLES;

--
-- Table structure for table `ec_tax_rules`
--

DROP TABLE IF EXISTS `ec_tax_rules`;
/*!40101 SET @saved_cs_client     = @@character_set_client */;
/*!50503 SET character_set_client = utf8mb4 */;
CREATE TABLE `ec_tax_rules` (
  `id` bigint unsigned NOT NULL AUTO_INCREMENT,
  `tax_id` bigint unsigned NOT NULL,
  `country` varchar(120) COLLATE utf8mb4_unicode_ci DEFAULT NULL,
  `state` varchar(120) COLLATE utf8mb4_unicode_ci DEFAULT NULL,
  `city` varchar(120) COLLATE utf8mb4_unicode_ci DEFAULT NULL,
  `zip_code` varchar(20) COLLATE utf8mb4_unicode_ci DEFAULT NULL,
  `priority` int DEFAULT NULL,
  `is_enabled` tinyint(1) NOT NULL DEFAULT '1',
  `created_at` timestamp NULL DEFAULT NULL,
  `updated_at` timestamp NULL DEFAULT NULL,
  PRIMARY KEY (`id`)
) ENGINE=InnoDB DEFAULT CHARSET=utf8mb4 COLLATE=utf8mb4_unicode_ci;
/*!40101 SET character_set_client = @saved_cs_client */;

--
-- Dumping data for table `ec_tax_rules`
--

LOCK TABLES `ec_tax_rules` WRITE;
/*!40000 ALTER TABLE `ec_tax_rules` DISABLE KEYS */;
/*!40000 ALTER TABLE `ec_tax_rules` ENABLE KEYS */;
UNLOCK TABLES;

--
-- Table structure for table `ec_taxes`
--

DROP TABLE IF EXISTS `ec_taxes`;
/*!40101 SET @saved_cs_client     = @@character_set_client */;
/*!50503 SET character_set_client = utf8mb4 */;
CREATE TABLE `ec_taxes` (
  `id` bigint unsigned NOT NULL AUTO_INCREMENT,
  `title` varchar(191) COLLATE utf8mb4_unicode_ci DEFAULT NULL,
  `percentage` double(8,6) DEFAULT NULL,
  `priority` int DEFAULT NULL,
  `status` varchar(60) COLLATE utf8mb4_unicode_ci NOT NULL DEFAULT 'published',
  `created_at` timestamp NULL DEFAULT NULL,
  `updated_at` timestamp NULL DEFAULT NULL,
  PRIMARY KEY (`id`)
) ENGINE=InnoDB AUTO_INCREMENT=4 DEFAULT CHARSET=utf8mb4 COLLATE=utf8mb4_unicode_ci;
/*!40101 SET character_set_client = @saved_cs_client */;

--
-- Dumping data for table `ec_taxes`
--

LOCK TABLES `ec_taxes` WRITE;
/*!40000 ALTER TABLE `ec_taxes` DISABLE KEYS */;
INSERT INTO `ec_taxes` VALUES (1,'VAT',10.000000,1,'published','2023-11-08 01:37:35','2023-11-08 01:37:35'),(2,'None',0.000000,2,'published','2023-11-08 01:37:35','2023-11-08 01:37:35'),(3,'Import Tax',15.000000,3,'published','2023-11-08 01:37:35','2023-11-08 01:37:35');
/*!40000 ALTER TABLE `ec_taxes` ENABLE KEYS */;
UNLOCK TABLES;

--
-- Table structure for table `ec_wish_lists`
--

DROP TABLE IF EXISTS `ec_wish_lists`;
/*!40101 SET @saved_cs_client     = @@character_set_client */;
/*!50503 SET character_set_client = utf8mb4 */;
CREATE TABLE `ec_wish_lists` (
  `id` bigint unsigned NOT NULL AUTO_INCREMENT,
  `customer_id` bigint unsigned NOT NULL,
  `product_id` bigint unsigned NOT NULL,
  `created_at` timestamp NULL DEFAULT NULL,
  `updated_at` timestamp NULL DEFAULT NULL,
  PRIMARY KEY (`id`),
  KEY `wishlist_relation_index` (`product_id`,`customer_id`)
) ENGINE=InnoDB DEFAULT CHARSET=utf8mb4 COLLATE=utf8mb4_unicode_ci;
/*!40101 SET character_set_client = @saved_cs_client */;

--
-- Dumping data for table `ec_wish_lists`
--

LOCK TABLES `ec_wish_lists` WRITE;
/*!40000 ALTER TABLE `ec_wish_lists` DISABLE KEYS */;
/*!40000 ALTER TABLE `ec_wish_lists` ENABLE KEYS */;
UNLOCK TABLES;

--
-- Table structure for table `failed_jobs`
--

DROP TABLE IF EXISTS `failed_jobs`;
/*!40101 SET @saved_cs_client     = @@character_set_client */;
/*!50503 SET character_set_client = utf8mb4 */;
CREATE TABLE `failed_jobs` (
  `id` bigint unsigned NOT NULL AUTO_INCREMENT,
  `uuid` varchar(191) COLLATE utf8mb4_unicode_ci NOT NULL,
  `connection` text COLLATE utf8mb4_unicode_ci NOT NULL,
  `queue` text COLLATE utf8mb4_unicode_ci NOT NULL,
  `payload` longtext COLLATE utf8mb4_unicode_ci NOT NULL,
  `exception` longtext COLLATE utf8mb4_unicode_ci NOT NULL,
  `failed_at` timestamp NOT NULL DEFAULT CURRENT_TIMESTAMP,
  PRIMARY KEY (`id`),
  UNIQUE KEY `failed_jobs_uuid_unique` (`uuid`)
) ENGINE=InnoDB DEFAULT CHARSET=utf8mb4 COLLATE=utf8mb4_unicode_ci;
/*!40101 SET character_set_client = @saved_cs_client */;

--
-- Dumping data for table `failed_jobs`
--

LOCK TABLES `failed_jobs` WRITE;
/*!40000 ALTER TABLE `failed_jobs` DISABLE KEYS */;
/*!40000 ALTER TABLE `failed_jobs` ENABLE KEYS */;
UNLOCK TABLES;

--
-- Table structure for table `faq_categories`
--

DROP TABLE IF EXISTS `faq_categories`;
/*!40101 SET @saved_cs_client     = @@character_set_client */;
/*!50503 SET character_set_client = utf8mb4 */;
CREATE TABLE `faq_categories` (
  `id` bigint unsigned NOT NULL AUTO_INCREMENT,
  `name` varchar(120) COLLATE utf8mb4_unicode_ci NOT NULL,
  `order` tinyint NOT NULL DEFAULT '0',
  `status` varchar(60) COLLATE utf8mb4_unicode_ci NOT NULL DEFAULT 'published',
  `created_at` timestamp NULL DEFAULT NULL,
  `updated_at` timestamp NULL DEFAULT NULL,
  PRIMARY KEY (`id`)
) ENGINE=InnoDB AUTO_INCREMENT=4 DEFAULT CHARSET=utf8mb4 COLLATE=utf8mb4_unicode_ci;
/*!40101 SET character_set_client = @saved_cs_client */;

--
-- Dumping data for table `faq_categories`
--

LOCK TABLES `faq_categories` WRITE;
/*!40000 ALTER TABLE `faq_categories` DISABLE KEYS */;
INSERT INTO `faq_categories` VALUES (1,'Shipping',0,'published','2023-11-08 01:37:43','2023-11-08 01:37:43'),(2,'Payment',1,'published','2023-11-08 01:37:43','2023-11-08 01:37:43'),(3,'Order &amp; Returns',2,'published','2023-11-08 01:37:43','2023-11-08 01:37:43');
/*!40000 ALTER TABLE `faq_categories` ENABLE KEYS */;
UNLOCK TABLES;

--
-- Table structure for table `faq_categories_translations`
--

DROP TABLE IF EXISTS `faq_categories_translations`;
/*!40101 SET @saved_cs_client     = @@character_set_client */;
/*!50503 SET character_set_client = utf8mb4 */;
CREATE TABLE `faq_categories_translations` (
  `lang_code` varchar(191) COLLATE utf8mb4_unicode_ci NOT NULL,
  `faq_categories_id` bigint unsigned NOT NULL,
  `name` varchar(120) COLLATE utf8mb4_unicode_ci DEFAULT NULL,
  PRIMARY KEY (`lang_code`,`faq_categories_id`)
) ENGINE=InnoDB DEFAULT CHARSET=utf8mb4 COLLATE=utf8mb4_unicode_ci;
/*!40101 SET character_set_client = @saved_cs_client */;

--
-- Dumping data for table `faq_categories_translations`
--

LOCK TABLES `faq_categories_translations` WRITE;
/*!40000 ALTER TABLE `faq_categories_translations` DISABLE KEYS */;
/*!40000 ALTER TABLE `faq_categories_translations` ENABLE KEYS */;
UNLOCK TABLES;

--
-- Table structure for table `faqs`
--

DROP TABLE IF EXISTS `faqs`;
/*!40101 SET @saved_cs_client     = @@character_set_client */;
/*!50503 SET character_set_client = utf8mb4 */;
CREATE TABLE `faqs` (
  `id` bigint unsigned NOT NULL AUTO_INCREMENT,
  `question` text COLLATE utf8mb4_unicode_ci NOT NULL,
  `answer` text COLLATE utf8mb4_unicode_ci NOT NULL,
  `category_id` bigint unsigned NOT NULL,
  `status` varchar(60) COLLATE utf8mb4_unicode_ci NOT NULL DEFAULT 'published',
  `created_at` timestamp NULL DEFAULT NULL,
  `updated_at` timestamp NULL DEFAULT NULL,
  PRIMARY KEY (`id`)
) ENGINE=InnoDB AUTO_INCREMENT=11 DEFAULT CHARSET=utf8mb4 COLLATE=utf8mb4_unicode_ci;
/*!40101 SET character_set_client = @saved_cs_client */;

--
-- Dumping data for table `faqs`
--

LOCK TABLES `faqs` WRITE;
/*!40000 ALTER TABLE `faqs` DISABLE KEYS */;
INSERT INTO `faqs` VALUES (1,'What Shipping Methods Are Available?','Ex Portland Pitchfork irure mustache. Eutra fap before they sold out literally. Aliquip ugh bicycle rights actually mlkshk, seitan squid craft beer tempor.',1,'published','2023-11-08 01:37:43','2023-11-08 01:37:43'),(2,'Do You Ship Internationally?','Hoodie tote bag mixtape tofu. Typewriter jean shorts wolf quinoa, messenger bag organic freegan cray.',1,'published','2023-11-08 01:37:43','2023-11-08 01:37:43'),(3,'How Long Will It Take To Get My Package?','Swag slow-carb quinoa VHS typewriter pork belly brunch, paleo single-origin coffee Wes Anderson. Flexitarian Pitchfork forage, literally paleo fap pour-over. Wes Anderson Pinterest YOLO fanny pack meggings, deep v XOXO chambray sustainable slow-carb raw denim church-key fap chillwave Etsy. +1 typewriter kitsch, American Apparel tofu Banksy Vice.',1,'published','2023-11-08 01:37:43','2023-11-08 01:37:43'),(4,'What Payment Methods Are Accepted?','Fashion axe DIY jean shorts, swag kale chips meh polaroid kogi butcher Wes Anderson chambray next level semiotics gentrify yr. Voluptate photo booth fugiat Vice. Austin sed Williamsburg, ea labore raw denim voluptate cred proident mixtape excepteur mustache. Twee chia photo booth readymade food truck, hoodie roof party swag keytar PBR DIY.',2,'published','2023-11-08 01:37:43','2023-11-08 01:37:43'),(5,'Is Buying On-Line Safe?','Art party authentic freegan semiotics jean shorts chia cred. Neutra Austin roof party Brooklyn, synth Thundercats swag 8-bit photo booth. Plaid letterpress leggings craft beer meh ethical Pinterest.',2,'published','2023-11-08 01:37:43','2023-11-08 01:37:43'),(6,'How do I place an Order?','Keytar cray slow-carb, Godard banh mi salvia pour-over. Slow-carb Odd Future seitan normcore. Master cleanse American Apparel gentrify flexitarian beard slow-carb next level. Raw denim polaroid paleo farm-to-table, put a bird on it lo-fi tattooed Wes Anderson Pinterest letterpress. Fingerstache McSweeney’s pour-over, letterpress Schlitz photo booth master cleanse bespoke hashtag chillwave gentrify.',3,'published','2023-11-08 01:37:43','2023-11-08 01:37:43'),(7,'How Can I Cancel Or Change My Order?','Plaid letterpress leggings craft beer meh ethical Pinterest. Art party authentic freegan semiotics jean shorts chia cred. Neutra Austin roof party Brooklyn, synth Thundercats swag 8-bit photo booth.',3,'published','2023-11-08 01:37:43','2023-11-08 01:37:43'),(8,'Do I need an account to place an order?','Thundercats swag 8-bit photo booth. Plaid letterpress leggings craft beer meh ethical Pinterest. Twee chia photo booth readymade food truck, hoodie roof party swag keytar PBR DIY. Cray ugh 3 wolf moon fap, fashion axe irony butcher cornhole typewriter chambray VHS banjo street art.',3,'published','2023-11-08 01:37:43','2023-11-08 01:37:43'),(9,'How Do I Track My Order?','Keytar cray slow-carb, Godard banh mi salvia pour-over. Slow-carb @Odd Future seitan normcore. Master cleanse American Apparel gentrify flexitarian beard slow-carb next level.',3,'published','2023-11-08 01:37:43','2023-11-08 01:37:43'),(10,'How Can I Return a Product?','Kale chips Truffaut Williamsburg, hashtag fixie Pinterest raw denim c hambray drinking vinegar Carles street art Bushwick gastropub. Wolf Tumblr paleo church-key. Plaid food truck Echo Park YOLO bitters hella, direct trade Thundercats leggings quinoa before they sold out. You probably haven’t heard of them wayfarers authentic umami drinking vinegar Pinterest Cosby sweater, fingerstache fap High Life.',3,'published','2023-11-08 01:37:43','2023-11-08 01:37:43');
/*!40000 ALTER TABLE `faqs` ENABLE KEYS */;
UNLOCK TABLES;

--
-- Table structure for table `faqs_translations`
--

DROP TABLE IF EXISTS `faqs_translations`;
/*!40101 SET @saved_cs_client     = @@character_set_client */;
/*!50503 SET character_set_client = utf8mb4 */;
CREATE TABLE `faqs_translations` (
  `lang_code` varchar(191) COLLATE utf8mb4_unicode_ci NOT NULL,
  `faqs_id` bigint unsigned NOT NULL,
  `question` text COLLATE utf8mb4_unicode_ci,
  `answer` text COLLATE utf8mb4_unicode_ci,
  PRIMARY KEY (`lang_code`,`faqs_id`)
) ENGINE=InnoDB DEFAULT CHARSET=utf8mb4 COLLATE=utf8mb4_unicode_ci;
/*!40101 SET character_set_client = @saved_cs_client */;

--
-- Dumping data for table `faqs_translations`
--

LOCK TABLES `faqs_translations` WRITE;
/*!40000 ALTER TABLE `faqs_translations` DISABLE KEYS */;
/*!40000 ALTER TABLE `faqs_translations` ENABLE KEYS */;
UNLOCK TABLES;

--
-- Table structure for table `jobs`
--

DROP TABLE IF EXISTS `jobs`;
/*!40101 SET @saved_cs_client     = @@character_set_client */;
/*!50503 SET character_set_client = utf8mb4 */;
CREATE TABLE `jobs` (
  `id` bigint unsigned NOT NULL AUTO_INCREMENT,
  `queue` varchar(191) COLLATE utf8mb4_unicode_ci NOT NULL,
  `payload` longtext COLLATE utf8mb4_unicode_ci NOT NULL,
  `attempts` tinyint unsigned NOT NULL,
  `reserved_at` int unsigned DEFAULT NULL,
  `available_at` int unsigned NOT NULL,
  `created_at` int unsigned NOT NULL,
  PRIMARY KEY (`id`),
  KEY `jobs_queue_index` (`queue`)
) ENGINE=InnoDB DEFAULT CHARSET=utf8mb4 COLLATE=utf8mb4_unicode_ci;
/*!40101 SET character_set_client = @saved_cs_client */;

--
-- Dumping data for table `jobs`
--

LOCK TABLES `jobs` WRITE;
/*!40000 ALTER TABLE `jobs` DISABLE KEYS */;
/*!40000 ALTER TABLE `jobs` ENABLE KEYS */;
UNLOCK TABLES;

--
-- Table structure for table `language_meta`
--

DROP TABLE IF EXISTS `language_meta`;
/*!40101 SET @saved_cs_client     = @@character_set_client */;
/*!50503 SET character_set_client = utf8mb4 */;
CREATE TABLE `language_meta` (
  `lang_meta_id` bigint unsigned NOT NULL AUTO_INCREMENT,
  `lang_meta_code` varchar(20) CHARACTER SET utf8mb4 COLLATE utf8mb4_unicode_ci DEFAULT NULL,
  `lang_meta_origin` varchar(32) CHARACTER SET utf8mb4 COLLATE utf8mb4_unicode_ci NOT NULL,
  `reference_id` bigint unsigned NOT NULL,
  `reference_type` varchar(120) COLLATE utf8mb4_unicode_ci NOT NULL,
  PRIMARY KEY (`lang_meta_id`),
  KEY `language_meta_reference_id_index` (`reference_id`),
  KEY `meta_code_index` (`lang_meta_code`),
  KEY `meta_origin_index` (`lang_meta_origin`),
  KEY `meta_reference_type_index` (`reference_type`)
) ENGINE=InnoDB AUTO_INCREMENT=15 DEFAULT CHARSET=utf8mb4 COLLATE=utf8mb4_unicode_ci;
/*!40101 SET character_set_client = @saved_cs_client */;

--
-- Dumping data for table `language_meta`
--

LOCK TABLES `language_meta` WRITE;
/*!40000 ALTER TABLE `language_meta` DISABLE KEYS */;
INSERT INTO `language_meta` VALUES (1,'en_US','013b2f8716a02124696fd93e5f029818',1,'Botble\\SimpleSlider\\Models\\SimpleSlider'),(2,'en_US','0a80460544492ec319a1591d8557eeca',2,'Botble\\SimpleSlider\\Models\\SimpleSlider'),(3,'en_US','27d532abd681a8c153ca0886ffb4d60e',3,'Botble\\SimpleSlider\\Models\\SimpleSlider'),(4,'en_US','4599e8f3fec1833d9cfd5158a3d2ebe2',4,'Botble\\SimpleSlider\\Models\\SimpleSlider'),(5,'en_US','bb35ac5530e02b2d38faab300a69a629',5,'Botble\\SimpleSlider\\Models\\SimpleSlider'),(6,'en_US','80255fb82b6a461c82677e9384d2188e',6,'Botble\\SimpleSlider\\Models\\SimpleSlider'),(7,'en_US','842c37a0bd3a8f9523e48e5f716f38c9',7,'Botble\\SimpleSlider\\Models\\SimpleSlider'),(8,'en_US','f3f7d33cb120389223ff7cbfdbd5d0f2',1,'Botble\\Menu\\Models\\MenuLocation'),(9,'en_US','20264680d3ab8dbd44cd880619bb70dd',1,'Botble\\Menu\\Models\\Menu'),(10,'en_US','9f39be91a0fb86618a3497fa6bbd4671',2,'Botble\\Menu\\Models\\MenuLocation'),(11,'en_US','85d9e72c12df24d669ed1f9022c904d5',2,'Botble\\Menu\\Models\\Menu'),(12,'en_US','94f9ed36dbb2641bf632769aefb40443',3,'Botble\\Menu\\Models\\Menu'),(13,'en_US','c1a2c1bd546a4c83373932da74defc21',4,'Botble\\Menu\\Models\\Menu'),(14,'en_US','bd4ab19c11a8c00b13db96dc9370a85e',5,'Botble\\Menu\\Models\\Menu');
/*!40000 ALTER TABLE `language_meta` ENABLE KEYS */;
UNLOCK TABLES;

--
-- Table structure for table `languages`
--

DROP TABLE IF EXISTS `languages`;
/*!40101 SET @saved_cs_client     = @@character_set_client */;
/*!50503 SET character_set_client = utf8mb4 */;
CREATE TABLE `languages` (
  `lang_id` bigint unsigned NOT NULL AUTO_INCREMENT,
  `lang_name` varchar(120) COLLATE utf8mb4_unicode_ci NOT NULL,
  `lang_locale` varchar(20) COLLATE utf8mb4_unicode_ci NOT NULL,
  `lang_code` varchar(20) COLLATE utf8mb4_unicode_ci NOT NULL,
  `lang_flag` varchar(20) COLLATE utf8mb4_unicode_ci DEFAULT NULL,
  `lang_is_default` tinyint unsigned NOT NULL DEFAULT '0',
  `lang_order` int NOT NULL DEFAULT '0',
  `lang_is_rtl` tinyint unsigned NOT NULL DEFAULT '0',
  PRIMARY KEY (`lang_id`),
  KEY `lang_locale_index` (`lang_locale`),
  KEY `lang_code_index` (`lang_code`),
  KEY `lang_is_default_index` (`lang_is_default`)
) ENGINE=InnoDB AUTO_INCREMENT=2 DEFAULT CHARSET=utf8mb4 COLLATE=utf8mb4_unicode_ci;
/*!40101 SET character_set_client = @saved_cs_client */;

--
-- Dumping data for table `languages`
--

LOCK TABLES `languages` WRITE;
/*!40000 ALTER TABLE `languages` DISABLE KEYS */;
INSERT INTO `languages` VALUES (1,'English','en','en_US','us',1,0,0);
/*!40000 ALTER TABLE `languages` ENABLE KEYS */;
UNLOCK TABLES;

--
-- Table structure for table `media_files`
--

DROP TABLE IF EXISTS `media_files`;
/*!40101 SET @saved_cs_client     = @@character_set_client */;
/*!50503 SET character_set_client = utf8mb4 */;
CREATE TABLE `media_files` (
  `id` bigint unsigned NOT NULL AUTO_INCREMENT,
  `user_id` bigint unsigned NOT NULL,
  `name` varchar(255) COLLATE utf8mb4_unicode_ci NOT NULL,
  `alt` varchar(191) COLLATE utf8mb4_unicode_ci DEFAULT NULL,
  `folder_id` bigint unsigned NOT NULL DEFAULT '0',
  `mime_type` varchar(120) COLLATE utf8mb4_unicode_ci NOT NULL,
  `size` int NOT NULL,
  `url` varchar(255) COLLATE utf8mb4_unicode_ci NOT NULL,
  `options` text COLLATE utf8mb4_unicode_ci,
  `created_at` timestamp NULL DEFAULT NULL,
  `updated_at` timestamp NULL DEFAULT NULL,
  `deleted_at` timestamp NULL DEFAULT NULL,
  PRIMARY KEY (`id`),
  KEY `media_files_user_id_index` (`user_id`),
  KEY `media_files_index` (`folder_id`,`user_id`,`created_at`)
) ENGINE=InnoDB AUTO_INCREMENT=181 DEFAULT CHARSET=utf8mb4 COLLATE=utf8mb4_unicode_ci;
/*!40101 SET character_set_client = @saved_cs_client */;

--
-- Dumping data for table `media_files`
--

LOCK TABLES `media_files` WRITE;
/*!40000 ALTER TABLE `media_files` DISABLE KEYS */;
INSERT INTO `media_files` VALUES (1,0,'icon-1','icon-1',1,'image/png',5306,'product-categories/icon-1.png','[]','2023-11-08 01:37:26','2023-11-08 01:37:26',NULL),(2,0,'icon-10','icon-10',1,'image/png',5306,'product-categories/icon-10.png','[]','2023-11-08 01:37:27','2023-11-08 01:37:27',NULL),(3,0,'icon-11','icon-11',1,'image/png',5306,'product-categories/icon-11.png','[]','2023-11-08 01:37:27','2023-11-08 01:37:27',NULL),(4,0,'icon-12','icon-12',1,'image/png',5306,'product-categories/icon-12.png','[]','2023-11-08 01:37:27','2023-11-08 01:37:27',NULL),(5,0,'icon-13','icon-13',1,'image/png',5306,'product-categories/icon-13.png','[]','2023-11-08 01:37:27','2023-11-08 01:37:27',NULL),(6,0,'icon-14','icon-14',1,'image/png',5306,'product-categories/icon-14.png','[]','2023-11-08 01:37:27','2023-11-08 01:37:27',NULL),(7,0,'icon-2','icon-2',1,'image/png',5306,'product-categories/icon-2.png','[]','2023-11-08 01:37:27','2023-11-08 01:37:27',NULL),(8,0,'icon-3','icon-3',1,'image/png',5306,'product-categories/icon-3.png','[]','2023-11-08 01:37:27','2023-11-08 01:37:27',NULL),(9,0,'icon-4','icon-4',1,'image/png',5306,'product-categories/icon-4.png','[]','2023-11-08 01:37:27','2023-11-08 01:37:27',NULL),(10,0,'icon-5','icon-5',1,'image/png',5306,'product-categories/icon-5.png','[]','2023-11-08 01:37:27','2023-11-08 01:37:27',NULL),(11,0,'icon-6','icon-6',1,'image/png',5306,'product-categories/icon-6.png','[]','2023-11-08 01:37:27','2023-11-08 01:37:27',NULL),(12,0,'icon-7','icon-7',1,'image/png',5306,'product-categories/icon-7.png','[]','2023-11-08 01:37:27','2023-11-08 01:37:27',NULL),(13,0,'icon-8','icon-8',1,'image/png',5306,'product-categories/icon-8.png','[]','2023-11-08 01:37:27','2023-11-08 01:37:27',NULL),(14,0,'icon-9','icon-9',1,'image/png',5306,'product-categories/icon-9.png','[]','2023-11-08 01:37:27','2023-11-08 01:37:27',NULL),(15,0,'image-1','image-1',1,'image/png',5306,'product-categories/image-1.png','[]','2023-11-08 01:37:27','2023-11-08 01:37:27',NULL),(16,0,'image-10','image-10',1,'image/png',5306,'product-categories/image-10.png','[]','2023-11-08 01:37:27','2023-11-08 01:37:27',NULL),(17,0,'image-11','image-11',1,'image/png',5306,'product-categories/image-11.png','[]','2023-11-08 01:37:27','2023-11-08 01:37:27',NULL),(18,0,'image-12','image-12',1,'image/png',5306,'product-categories/image-12.png','[]','2023-11-08 01:37:27','2023-11-08 01:37:27',NULL),(19,0,'image-13','image-13',1,'image/png',5306,'product-categories/image-13.png','[]','2023-11-08 01:37:28','2023-11-08 01:37:28',NULL),(20,0,'image-14','image-14',1,'image/png',5306,'product-categories/image-14.png','[]','2023-11-08 01:37:28','2023-11-08 01:37:28',NULL),(21,0,'image-15','image-15',1,'image/png',5306,'product-categories/image-15.png','[]','2023-11-08 01:37:28','2023-11-08 01:37:28',NULL),(22,0,'image-2','image-2',1,'image/png',5306,'product-categories/image-2.png','[]','2023-11-08 01:37:28','2023-11-08 01:37:28',NULL),(23,0,'image-3','image-3',1,'image/png',5306,'product-categories/image-3.png','[]','2023-11-08 01:37:28','2023-11-08 01:37:28',NULL),(24,0,'image-4','image-4',1,'image/png',5306,'product-categories/image-4.png','[]','2023-11-08 01:37:28','2023-11-08 01:37:28',NULL),(25,0,'image-5','image-5',1,'image/png',5306,'product-categories/image-5.png','[]','2023-11-08 01:37:28','2023-11-08 01:37:28',NULL),(26,0,'image-6','image-6',1,'image/png',5306,'product-categories/image-6.png','[]','2023-11-08 01:37:28','2023-11-08 01:37:28',NULL),(27,0,'image-7','image-7',1,'image/png',5306,'product-categories/image-7.png','[]','2023-11-08 01:37:28','2023-11-08 01:37:28',NULL),(28,0,'image-8','image-8',1,'image/png',5306,'product-categories/image-8.png','[]','2023-11-08 01:37:28','2023-11-08 01:37:28',NULL),(29,0,'image-9','image-9',1,'image/png',5306,'product-categories/image-9.png','[]','2023-11-08 01:37:28','2023-11-08 01:37:28',NULL),(30,0,'1-1','1-1',2,'image/jpeg',9730,'products/1-1.jpg','[]','2023-11-08 01:37:28','2023-11-08 01:37:28',NULL),(31,0,'1','1',2,'image/jpeg',9730,'products/1.jpg','[]','2023-11-08 01:37:28','2023-11-08 01:37:28',NULL),(32,0,'10-1','10-1',2,'image/jpeg',9730,'products/10-1.jpg','[]','2023-11-08 01:37:28','2023-11-08 01:37:28',NULL),(33,0,'10','10',2,'image/jpeg',9730,'products/10.jpg','[]','2023-11-08 01:37:28','2023-11-08 01:37:28',NULL),(34,0,'11-1','11-1',2,'image/jpeg',9730,'products/11-1.jpg','[]','2023-11-08 01:37:29','2023-11-08 01:37:29',NULL),(35,0,'11','11',2,'image/jpeg',9730,'products/11.jpg','[]','2023-11-08 01:37:29','2023-11-08 01:37:29',NULL),(36,0,'12-1','12-1',2,'image/jpeg',9730,'products/12-1.jpg','[]','2023-11-08 01:37:29','2023-11-08 01:37:29',NULL),(37,0,'12','12',2,'image/jpeg',9730,'products/12.jpg','[]','2023-11-08 01:37:29','2023-11-08 01:37:29',NULL),(38,0,'13-1','13-1',2,'image/jpeg',9730,'products/13-1.jpg','[]','2023-11-08 01:37:29','2023-11-08 01:37:29',NULL),(39,0,'13','13',2,'image/jpeg',9730,'products/13.jpg','[]','2023-11-08 01:37:29','2023-11-08 01:37:29',NULL),(40,0,'14-1','14-1',2,'image/jpeg',9730,'products/14-1.jpg','[]','2023-11-08 01:37:29','2023-11-08 01:37:29',NULL),(41,0,'14','14',2,'image/jpeg',9730,'products/14.jpg','[]','2023-11-08 01:37:29','2023-11-08 01:37:29',NULL),(42,0,'15-1','15-1',2,'image/jpeg',9730,'products/15-1.jpg','[]','2023-11-08 01:37:29','2023-11-08 01:37:29',NULL),(43,0,'15','15',2,'image/jpeg',9730,'products/15.jpg','[]','2023-11-08 01:37:29','2023-11-08 01:37:29',NULL),(44,0,'16-1','16-1',2,'image/jpeg',9730,'products/16-1.jpg','[]','2023-11-08 01:37:29','2023-11-08 01:37:29',NULL),(45,0,'16-2','16-2',2,'image/jpeg',9730,'products/16-2.jpg','[]','2023-11-08 01:37:29','2023-11-08 01:37:29',NULL),(46,0,'16-3','16-3',2,'image/jpeg',9730,'products/16-3.jpg','[]','2023-11-08 01:37:29','2023-11-08 01:37:29',NULL),(47,0,'16-4','16-4',2,'image/jpeg',9730,'products/16-4.jpg','[]','2023-11-08 01:37:29','2023-11-08 01:37:29',NULL),(48,0,'16-5','16-5',2,'image/jpeg',9730,'products/16-5.jpg','[]','2023-11-08 01:37:29','2023-11-08 01:37:29',NULL),(49,0,'16-6','16-6',2,'image/jpeg',9730,'products/16-6.jpg','[]','2023-11-08 01:37:30','2023-11-08 01:37:30',NULL),(50,0,'16','16',2,'image/jpeg',9730,'products/16.jpg','[]','2023-11-08 01:37:30','2023-11-08 01:37:30',NULL),(51,0,'17-1','17-1',2,'image/jpeg',9730,'products/17-1.jpg','[]','2023-11-08 01:37:30','2023-11-08 01:37:30',NULL),(52,0,'17','17',2,'image/jpeg',9730,'products/17.jpg','[]','2023-11-08 01:37:30','2023-11-08 01:37:30',NULL),(53,0,'18-1','18-1',2,'image/jpeg',9730,'products/18-1.jpg','[]','2023-11-08 01:37:30','2023-11-08 01:37:30',NULL),(54,0,'18','18',2,'image/jpeg',9730,'products/18.jpg','[]','2023-11-08 01:37:30','2023-11-08 01:37:30',NULL),(55,0,'19-1','19-1',2,'image/jpeg',9730,'products/19-1.jpg','[]','2023-11-08 01:37:30','2023-11-08 01:37:30',NULL),(56,0,'19','19',2,'image/jpeg',9730,'products/19.jpg','[]','2023-11-08 01:37:30','2023-11-08 01:37:30',NULL),(57,0,'2-1','2-1',2,'image/jpeg',9730,'products/2-1.jpg','[]','2023-11-08 01:37:30','2023-11-08 01:37:30',NULL),(58,0,'2','2',2,'image/jpeg',9730,'products/2.jpg','[]','2023-11-08 01:37:30','2023-11-08 01:37:30',NULL),(59,0,'20-1','20-1',2,'image/jpeg',9730,'products/20-1.jpg','[]','2023-11-08 01:37:30','2023-11-08 01:37:30',NULL),(60,0,'20','20',2,'image/jpeg',9730,'products/20.jpg','[]','2023-11-08 01:37:30','2023-11-08 01:37:30',NULL),(61,0,'21-1','21-1',2,'image/jpeg',9730,'products/21-1.jpg','[]','2023-11-08 01:37:30','2023-11-08 01:37:30',NULL),(62,0,'21','21',2,'image/jpeg',9730,'products/21.jpg','[]','2023-11-08 01:37:30','2023-11-08 01:37:30',NULL),(63,0,'22-1','22-1',2,'image/jpeg',9730,'products/22-1.jpg','[]','2023-11-08 01:37:31','2023-11-08 01:37:31',NULL),(64,0,'22','22',2,'image/jpeg',9730,'products/22.jpg','[]','2023-11-08 01:37:31','2023-11-08 01:37:31',NULL),(65,0,'23-1','23-1',2,'image/jpeg',9730,'products/23-1.jpg','[]','2023-11-08 01:37:31','2023-11-08 01:37:31',NULL),(66,0,'23','23',2,'image/jpeg',9730,'products/23.jpg','[]','2023-11-08 01:37:31','2023-11-08 01:37:31',NULL),(67,0,'24-1','24-1',2,'image/jpeg',9730,'products/24-1.jpg','[]','2023-11-08 01:37:31','2023-11-08 01:37:31',NULL),(68,0,'24','24',2,'image/jpeg',9730,'products/24.jpg','[]','2023-11-08 01:37:31','2023-11-08 01:37:31',NULL),(69,0,'3-1','3-1',2,'image/jpeg',9730,'products/3-1.jpg','[]','2023-11-08 01:37:31','2023-11-08 01:37:31',NULL),(70,0,'3','3',2,'image/jpeg',9730,'products/3.jpg','[]','2023-11-08 01:37:31','2023-11-08 01:37:31',NULL),(71,0,'4-1','4-1',2,'image/jpeg',9730,'products/4-1.jpg','[]','2023-11-08 01:37:31','2023-11-08 01:37:31',NULL),(72,0,'4','4',2,'image/jpeg',9730,'products/4.jpg','[]','2023-11-08 01:37:31','2023-11-08 01:37:31',NULL),(73,0,'5-1','5-1',2,'image/jpeg',9730,'products/5-1.jpg','[]','2023-11-08 01:37:31','2023-11-08 01:37:31',NULL),(74,0,'5','5',2,'image/jpeg',9730,'products/5.jpg','[]','2023-11-08 01:37:31','2023-11-08 01:37:31',NULL),(75,0,'6-1','6-1',2,'image/jpeg',9730,'products/6-1.jpg','[]','2023-11-08 01:37:31','2023-11-08 01:37:31',NULL),(76,0,'6','6',2,'image/jpeg',9730,'products/6.jpg','[]','2023-11-08 01:37:31','2023-11-08 01:37:31',NULL),(77,0,'7-1','7-1',2,'image/jpeg',9730,'products/7-1.jpg','[]','2023-11-08 01:37:31','2023-11-08 01:37:31',NULL),(78,0,'7','7',2,'image/jpeg',9730,'products/7.jpg','[]','2023-11-08 01:37:32','2023-11-08 01:37:32',NULL),(79,0,'8-1','8-1',2,'image/jpeg',9730,'products/8-1.jpg','[]','2023-11-08 01:37:32','2023-11-08 01:37:32',NULL),(80,0,'8','8',2,'image/jpeg',9730,'products/8.jpg','[]','2023-11-08 01:37:32','2023-11-08 01:37:32',NULL),(81,0,'9-1','9-1',2,'image/jpeg',9730,'products/9-1.jpg','[]','2023-11-08 01:37:32','2023-11-08 01:37:32',NULL),(82,0,'9','9',2,'image/jpeg',9730,'products/9.jpg','[]','2023-11-08 01:37:32','2023-11-08 01:37:32',NULL),(83,0,'1','1',3,'image/jpeg',9730,'customers/1.jpg','[]','2023-11-08 01:37:35','2023-11-08 01:37:35',NULL),(84,0,'10','10',3,'image/jpeg',9730,'customers/10.jpg','[]','2023-11-08 01:37:35','2023-11-08 01:37:35',NULL),(85,0,'2','2',3,'image/jpeg',9730,'customers/2.jpg','[]','2023-11-08 01:37:35','2023-11-08 01:37:35',NULL),(86,0,'3','3',3,'image/jpeg',9730,'customers/3.jpg','[]','2023-11-08 01:37:35','2023-11-08 01:37:35',NULL),(87,0,'4','4',3,'image/jpeg',9730,'customers/4.jpg','[]','2023-11-08 01:37:35','2023-11-08 01:37:35',NULL),(88,0,'5','5',3,'image/jpeg',9730,'customers/5.jpg','[]','2023-11-08 01:37:35','2023-11-08 01:37:35',NULL),(89,0,'6','6',3,'image/jpeg',9730,'customers/6.jpg','[]','2023-11-08 01:37:35','2023-11-08 01:37:35',NULL),(90,0,'7','7',3,'image/jpeg',9730,'customers/7.jpg','[]','2023-11-08 01:37:35','2023-11-08 01:37:35',NULL),(91,0,'8','8',3,'image/jpeg',9730,'customers/8.jpg','[]','2023-11-08 01:37:35','2023-11-08 01:37:35',NULL),(92,0,'9','9',3,'image/jpeg',9730,'customers/9.jpg','[]','2023-11-08 01:37:35','2023-11-08 01:37:35',NULL),(93,0,'1','1',4,'image/png',17734,'flash-sales/1.png','[]','2023-11-08 01:37:38','2023-11-08 01:37:38',NULL),(94,0,'2','2',4,'image/png',12245,'flash-sales/2.png','[]','2023-11-08 01:37:38','2023-11-08 01:37:38',NULL),(95,0,'3','3',4,'image/png',12245,'flash-sales/3.png','[]','2023-11-08 01:37:38','2023-11-08 01:37:38',NULL),(96,0,'4','4',4,'image/png',12245,'flash-sales/4.png','[]','2023-11-08 01:37:38','2023-11-08 01:37:38',NULL),(97,0,'5','5',4,'image/png',12245,'flash-sales/5.png','[]','2023-11-08 01:37:38','2023-11-08 01:37:38',NULL),(98,0,'1-1','1-1',5,'image/png',28937,'sliders/1-1.png','[]','2023-11-08 01:37:39','2023-11-08 01:37:39',NULL),(99,0,'1-2','1-2',5,'image/png',28937,'sliders/1-2.png','[]','2023-11-08 01:37:39','2023-11-08 01:37:39',NULL),(100,0,'2-1','2-1',5,'image/png',15605,'sliders/2-1.png','[]','2023-11-08 01:37:39','2023-11-08 01:37:39',NULL),(101,0,'2-2','2-2',5,'image/png',15605,'sliders/2-2.png','[]','2023-11-08 01:37:39','2023-11-08 01:37:39',NULL),(102,0,'3-1','3-1',5,'image/png',28937,'sliders/3-1.png','[]','2023-11-08 01:37:39','2023-11-08 01:37:39',NULL),(103,0,'3-2','3-2',5,'image/png',28937,'sliders/3-2.png','[]','2023-11-08 01:37:39','2023-11-08 01:37:39',NULL),(104,0,'4-1','4-1',5,'image/png',28937,'sliders/4-1.png','[]','2023-11-08 01:37:39','2023-11-08 01:37:39',NULL),(105,0,'4-2','4-2',5,'image/png',28937,'sliders/4-2.png','[]','2023-11-08 01:37:40','2023-11-08 01:37:40',NULL),(106,0,'5-1','5-1',5,'image/png',23845,'sliders/5-1.png','[]','2023-11-08 01:37:40','2023-11-08 01:37:40',NULL),(107,0,'5-2','5-2',5,'image/png',23845,'sliders/5-2.png','[]','2023-11-08 01:37:40','2023-11-08 01:37:40',NULL),(108,0,'banner-1','banner-1',5,'image/png',104000,'sliders/banner-1.png','[]','2023-11-08 01:37:40','2023-11-08 01:37:40',NULL),(109,0,'thumbnail-1','thumbnail-1',5,'image/jpeg',9730,'sliders/thumbnail-1.jpg','[]','2023-11-08 01:37:40','2023-11-08 01:37:40',NULL),(110,0,'thumbnail-2','thumbnail-2',5,'image/jpeg',9730,'sliders/thumbnail-2.jpg','[]','2023-11-08 01:37:40','2023-11-08 01:37:40',NULL),(111,0,'thumbnail-3','thumbnail-3',5,'image/jpeg',9730,'sliders/thumbnail-3.jpg','[]','2023-11-08 01:37:40','2023-11-08 01:37:40',NULL),(112,0,'thumbnail-4','thumbnail-4',5,'image/jpeg',9730,'sliders/thumbnail-4.jpg','[]','2023-11-08 01:37:40','2023-11-08 01:37:40',NULL),(113,0,'thumbnail-5','thumbnail-5',5,'image/jpeg',9730,'sliders/thumbnail-5.jpg','[]','2023-11-08 01:37:40','2023-11-08 01:37:40',NULL),(114,0,'thumbnail-6','thumbnail-6',5,'image/jpeg',9730,'sliders/thumbnail-6.jpg','[]','2023-11-08 01:37:41','2023-11-08 01:37:41',NULL),(115,0,'1','1',6,'image/png',9730,'news/1.png','[]','2023-11-08 01:37:41','2023-11-08 01:37:41',NULL),(116,0,'10','10',6,'image/png',9730,'news/10.png','[]','2023-11-08 01:37:41','2023-11-08 01:37:41',NULL),(117,0,'11','11',6,'image/png',9730,'news/11.png','[]','2023-11-08 01:37:41','2023-11-08 01:37:41',NULL),(118,0,'2','2',6,'image/png',9730,'news/2.png','[]','2023-11-08 01:37:41','2023-11-08 01:37:41',NULL),(119,0,'3','3',6,'image/png',9730,'news/3.png','[]','2023-11-08 01:37:41','2023-11-08 01:37:41',NULL),(120,0,'4','4',6,'image/png',9730,'news/4.png','[]','2023-11-08 01:37:41','2023-11-08 01:37:41',NULL),(121,0,'5','5',6,'image/png',9730,'news/5.png','[]','2023-11-08 01:37:41','2023-11-08 01:37:41',NULL),(122,0,'6','6',6,'image/png',9730,'news/6.png','[]','2023-11-08 01:37:41','2023-11-08 01:37:41',NULL),(123,0,'7','7',6,'image/png',9730,'news/7.png','[]','2023-11-08 01:37:41','2023-11-08 01:37:41',NULL),(124,0,'8','8',6,'image/png',9730,'news/8.png','[]','2023-11-08 01:37:41','2023-11-08 01:37:41',NULL),(125,0,'9','9',6,'image/png',9730,'news/9.png','[]','2023-11-08 01:37:41','2023-11-08 01:37:41',NULL),(126,0,'1','1',7,'image/png',11507,'promotion/1.png','[]','2023-11-08 01:37:42','2023-11-08 01:37:42',NULL),(127,0,'10','10',7,'image/png',7862,'promotion/10.png','[]','2023-11-08 01:37:42','2023-11-08 01:37:42',NULL),(128,0,'11','11',7,'image/png',7862,'promotion/11.png','[]','2023-11-08 01:37:43','2023-11-08 01:37:43',NULL),(129,0,'12','12',7,'image/png',7862,'promotion/12.png','[]','2023-11-08 01:37:43','2023-11-08 01:37:43',NULL),(130,0,'2','2',7,'image/png',11507,'promotion/2.png','[]','2023-11-08 01:37:43','2023-11-08 01:37:43',NULL),(131,0,'3','3',7,'image/png',11507,'promotion/3.png','[]','2023-11-08 01:37:43','2023-11-08 01:37:43',NULL),(132,0,'4','4',7,'image/png',13921,'promotion/4.png','[]','2023-11-08 01:37:43','2023-11-08 01:37:43',NULL),(133,0,'5','5',7,'image/png',26249,'promotion/5.png','[]','2023-11-08 01:37:43','2023-11-08 01:37:43',NULL),(134,0,'6','6',7,'image/png',26249,'promotion/6.png','[]','2023-11-08 01:37:43','2023-11-08 01:37:43',NULL),(135,0,'7','7',7,'image/png',14369,'promotion/7.png','[]','2023-11-08 01:37:43','2023-11-08 01:37:43',NULL),(136,0,'8','8',7,'image/png',7007,'promotion/8.png','[]','2023-11-08 01:37:43','2023-11-08 01:37:43',NULL),(137,0,'9','9',7,'image/png',7862,'promotion/9.png','[]','2023-11-08 01:37:43','2023-11-08 01:37:43',NULL),(138,0,'app-store','app-store',8,'image/jpeg',1907,'general/app-store.jpg','[]','2023-11-08 01:37:43','2023-11-08 01:37:43',NULL),(139,0,'category-1','category-1',8,'image/png',1033,'general/category-1.png','[]','2023-11-08 01:37:43','2023-11-08 01:37:43',NULL),(140,0,'clock','clock',8,'image/png',5056,'general/clock.png','[]','2023-11-08 01:37:44','2023-11-08 01:37:44',NULL),(141,0,'credit-card','credit-card',8,'image/png',1716,'general/credit-card.png','[]','2023-11-08 01:37:44','2023-11-08 01:37:44',NULL),(142,0,'facebook','facebook',8,'image/png',646,'general/facebook.png','[]','2023-11-08 01:37:44','2023-11-08 01:37:44',NULL),(143,0,'favicon','favicon',8,'image/png',3890,'general/favicon.png','[]','2023-11-08 01:37:44','2023-11-08 01:37:44',NULL),(144,0,'google-play','google-play',8,'image/jpeg',1907,'general/google-play.jpg','[]','2023-11-08 01:37:44','2023-11-08 01:37:44',NULL),(145,0,'header-bg','header-bg',8,'image/png',16995,'general/header-bg.png','[]','2023-11-08 01:37:44','2023-11-08 01:37:44',NULL),(146,0,'home-6','home-6',8,'image/jpeg',799491,'general/home-6.jpeg','[]','2023-11-08 01:37:44','2023-11-08 01:37:44',NULL),(147,0,'icon-1','icon-1',8,'image/png',2024,'general/icon-1.png','[]','2023-11-08 01:37:44','2023-11-08 01:37:44',NULL),(148,0,'icon-2','icon-2',8,'image/png',3531,'general/icon-2.png','[]','2023-11-08 01:37:44','2023-11-08 01:37:44',NULL),(149,0,'icon-3','icon-3',8,'image/png',2344,'general/icon-3.png','[]','2023-11-08 01:37:44','2023-11-08 01:37:44',NULL),(150,0,'icon-4','icon-4',8,'image/png',2314,'general/icon-4.png','[]','2023-11-08 01:37:44','2023-11-08 01:37:44',NULL),(151,0,'icon-5','icon-5',8,'image/png',2853,'general/icon-5.png','[]','2023-11-08 01:37:44','2023-11-08 01:37:44',NULL),(152,0,'instagram','instagram',8,'image/png',2586,'general/instagram.png','[]','2023-11-08 01:37:44','2023-11-08 01:37:44',NULL),(153,0,'loading','loading',8,'image/gif',25062,'general/loading.gif','[]','2023-11-08 01:37:44','2023-11-08 01:37:44',NULL),(154,0,'login-1','login-1',8,'image/png',20670,'general/login-1.png','[]','2023-11-08 01:37:44','2023-11-08 01:37:44',NULL),(155,0,'logo','logo',8,'image/png',16457,'general/logo.png','[]','2023-11-08 01:37:44','2023-11-08 01:37:44',NULL),(156,0,'newsletter-background-image','newsletter-background-image',8,'image/png',28409,'general/newsletter-background-image.png','[]','2023-11-08 01:37:44','2023-11-08 01:37:44',NULL),(157,0,'newsletter-image','newsletter-image',8,'image/png',14158,'general/newsletter-image.png','[]','2023-11-08 01:37:45','2023-11-08 01:37:45',NULL),(158,0,'open-graph-image','open-graph-image',8,'image/png',436809,'general/open-graph-image.png','[]','2023-11-08 01:37:45','2023-11-08 01:37:45',NULL),(159,0,'paper-plane','paper-plane',8,'image/png',5119,'general/paper-plane.png','[]','2023-11-08 01:37:45','2023-11-08 01:37:45',NULL),(160,0,'payment-methods','payment-methods',8,'image/png',455,'general/payment-methods.png','[]','2023-11-08 01:37:45','2023-11-08 01:37:45',NULL),(161,0,'pinterest','pinterest',8,'image/png',2128,'general/pinterest.png','[]','2023-11-08 01:37:45','2023-11-08 01:37:45',NULL),(162,0,'twitter','twitter',8,'image/png',1759,'general/twitter.png','[]','2023-11-08 01:37:45','2023-11-08 01:37:45',NULL),(163,0,'youtube','youtube',8,'image/png',1083,'general/youtube.png','[]','2023-11-08 01:37:45','2023-11-08 01:37:45',NULL),(164,0,'1','1',9,'image/png',5306,'stores/1.png','[]','2023-11-08 01:37:45','2023-11-08 01:37:45',NULL),(165,0,'10','10',9,'image/png',5306,'stores/10.png','[]','2023-11-08 01:37:45','2023-11-08 01:37:45',NULL),(166,0,'11','11',9,'image/png',5306,'stores/11.png','[]','2023-11-08 01:37:45','2023-11-08 01:37:45',NULL),(167,0,'12','12',9,'image/png',5306,'stores/12.png','[]','2023-11-08 01:37:45','2023-11-08 01:37:45',NULL),(168,0,'13','13',9,'image/png',5306,'stores/13.png','[]','2023-11-08 01:37:45','2023-11-08 01:37:45',NULL),(169,0,'14','14',9,'image/png',5306,'stores/14.png','[]','2023-11-08 01:37:45','2023-11-08 01:37:45',NULL),(170,0,'15','15',9,'image/png',5306,'stores/15.png','[]','2023-11-08 01:37:45','2023-11-08 01:37:45',NULL),(171,0,'16','16',9,'image/png',5306,'stores/16.png','[]','2023-11-08 01:37:45','2023-11-08 01:37:45',NULL),(172,0,'17','17',9,'image/png',5306,'stores/17.png','[]','2023-11-08 01:37:46','2023-11-08 01:37:46',NULL),(173,0,'2','2',9,'image/png',5306,'stores/2.png','[]','2023-11-08 01:37:46','2023-11-08 01:37:46',NULL),(174,0,'3','3',9,'image/png',5306,'stores/3.png','[]','2023-11-08 01:37:46','2023-11-08 01:37:46',NULL),(175,0,'4','4',9,'image/png',5306,'stores/4.png','[]','2023-11-08 01:37:46','2023-11-08 01:37:46',NULL),(176,0,'5','5',9,'image/png',5306,'stores/5.png','[]','2023-11-08 01:37:46','2023-11-08 01:37:46',NULL),(177,0,'6','6',9,'image/png',5306,'stores/6.png','[]','2023-11-08 01:37:46','2023-11-08 01:37:46',NULL),(178,0,'7','7',9,'image/png',5306,'stores/7.png','[]','2023-11-08 01:37:46','2023-11-08 01:37:46',NULL),(179,0,'8','8',9,'image/png',5306,'stores/8.png','[]','2023-11-08 01:37:46','2023-11-08 01:37:46',NULL),(180,0,'9','9',9,'image/png',5306,'stores/9.png','[]','2023-11-08 01:37:46','2023-11-08 01:37:46',NULL);
/*!40000 ALTER TABLE `media_files` ENABLE KEYS */;
UNLOCK TABLES;

--
-- Table structure for table `media_folders`
--

DROP TABLE IF EXISTS `media_folders`;
/*!40101 SET @saved_cs_client     = @@character_set_client */;
/*!50503 SET character_set_client = utf8mb4 */;
CREATE TABLE `media_folders` (
  `id` bigint unsigned NOT NULL AUTO_INCREMENT,
  `user_id` bigint unsigned NOT NULL,
  `name` varchar(191) COLLATE utf8mb4_unicode_ci DEFAULT NULL,
  `slug` varchar(191) COLLATE utf8mb4_unicode_ci DEFAULT NULL,
  `parent_id` bigint unsigned NOT NULL DEFAULT '0',
  `created_at` timestamp NULL DEFAULT NULL,
  `updated_at` timestamp NULL DEFAULT NULL,
  `deleted_at` timestamp NULL DEFAULT NULL,
  PRIMARY KEY (`id`),
  KEY `media_folders_user_id_index` (`user_id`),
  KEY `media_folders_index` (`parent_id`,`user_id`,`created_at`)
) ENGINE=InnoDB AUTO_INCREMENT=10 DEFAULT CHARSET=utf8mb4 COLLATE=utf8mb4_unicode_ci;
/*!40101 SET character_set_client = @saved_cs_client */;

--
-- Dumping data for table `media_folders`
--

LOCK TABLES `media_folders` WRITE;
/*!40000 ALTER TABLE `media_folders` DISABLE KEYS */;
INSERT INTO `media_folders` VALUES (1,0,'product-categories','product-categories',0,'2023-11-08 01:37:26','2023-11-08 01:37:26',NULL),(2,0,'products','products',0,'2023-11-08 01:37:28','2023-11-08 01:37:28',NULL),(3,0,'customers','customers',0,'2023-11-08 01:37:35','2023-11-08 01:37:35',NULL),(4,0,'flash-sales','flash-sales',0,'2023-11-08 01:37:38','2023-11-08 01:37:38',NULL),(5,0,'sliders','sliders',0,'2023-11-08 01:37:39','2023-11-08 01:37:39',NULL),(6,0,'news','news',0,'2023-11-08 01:37:41','2023-11-08 01:37:41',NULL),(7,0,'promotion','promotion',0,'2023-11-08 01:37:42','2023-11-08 01:37:42',NULL),(8,0,'general','general',0,'2023-11-08 01:37:43','2023-11-08 01:37:43',NULL),(9,0,'stores','stores',0,'2023-11-08 01:37:45','2023-11-08 01:37:45',NULL);
/*!40000 ALTER TABLE `media_folders` ENABLE KEYS */;
UNLOCK TABLES;

--
-- Table structure for table `media_settings`
--

DROP TABLE IF EXISTS `media_settings`;
/*!40101 SET @saved_cs_client     = @@character_set_client */;
/*!50503 SET character_set_client = utf8mb4 */;
CREATE TABLE `media_settings` (
  `id` bigint unsigned NOT NULL AUTO_INCREMENT,
  `key` varchar(120) COLLATE utf8mb4_unicode_ci NOT NULL,
  `value` text COLLATE utf8mb4_unicode_ci,
  `media_id` bigint unsigned DEFAULT NULL,
  `user_id` bigint unsigned DEFAULT NULL,
  `created_at` timestamp NULL DEFAULT NULL,
  `updated_at` timestamp NULL DEFAULT NULL,
  PRIMARY KEY (`id`)
) ENGINE=InnoDB DEFAULT CHARSET=utf8mb4 COLLATE=utf8mb4_unicode_ci;
/*!40101 SET character_set_client = @saved_cs_client */;

--
-- Dumping data for table `media_settings`
--

LOCK TABLES `media_settings` WRITE;
/*!40000 ALTER TABLE `media_settings` DISABLE KEYS */;
/*!40000 ALTER TABLE `media_settings` ENABLE KEYS */;
UNLOCK TABLES;

--
-- Table structure for table `menu_locations`
--

DROP TABLE IF EXISTS `menu_locations`;
/*!40101 SET @saved_cs_client     = @@character_set_client */;
/*!50503 SET character_set_client = utf8mb4 */;
CREATE TABLE `menu_locations` (
  `id` bigint unsigned NOT NULL AUTO_INCREMENT,
  `menu_id` bigint unsigned NOT NULL,
  `location` varchar(120) COLLATE utf8mb4_unicode_ci NOT NULL,
  `created_at` timestamp NULL DEFAULT NULL,
  `updated_at` timestamp NULL DEFAULT NULL,
  PRIMARY KEY (`id`),
  KEY `menu_locations_menu_id_created_at_index` (`menu_id`,`created_at`)
) ENGINE=InnoDB AUTO_INCREMENT=3 DEFAULT CHARSET=utf8mb4 COLLATE=utf8mb4_unicode_ci;
/*!40101 SET character_set_client = @saved_cs_client */;

--
-- Dumping data for table `menu_locations`
--

LOCK TABLES `menu_locations` WRITE;
/*!40000 ALTER TABLE `menu_locations` DISABLE KEYS */;
INSERT INTO `menu_locations` VALUES (1,1,'main-menu','2023-11-08 01:37:48','2023-11-08 01:37:48'),(2,2,'header-navigation','2023-11-08 01:37:48','2023-11-08 01:37:48');
/*!40000 ALTER TABLE `menu_locations` ENABLE KEYS */;
UNLOCK TABLES;

--
-- Table structure for table `menu_nodes`
--

DROP TABLE IF EXISTS `menu_nodes`;
/*!40101 SET @saved_cs_client     = @@character_set_client */;
/*!50503 SET character_set_client = utf8mb4 */;
CREATE TABLE `menu_nodes` (
  `id` bigint unsigned NOT NULL AUTO_INCREMENT,
  `menu_id` bigint unsigned NOT NULL,
  `parent_id` bigint unsigned NOT NULL DEFAULT '0',
  `reference_id` bigint unsigned DEFAULT NULL,
  `reference_type` varchar(255) COLLATE utf8mb4_unicode_ci DEFAULT NULL,
  `url` varchar(120) COLLATE utf8mb4_unicode_ci DEFAULT NULL,
  `icon_font` varchar(50) COLLATE utf8mb4_unicode_ci DEFAULT NULL,
  `position` tinyint unsigned NOT NULL DEFAULT '0',
  `title` varchar(120) COLLATE utf8mb4_unicode_ci DEFAULT NULL,
  `css_class` varchar(120) COLLATE utf8mb4_unicode_ci DEFAULT NULL,
  `target` varchar(20) COLLATE utf8mb4_unicode_ci NOT NULL DEFAULT '_self',
  `has_child` tinyint unsigned NOT NULL DEFAULT '0',
  `created_at` timestamp NULL DEFAULT NULL,
  `updated_at` timestamp NULL DEFAULT NULL,
  PRIMARY KEY (`id`),
  KEY `menu_nodes_menu_id_index` (`menu_id`),
  KEY `menu_nodes_parent_id_index` (`parent_id`),
  KEY `reference_id` (`reference_id`),
  KEY `reference_type` (`reference_type`)
) ENGINE=InnoDB AUTO_INCREMENT=52 DEFAULT CHARSET=utf8mb4 COLLATE=utf8mb4_unicode_ci;
/*!40101 SET character_set_client = @saved_cs_client */;

--
-- Dumping data for table `menu_nodes`
--

LOCK TABLES `menu_nodes` WRITE;
/*!40000 ALTER TABLE `menu_nodes` DISABLE KEYS */;
INSERT INTO `menu_nodes` VALUES (1,1,0,NULL,NULL,'/','fi-rs-home',0,'Home',NULL,'_self',1,'2023-11-08 01:37:48','2023-11-08 01:37:48'),(2,1,1,1,'Botble\\Page\\Models\\Page','/',NULL,0,'Home 1',NULL,'_self',0,'2023-11-08 01:37:48','2023-11-08 01:37:48'),(3,1,1,2,'Botble\\Page\\Models\\Page','/homepage-2',NULL,0,'Home 2',NULL,'_self',0,'2023-11-08 01:37:48','2023-11-08 01:37:48'),(4,1,1,3,'Botble\\Page\\Models\\Page','/homepage-3',NULL,0,'Home 3',NULL,'_self',0,'2023-11-08 01:37:48','2023-11-08 01:37:48'),(5,1,1,4,'Botble\\Page\\Models\\Page','/homepage-4',NULL,0,'Home 4',NULL,'_self',0,'2023-11-08 01:37:48','2023-11-08 01:37:48'),(6,1,1,16,'Botble\\Page\\Models\\Page','/homepage-5',NULL,0,'Home 5',NULL,'_self',0,'2023-11-08 01:37:48','2023-11-08 01:37:48'),(7,1,1,17,'Botble\\Page\\Models\\Page','/homepage-6',NULL,0,'Home 6',NULL,'_self',0,'2023-11-08 01:37:48','2023-11-08 01:37:48'),(8,1,0,NULL,NULL,'/products',NULL,0,'Shop',NULL,'_self',1,'2023-11-08 01:37:48','2023-11-08 01:37:48'),(9,1,8,NULL,NULL,'/products',NULL,0,'Shop Grid - Full Width',NULL,'_self',0,'2023-11-08 01:37:48','2023-11-08 01:37:48'),(10,1,8,NULL,NULL,'/products?layout=product-right-sidebar',NULL,0,'Shop Grid - Right Sidebar',NULL,'_self',0,'2023-11-08 01:37:48','2023-11-08 01:37:48'),(11,1,8,NULL,NULL,'/products?layout=product-left-sidebar',NULL,0,'Shop Grid - Left Sidebar',NULL,'_self',0,'2023-11-08 01:37:48','2023-11-08 01:37:48'),(12,1,8,1,'Botble\\Ecommerce\\Models\\ProductCategory','/product-categories/milks-and-dairies',NULL,0,'Products Of Category',NULL,'_self',0,'2023-11-08 01:37:48','2023-11-08 01:37:48'),(13,1,0,NULL,NULL,'/stores',NULL,0,'Stores',NULL,'_self',1,'2023-11-08 01:37:48','2023-11-08 01:37:48'),(14,1,13,NULL,NULL,'/stores',NULL,0,'Stores - Grid',NULL,'_self',0,'2023-11-08 01:37:48','2023-11-08 01:37:48'),(15,1,13,NULL,NULL,'/stores?layout=stores-list',NULL,0,'Stores - List',NULL,'_self',0,'2023-11-08 01:37:48','2023-11-08 01:37:48'),(16,1,13,NULL,NULL,'/stores/gopro',NULL,0,'Store - Detail',NULL,'_self',0,'2023-11-08 01:37:48','2023-11-08 01:37:48'),(17,1,0,NULL,NULL,'/products/seeds-of-change-organic-quinoe-digital',NULL,0,'Product',NULL,'_self',1,'2023-11-08 01:37:48','2023-11-08 01:37:48'),(18,1,17,NULL,NULL,'/products/seeds-of-change-organic-quinoe-digital',NULL,0,'Product Right Sidebar',NULL,'_self',0,'2023-11-08 01:37:48','2023-11-08 01:37:48'),(19,1,17,NULL,NULL,'/products/all-natural-italian-style-chicken-meatballs',NULL,0,'Product Left Sidebar',NULL,'_self',0,'2023-11-08 01:37:48','2023-11-08 01:37:48'),(20,1,17,NULL,NULL,'/products/angies-boomchickapop-sweet-salty-kettle-corn',NULL,0,'Product Full Width',NULL,'_self',0,'2023-11-08 01:37:48','2023-11-08 01:37:48'),(21,1,0,5,'Botble\\Page\\Models\\Page','/blog',NULL,0,'Blog',NULL,'_self',1,'2023-11-08 01:37:48','2023-11-08 01:37:48'),(22,1,21,5,'Botble\\Page\\Models\\Page','/blog',NULL,0,'Blog Grid',NULL,'_self',0,'2023-11-08 01:37:48','2023-11-08 01:37:48'),(23,1,21,13,'Botble\\Page\\Models\\Page','/blog-list',NULL,0,'Blog List',NULL,'_self',0,'2023-11-08 01:37:48','2023-11-08 01:37:48'),(24,1,21,14,'Botble\\Page\\Models\\Page','/blog-big',NULL,0,'Blog Big',NULL,'_self',0,'2023-11-08 01:37:48','2023-11-08 01:37:48'),(25,1,21,15,'Botble\\Page\\Models\\Page','/blog-wide',NULL,0,'Blog Wide',NULL,'_self',0,'2023-11-08 01:37:48','2023-11-08 01:37:48'),(26,1,21,NULL,NULL,'/blog/4-expert-tips-on-how-to-choose-the-right-mens-wallet',NULL,0,'Single Post',NULL,'_self',1,'2023-11-08 01:37:48','2023-11-08 01:37:48'),(27,1,26,NULL,NULL,'/blog/4-expert-tips-on-how-to-choose-the-right-mens-wallet',NULL,0,'Single Post Right Sidebar',NULL,'_self',0,'2023-11-08 01:37:48','2023-11-08 01:37:48'),(28,1,26,NULL,NULL,'/blog/sexy-clutches-how-to-buy-wear-a-designer-clutch-bag',NULL,0,'Single Post Left Sidebar',NULL,'_self',0,'2023-11-08 01:37:48','2023-11-08 01:37:48'),(29,1,26,NULL,NULL,'/blog/the-top-2020-handbag-trends-to-know',NULL,0,'Single Post Full Width',NULL,'_self',0,'2023-11-08 01:37:48','2023-11-08 01:37:48'),(30,1,26,NULL,NULL,'/blog/how-to-match-the-color-of-your-handbag-with-an-outfit',NULL,0,'Single Post with Product Listing',NULL,'_self',0,'2023-11-08 01:37:48','2023-11-08 01:37:48'),(31,1,0,18,'Botble\\Page\\Models\\Page','/faq',NULL,0,'FAQ',NULL,'_self',0,'2023-11-08 01:37:48','2023-11-08 01:37:48'),(32,1,0,6,'Botble\\Page\\Models\\Page','/contact',NULL,0,'Contact',NULL,'_self',0,'2023-11-08 01:37:48','2023-11-08 01:37:48'),(33,2,0,7,'Botble\\Page\\Models\\Page','/about-us',NULL,0,'About Us',NULL,'_self',0,'2023-11-08 01:37:48','2023-11-08 01:37:48'),(34,2,0,NULL,NULL,'/orders/tracking',NULL,0,'Order Tracking',NULL,'_self',0,'2023-11-08 01:37:48','2023-11-08 01:37:48'),(35,3,0,1,'Botble\\Ecommerce\\Models\\ProductCategory','/product-categories/milks-and-dairies',NULL,0,'Men',NULL,'_self',0,'2023-11-08 01:37:48','2023-11-08 01:37:48'),(36,3,0,2,'Botble\\Ecommerce\\Models\\ProductCategory','/product-categories/clothing-beauty',NULL,0,'Women',NULL,'_self',0,'2023-11-08 01:37:48','2023-11-08 01:37:48'),(37,3,0,3,'Botble\\Ecommerce\\Models\\ProductCategory','/product-categories/pet-toy',NULL,0,'Accessories',NULL,'_self',0,'2023-11-08 01:37:48','2023-11-08 01:37:48'),(38,3,0,4,'Botble\\Ecommerce\\Models\\ProductCategory','/product-categories/baking-material',NULL,0,'Shoes',NULL,'_self',0,'2023-11-08 01:37:48','2023-11-08 01:37:48'),(39,3,0,5,'Botble\\Ecommerce\\Models\\ProductCategory','/product-categories/fresh-fruit',NULL,0,'Denim',NULL,'_self',0,'2023-11-08 01:37:48','2023-11-08 01:37:48'),(40,3,0,6,'Botble\\Ecommerce\\Models\\ProductCategory','/product-categories/wines-drinks',NULL,0,'Dress',NULL,'_self',0,'2023-11-08 01:37:48','2023-11-08 01:37:48'),(41,4,0,6,'Botble\\Page\\Models\\Page','/contact',NULL,0,'Contact Us',NULL,'_self',0,'2023-11-08 01:37:48','2023-11-08 01:37:48'),(42,4,0,7,'Botble\\Page\\Models\\Page','/about-us',NULL,0,'About Us',NULL,'_self',0,'2023-11-08 01:37:48','2023-11-08 01:37:48'),(43,4,0,8,'Botble\\Page\\Models\\Page','/cookie-policy',NULL,0,'Cookie Policy',NULL,'_self',0,'2023-11-08 01:37:48','2023-11-08 01:37:48'),(44,4,0,9,'Botble\\Page\\Models\\Page','/terms-conditions',NULL,0,'Terms & Conditions',NULL,'_self',0,'2023-11-08 01:37:48','2023-11-08 01:37:48'),(45,4,0,10,'Botble\\Page\\Models\\Page','/returns-exchanges',NULL,0,'Returns & Exchanges',NULL,'_self',0,'2023-11-08 01:37:48','2023-11-08 01:37:48'),(46,4,0,11,'Botble\\Page\\Models\\Page','/shipping-delivery',NULL,0,'Shipping & Delivery',NULL,'_self',0,'2023-11-08 01:37:48','2023-11-08 01:37:48'),(47,4,0,12,'Botble\\Page\\Models\\Page','/privacy-policy',NULL,0,'Privacy Policy',NULL,'_self',0,'2023-11-08 01:37:48','2023-11-08 01:37:48'),(48,5,0,7,'Botble\\Page\\Models\\Page','/about-us',NULL,0,'About us',NULL,'_self',0,'2023-11-08 01:37:48','2023-11-08 01:37:48'),(49,5,0,NULL,NULL,'#',NULL,0,'Affiliate',NULL,'_self',0,'2023-11-08 01:37:48','2023-11-08 01:37:48'),(50,5,0,NULL,NULL,'#',NULL,0,'Career',NULL,'_self',0,'2023-11-08 01:37:48','2023-11-08 01:37:48'),(51,5,0,6,'Botble\\Page\\Models\\Page','/contact',NULL,0,'Contact us',NULL,'_self',0,'2023-11-08 01:37:48','2023-11-08 01:37:48');
/*!40000 ALTER TABLE `menu_nodes` ENABLE KEYS */;
UNLOCK TABLES;

--
-- Table structure for table `menus`
--

DROP TABLE IF EXISTS `menus`;
/*!40101 SET @saved_cs_client     = @@character_set_client */;
/*!50503 SET character_set_client = utf8mb4 */;
CREATE TABLE `menus` (
  `id` bigint unsigned NOT NULL AUTO_INCREMENT,
  `name` varchar(120) COLLATE utf8mb4_unicode_ci NOT NULL,
  `slug` varchar(120) COLLATE utf8mb4_unicode_ci DEFAULT NULL,
  `status` varchar(60) COLLATE utf8mb4_unicode_ci NOT NULL DEFAULT 'published',
  `created_at` timestamp NULL DEFAULT NULL,
  `updated_at` timestamp NULL DEFAULT NULL,
  PRIMARY KEY (`id`),
  UNIQUE KEY `menus_slug_unique` (`slug`)
) ENGINE=InnoDB AUTO_INCREMENT=6 DEFAULT CHARSET=utf8mb4 COLLATE=utf8mb4_unicode_ci;
/*!40101 SET character_set_client = @saved_cs_client */;

--
-- Dumping data for table `menus`
--

LOCK TABLES `menus` WRITE;
/*!40000 ALTER TABLE `menus` DISABLE KEYS */;
INSERT INTO `menus` VALUES (1,'Main menu','main-menu','published','2023-11-08 01:37:48','2023-11-08 01:37:48'),(2,'Header menu','header-menu','published','2023-11-08 01:37:48','2023-11-08 01:37:48'),(3,'Product categories','product-categories','published','2023-11-08 01:37:48','2023-11-08 01:37:48'),(4,'Information','information','published','2023-11-08 01:37:48','2023-11-08 01:37:48'),(5,'Company','company','published','2023-11-08 01:37:48','2023-11-08 01:37:48');
/*!40000 ALTER TABLE `menus` ENABLE KEYS */;
UNLOCK TABLES;

--
-- Table structure for table `meta_boxes`
--

DROP TABLE IF EXISTS `meta_boxes`;
/*!40101 SET @saved_cs_client     = @@character_set_client */;
/*!50503 SET character_set_client = utf8mb4 */;
CREATE TABLE `meta_boxes` (
  `id` bigint unsigned NOT NULL AUTO_INCREMENT,
  `meta_key` varchar(255) COLLATE utf8mb4_unicode_ci NOT NULL,
  `meta_value` text COLLATE utf8mb4_unicode_ci,
  `reference_id` bigint unsigned NOT NULL,
  `reference_type` varchar(120) COLLATE utf8mb4_unicode_ci NOT NULL,
  `created_at` timestamp NULL DEFAULT NULL,
  `updated_at` timestamp NULL DEFAULT NULL,
  PRIMARY KEY (`id`),
  KEY `meta_boxes_reference_id_index` (`reference_id`)
) ENGINE=InnoDB AUTO_INCREMENT=98 DEFAULT CHARSET=utf8mb4 COLLATE=utf8mb4_unicode_ci;
/*!40101 SET character_set_client = @saved_cs_client */;

--
-- Dumping data for table `meta_boxes`
--

LOCK TABLES `meta_boxes` WRITE;
/*!40000 ALTER TABLE `meta_boxes` DISABLE KEYS */;
INSERT INTO `meta_boxes` VALUES (1,'background_color','[\"#F2FCE4\"]',1,'Botble\\Ecommerce\\Models\\ProductCategory','2023-11-08 01:37:28','2023-11-08 01:37:28'),(2,'background_color','[\"#FFFCEB\"]',2,'Botble\\Ecommerce\\Models\\ProductCategory','2023-11-08 01:37:28','2023-11-08 01:37:28'),(3,'background_color','[\"#ECFFEC\"]',3,'Botble\\Ecommerce\\Models\\ProductCategory','2023-11-08 01:37:28','2023-11-08 01:37:28'),(4,'background_color','[\"#FEEFEA\"]',4,'Botble\\Ecommerce\\Models\\ProductCategory','2023-11-08 01:37:28','2023-11-08 01:37:28'),(5,'background_color','[\"#FFF3EB\"]',5,'Botble\\Ecommerce\\Models\\ProductCategory','2023-11-08 01:37:28','2023-11-08 01:37:28'),(6,'background_color','[\"#FFF3FF\"]',6,'Botble\\Ecommerce\\Models\\ProductCategory','2023-11-08 01:37:28','2023-11-08 01:37:28'),(7,'background_color','[\"#F2FCE4\"]',7,'Botble\\Ecommerce\\Models\\ProductCategory','2023-11-08 01:37:28','2023-11-08 01:37:28'),(8,'background_color','[\"#FFFCEB\"]',8,'Botble\\Ecommerce\\Models\\ProductCategory','2023-11-08 01:37:28','2023-11-08 01:37:28'),(9,'background_color','[\"#ECFFEC\"]',9,'Botble\\Ecommerce\\Models\\ProductCategory','2023-11-08 01:37:28','2023-11-08 01:37:28'),(10,'background_color','[\"#FEEFEA\"]',10,'Botble\\Ecommerce\\Models\\ProductCategory','2023-11-08 01:37:28','2023-11-08 01:37:28'),(11,'background_color','[\"#FFF3EB\"]',11,'Botble\\Ecommerce\\Models\\ProductCategory','2023-11-08 01:37:28','2023-11-08 01:37:28'),(12,'background_color','[\"#FFF3FF\"]',12,'Botble\\Ecommerce\\Models\\ProductCategory','2023-11-08 01:37:28','2023-11-08 01:37:28'),(13,'background_color','[\"#F2FCE4\"]',13,'Botble\\Ecommerce\\Models\\ProductCategory','2023-11-08 01:37:28','2023-11-08 01:37:28'),(14,'background_color','[\"#FFFCEB\"]',14,'Botble\\Ecommerce\\Models\\ProductCategory','2023-11-08 01:37:28','2023-11-08 01:37:28'),(15,'layout','[\"product-right-sidebar\"]',1,'Botble\\Ecommerce\\Models\\Product','2023-11-08 01:37:32','2023-11-08 01:37:32'),(16,'faq_schema_config','[[[{\"key\":\"question\",\"value\":\"What Shipping Methods Are Available?\"},{\"key\":\"answer\",\"value\":\"Ex Portland Pitchfork irure mustache. Eutra fap before they sold out literally. Aliquip ugh bicycle rights actually mlkshk, seitan squid craft beer tempor.\"}],[{\"key\":\"question\",\"value\":\"Do You Ship Internationally?\"},{\"key\":\"answer\",\"value\":\"Hoodie tote bag mixtape tofu. Typewriter jean shorts wolf quinoa, messenger bag organic freegan cray.\"}],[{\"key\":\"question\",\"value\":\"How Long Will It Take To Get My Package?\"},{\"key\":\"answer\",\"value\":\"Swag slow-carb quinoa VHS typewriter pork belly brunch, paleo single-origin coffee Wes Anderson. Flexitarian Pitchfork forage, literally paleo fap pour-over. Wes Anderson Pinterest YOLO fanny pack meggings, deep v XOXO chambray sustainable slow-carb raw denim church-key fap chillwave Etsy. +1 typewriter kitsch, American Apparel tofu Banksy Vice.\"}],[{\"key\":\"question\",\"value\":\"What Payment Methods Are Accepted?\"},{\"key\":\"answer\",\"value\":\"Fashion axe DIY jean shorts, swag kale chips meh polaroid kogi butcher Wes Anderson chambray next level semiotics gentrify yr. Voluptate photo booth fugiat Vice. Austin sed Williamsburg, ea labore raw denim voluptate cred proident mixtape excepteur mustache. Twee chia photo booth readymade food truck, hoodie roof party swag keytar PBR DIY.\"}],[{\"key\":\"question\",\"value\":\"Is Buying On-Line Safe?\"},{\"key\":\"answer\",\"value\":\"Art party authentic freegan semiotics jean shorts chia cred. Neutra Austin roof party Brooklyn, synth Thundercats swag 8-bit photo booth. Plaid letterpress leggings craft beer meh ethical Pinterest.\"}]]]',1,'Botble\\Ecommerce\\Models\\Product','2023-11-08 01:37:32','2023-11-08 01:37:32'),(17,'layout','[\"product-left-sidebar\"]',2,'Botble\\Ecommerce\\Models\\Product','2023-11-08 01:37:32','2023-11-08 01:37:32'),(18,'is_popular','[\"1\"]',2,'Botble\\Ecommerce\\Models\\Product','2023-11-08 01:37:32','2023-11-08 01:37:32'),(19,'faq_schema_config','[[[{\"key\":\"question\",\"value\":\"What Shipping Methods Are Available?\"},{\"key\":\"answer\",\"value\":\"Ex Portland Pitchfork irure mustache. Eutra fap before they sold out literally. Aliquip ugh bicycle rights actually mlkshk, seitan squid craft beer tempor.\"}],[{\"key\":\"question\",\"value\":\"Do You Ship Internationally?\"},{\"key\":\"answer\",\"value\":\"Hoodie tote bag mixtape tofu. Typewriter jean shorts wolf quinoa, messenger bag organic freegan cray.\"}],[{\"key\":\"question\",\"value\":\"How Long Will It Take To Get My Package?\"},{\"key\":\"answer\",\"value\":\"Swag slow-carb quinoa VHS typewriter pork belly brunch, paleo single-origin coffee Wes Anderson. Flexitarian Pitchfork forage, literally paleo fap pour-over. Wes Anderson Pinterest YOLO fanny pack meggings, deep v XOXO chambray sustainable slow-carb raw denim church-key fap chillwave Etsy. +1 typewriter kitsch, American Apparel tofu Banksy Vice.\"}],[{\"key\":\"question\",\"value\":\"What Payment Methods Are Accepted?\"},{\"key\":\"answer\",\"value\":\"Fashion axe DIY jean shorts, swag kale chips meh polaroid kogi butcher Wes Anderson chambray next level semiotics gentrify yr. Voluptate photo booth fugiat Vice. Austin sed Williamsburg, ea labore raw denim voluptate cred proident mixtape excepteur mustache. Twee chia photo booth readymade food truck, hoodie roof party swag keytar PBR DIY.\"}],[{\"key\":\"question\",\"value\":\"Is Buying On-Line Safe?\"},{\"key\":\"answer\",\"value\":\"Art party authentic freegan semiotics jean shorts chia cred. Neutra Austin roof party Brooklyn, synth Thundercats swag 8-bit photo booth. Plaid letterpress leggings craft beer meh ethical Pinterest.\"}]]]',2,'Botble\\Ecommerce\\Models\\Product','2023-11-08 01:37:32','2023-11-08 01:37:32'),(20,'layout','[\"product-full-width\"]',3,'Botble\\Ecommerce\\Models\\Product','2023-11-08 01:37:32','2023-11-08 01:37:32'),(21,'faq_schema_config','[[[{\"key\":\"question\",\"value\":\"What Shipping Methods Are Available?\"},{\"key\":\"answer\",\"value\":\"Ex Portland Pitchfork irure mustache. Eutra fap before they sold out literally. Aliquip ugh bicycle rights actually mlkshk, seitan squid craft beer tempor.\"}],[{\"key\":\"question\",\"value\":\"Do You Ship Internationally?\"},{\"key\":\"answer\",\"value\":\"Hoodie tote bag mixtape tofu. Typewriter jean shorts wolf quinoa, messenger bag organic freegan cray.\"}],[{\"key\":\"question\",\"value\":\"How Long Will It Take To Get My Package?\"},{\"key\":\"answer\",\"value\":\"Swag slow-carb quinoa VHS typewriter pork belly brunch, paleo single-origin coffee Wes Anderson. Flexitarian Pitchfork forage, literally paleo fap pour-over. Wes Anderson Pinterest YOLO fanny pack meggings, deep v XOXO chambray sustainable slow-carb raw denim church-key fap chillwave Etsy. +1 typewriter kitsch, American Apparel tofu Banksy Vice.\"}],[{\"key\":\"question\",\"value\":\"What Payment Methods Are Accepted?\"},{\"key\":\"answer\",\"value\":\"Fashion axe DIY jean shorts, swag kale chips meh polaroid kogi butcher Wes Anderson chambray next level semiotics gentrify yr. Voluptate photo booth fugiat Vice. Austin sed Williamsburg, ea labore raw denim voluptate cred proident mixtape excepteur mustache. Twee chia photo booth readymade food truck, hoodie roof party swag keytar PBR DIY.\"}],[{\"key\":\"question\",\"value\":\"Is Buying On-Line Safe?\"},{\"key\":\"answer\",\"value\":\"Art party authentic freegan semiotics jean shorts chia cred. Neutra Austin roof party Brooklyn, synth Thundercats swag 8-bit photo booth. Plaid letterpress leggings craft beer meh ethical Pinterest.\"}]]]',3,'Botble\\Ecommerce\\Models\\Product','2023-11-08 01:37:32','2023-11-08 01:37:32'),(22,'is_popular','[\"1\"]',4,'Botble\\Ecommerce\\Models\\Product','2023-11-08 01:37:32','2023-11-08 01:37:32'),(23,'faq_schema_config','[[[{\"key\":\"question\",\"value\":\"What Shipping Methods Are Available?\"},{\"key\":\"answer\",\"value\":\"Ex Portland Pitchfork irure mustache. Eutra fap before they sold out literally. Aliquip ugh bicycle rights actually mlkshk, seitan squid craft beer tempor.\"}],[{\"key\":\"question\",\"value\":\"Do You Ship Internationally?\"},{\"key\":\"answer\",\"value\":\"Hoodie tote bag mixtape tofu. Typewriter jean shorts wolf quinoa, messenger bag organic freegan cray.\"}],[{\"key\":\"question\",\"value\":\"How Long Will It Take To Get My Package?\"},{\"key\":\"answer\",\"value\":\"Swag slow-carb quinoa VHS typewriter pork belly brunch, paleo single-origin coffee Wes Anderson. Flexitarian Pitchfork forage, literally paleo fap pour-over. Wes Anderson Pinterest YOLO fanny pack meggings, deep v XOXO chambray sustainable slow-carb raw denim church-key fap chillwave Etsy. +1 typewriter kitsch, American Apparel tofu Banksy Vice.\"}],[{\"key\":\"question\",\"value\":\"What Payment Methods Are Accepted?\"},{\"key\":\"answer\",\"value\":\"Fashion axe DIY jean shorts, swag kale chips meh polaroid kogi butcher Wes Anderson chambray next level semiotics gentrify yr. Voluptate photo booth fugiat Vice. Austin sed Williamsburg, ea labore raw denim voluptate cred proident mixtape excepteur mustache. Twee chia photo booth readymade food truck, hoodie roof party swag keytar PBR DIY.\"}],[{\"key\":\"question\",\"value\":\"Is Buying On-Line Safe?\"},{\"key\":\"answer\",\"value\":\"Art party authentic freegan semiotics jean shorts chia cred. Neutra Austin roof party Brooklyn, synth Thundercats swag 8-bit photo booth. Plaid letterpress leggings craft beer meh ethical Pinterest.\"}]]]',4,'Botble\\Ecommerce\\Models\\Product','2023-11-08 01:37:32','2023-11-08 01:37:32'),(24,'faq_schema_config','[[[{\"key\":\"question\",\"value\":\"What Shipping Methods Are Available?\"},{\"key\":\"answer\",\"value\":\"Ex Portland Pitchfork irure mustache. Eutra fap before they sold out literally. Aliquip ugh bicycle rights actually mlkshk, seitan squid craft beer tempor.\"}],[{\"key\":\"question\",\"value\":\"Do You Ship Internationally?\"},{\"key\":\"answer\",\"value\":\"Hoodie tote bag mixtape tofu. Typewriter jean shorts wolf quinoa, messenger bag organic freegan cray.\"}],[{\"key\":\"question\",\"value\":\"How Long Will It Take To Get My Package?\"},{\"key\":\"answer\",\"value\":\"Swag slow-carb quinoa VHS typewriter pork belly brunch, paleo single-origin coffee Wes Anderson. Flexitarian Pitchfork forage, literally paleo fap pour-over. Wes Anderson Pinterest YOLO fanny pack meggings, deep v XOXO chambray sustainable slow-carb raw denim church-key fap chillwave Etsy. +1 typewriter kitsch, American Apparel tofu Banksy Vice.\"}],[{\"key\":\"question\",\"value\":\"What Payment Methods Are Accepted?\"},{\"key\":\"answer\",\"value\":\"Fashion axe DIY jean shorts, swag kale chips meh polaroid kogi butcher Wes Anderson chambray next level semiotics gentrify yr. Voluptate photo booth fugiat Vice. Austin sed Williamsburg, ea labore raw denim voluptate cred proident mixtape excepteur mustache. Twee chia photo booth readymade food truck, hoodie roof party swag keytar PBR DIY.\"}],[{\"key\":\"question\",\"value\":\"Is Buying On-Line Safe?\"},{\"key\":\"answer\",\"value\":\"Art party authentic freegan semiotics jean shorts chia cred. Neutra Austin roof party Brooklyn, synth Thundercats swag 8-bit photo booth. Plaid letterpress leggings craft beer meh ethical Pinterest.\"}]]]',5,'Botble\\Ecommerce\\Models\\Product','2023-11-08 01:37:32','2023-11-08 01:37:32'),(25,'is_popular','[\"1\"]',6,'Botble\\Ecommerce\\Models\\Product','2023-11-08 01:37:32','2023-11-08 01:37:32'),(26,'faq_schema_config','[[[{\"key\":\"question\",\"value\":\"What Shipping Methods Are Available?\"},{\"key\":\"answer\",\"value\":\"Ex Portland Pitchfork irure mustache. Eutra fap before they sold out literally. Aliquip ugh bicycle rights actually mlkshk, seitan squid craft beer tempor.\"}],[{\"key\":\"question\",\"value\":\"Do You Ship Internationally?\"},{\"key\":\"answer\",\"value\":\"Hoodie tote bag mixtape tofu. Typewriter jean shorts wolf quinoa, messenger bag organic freegan cray.\"}],[{\"key\":\"question\",\"value\":\"How Long Will It Take To Get My Package?\"},{\"key\":\"answer\",\"value\":\"Swag slow-carb quinoa VHS typewriter pork belly brunch, paleo single-origin coffee Wes Anderson. Flexitarian Pitchfork forage, literally paleo fap pour-over. Wes Anderson Pinterest YOLO fanny pack meggings, deep v XOXO chambray sustainable slow-carb raw denim church-key fap chillwave Etsy. +1 typewriter kitsch, American Apparel tofu Banksy Vice.\"}],[{\"key\":\"question\",\"value\":\"What Payment Methods Are Accepted?\"},{\"key\":\"answer\",\"value\":\"Fashion axe DIY jean shorts, swag kale chips meh polaroid kogi butcher Wes Anderson chambray next level semiotics gentrify yr. Voluptate photo booth fugiat Vice. Austin sed Williamsburg, ea labore raw denim voluptate cred proident mixtape excepteur mustache. Twee chia photo booth readymade food truck, hoodie roof party swag keytar PBR DIY.\"}],[{\"key\":\"question\",\"value\":\"Is Buying On-Line Safe?\"},{\"key\":\"answer\",\"value\":\"Art party authentic freegan semiotics jean shorts chia cred. Neutra Austin roof party Brooklyn, synth Thundercats swag 8-bit photo booth. Plaid letterpress leggings craft beer meh ethical Pinterest.\"}]]]',6,'Botble\\Ecommerce\\Models\\Product','2023-11-08 01:37:32','2023-11-08 01:37:32'),(27,'faq_schema_config','[[[{\"key\":\"question\",\"value\":\"What Shipping Methods Are Available?\"},{\"key\":\"answer\",\"value\":\"Ex Portland Pitchfork irure mustache. Eutra fap before they sold out literally. Aliquip ugh bicycle rights actually mlkshk, seitan squid craft beer tempor.\"}],[{\"key\":\"question\",\"value\":\"Do You Ship Internationally?\"},{\"key\":\"answer\",\"value\":\"Hoodie tote bag mixtape tofu. Typewriter jean shorts wolf quinoa, messenger bag organic freegan cray.\"}],[{\"key\":\"question\",\"value\":\"How Long Will It Take To Get My Package?\"},{\"key\":\"answer\",\"value\":\"Swag slow-carb quinoa VHS typewriter pork belly brunch, paleo single-origin coffee Wes Anderson. Flexitarian Pitchfork forage, literally paleo fap pour-over. Wes Anderson Pinterest YOLO fanny pack meggings, deep v XOXO chambray sustainable slow-carb raw denim church-key fap chillwave Etsy. +1 typewriter kitsch, American Apparel tofu Banksy Vice.\"}],[{\"key\":\"question\",\"value\":\"What Payment Methods Are Accepted?\"},{\"key\":\"answer\",\"value\":\"Fashion axe DIY jean shorts, swag kale chips meh polaroid kogi butcher Wes Anderson chambray next level semiotics gentrify yr. Voluptate photo booth fugiat Vice. Austin sed Williamsburg, ea labore raw denim voluptate cred proident mixtape excepteur mustache. Twee chia photo booth readymade food truck, hoodie roof party swag keytar PBR DIY.\"}],[{\"key\":\"question\",\"value\":\"Is Buying On-Line Safe?\"},{\"key\":\"answer\",\"value\":\"Art party authentic freegan semiotics jean shorts chia cred. Neutra Austin roof party Brooklyn, synth Thundercats swag 8-bit photo booth. Plaid letterpress leggings craft beer meh ethical Pinterest.\"}]]]',7,'Botble\\Ecommerce\\Models\\Product','2023-11-08 01:37:32','2023-11-08 01:37:32'),(28,'is_popular','[\"1\"]',8,'Botble\\Ecommerce\\Models\\Product','2023-11-08 01:37:32','2023-11-08 01:37:32'),(29,'faq_schema_config','[[[{\"key\":\"question\",\"value\":\"What Shipping Methods Are Available?\"},{\"key\":\"answer\",\"value\":\"Ex Portland Pitchfork irure mustache. Eutra fap before they sold out literally. Aliquip ugh bicycle rights actually mlkshk, seitan squid craft beer tempor.\"}],[{\"key\":\"question\",\"value\":\"Do You Ship Internationally?\"},{\"key\":\"answer\",\"value\":\"Hoodie tote bag mixtape tofu. Typewriter jean shorts wolf quinoa, messenger bag organic freegan cray.\"}],[{\"key\":\"question\",\"value\":\"How Long Will It Take To Get My Package?\"},{\"key\":\"answer\",\"value\":\"Swag slow-carb quinoa VHS typewriter pork belly brunch, paleo single-origin coffee Wes Anderson. Flexitarian Pitchfork forage, literally paleo fap pour-over. Wes Anderson Pinterest YOLO fanny pack meggings, deep v XOXO chambray sustainable slow-carb raw denim church-key fap chillwave Etsy. +1 typewriter kitsch, American Apparel tofu Banksy Vice.\"}],[{\"key\":\"question\",\"value\":\"What Payment Methods Are Accepted?\"},{\"key\":\"answer\",\"value\":\"Fashion axe DIY jean shorts, swag kale chips meh polaroid kogi butcher Wes Anderson chambray next level semiotics gentrify yr. Voluptate photo booth fugiat Vice. Austin sed Williamsburg, ea labore raw denim voluptate cred proident mixtape excepteur mustache. Twee chia photo booth readymade food truck, hoodie roof party swag keytar PBR DIY.\"}],[{\"key\":\"question\",\"value\":\"Is Buying On-Line Safe?\"},{\"key\":\"answer\",\"value\":\"Art party authentic freegan semiotics jean shorts chia cred. Neutra Austin roof party Brooklyn, synth Thundercats swag 8-bit photo booth. Plaid letterpress leggings craft beer meh ethical Pinterest.\"}]]]',8,'Botble\\Ecommerce\\Models\\Product','2023-11-08 01:37:32','2023-11-08 01:37:32'),(30,'faq_schema_config','[[[{\"key\":\"question\",\"value\":\"What Shipping Methods Are Available?\"},{\"key\":\"answer\",\"value\":\"Ex Portland Pitchfork irure mustache. Eutra fap before they sold out literally. Aliquip ugh bicycle rights actually mlkshk, seitan squid craft beer tempor.\"}],[{\"key\":\"question\",\"value\":\"Do You Ship Internationally?\"},{\"key\":\"answer\",\"value\":\"Hoodie tote bag mixtape tofu. Typewriter jean shorts wolf quinoa, messenger bag organic freegan cray.\"}],[{\"key\":\"question\",\"value\":\"How Long Will It Take To Get My Package?\"},{\"key\":\"answer\",\"value\":\"Swag slow-carb quinoa VHS typewriter pork belly brunch, paleo single-origin coffee Wes Anderson. Flexitarian Pitchfork forage, literally paleo fap pour-over. Wes Anderson Pinterest YOLO fanny pack meggings, deep v XOXO chambray sustainable slow-carb raw denim church-key fap chillwave Etsy. +1 typewriter kitsch, American Apparel tofu Banksy Vice.\"}],[{\"key\":\"question\",\"value\":\"What Payment Methods Are Accepted?\"},{\"key\":\"answer\",\"value\":\"Fashion axe DIY jean shorts, swag kale chips meh polaroid kogi butcher Wes Anderson chambray next level semiotics gentrify yr. Voluptate photo booth fugiat Vice. Austin sed Williamsburg, ea labore raw denim voluptate cred proident mixtape excepteur mustache. Twee chia photo booth readymade food truck, hoodie roof party swag keytar PBR DIY.\"}],[{\"key\":\"question\",\"value\":\"Is Buying On-Line Safe?\"},{\"key\":\"answer\",\"value\":\"Art party authentic freegan semiotics jean shorts chia cred. Neutra Austin roof party Brooklyn, synth Thundercats swag 8-bit photo booth. Plaid letterpress leggings craft beer meh ethical Pinterest.\"}]]]',9,'Botble\\Ecommerce\\Models\\Product','2023-11-08 01:37:32','2023-11-08 01:37:32'),(31,'is_popular','[\"1\"]',10,'Botble\\Ecommerce\\Models\\Product','2023-11-08 01:37:32','2023-11-08 01:37:32'),(32,'faq_schema_config','[[[{\"key\":\"question\",\"value\":\"What Shipping Methods Are Available?\"},{\"key\":\"answer\",\"value\":\"Ex Portland Pitchfork irure mustache. Eutra fap before they sold out literally. Aliquip ugh bicycle rights actually mlkshk, seitan squid craft beer tempor.\"}],[{\"key\":\"question\",\"value\":\"Do You Ship Internationally?\"},{\"key\":\"answer\",\"value\":\"Hoodie tote bag mixtape tofu. Typewriter jean shorts wolf quinoa, messenger bag organic freegan cray.\"}],[{\"key\":\"question\",\"value\":\"How Long Will It Take To Get My Package?\"},{\"key\":\"answer\",\"value\":\"Swag slow-carb quinoa VHS typewriter pork belly brunch, paleo single-origin coffee Wes Anderson. Flexitarian Pitchfork forage, literally paleo fap pour-over. Wes Anderson Pinterest YOLO fanny pack meggings, deep v XOXO chambray sustainable slow-carb raw denim church-key fap chillwave Etsy. +1 typewriter kitsch, American Apparel tofu Banksy Vice.\"}],[{\"key\":\"question\",\"value\":\"What Payment Methods Are Accepted?\"},{\"key\":\"answer\",\"value\":\"Fashion axe DIY jean shorts, swag kale chips meh polaroid kogi butcher Wes Anderson chambray next level semiotics gentrify yr. Voluptate photo booth fugiat Vice. Austin sed Williamsburg, ea labore raw denim voluptate cred proident mixtape excepteur mustache. Twee chia photo booth readymade food truck, hoodie roof party swag keytar PBR DIY.\"}],[{\"key\":\"question\",\"value\":\"Is Buying On-Line Safe?\"},{\"key\":\"answer\",\"value\":\"Art party authentic freegan semiotics jean shorts chia cred. Neutra Austin roof party Brooklyn, synth Thundercats swag 8-bit photo booth. Plaid letterpress leggings craft beer meh ethical Pinterest.\"}]]]',10,'Botble\\Ecommerce\\Models\\Product','2023-11-08 01:37:32','2023-11-08 01:37:32'),(33,'faq_schema_config','[[[{\"key\":\"question\",\"value\":\"What Shipping Methods Are Available?\"},{\"key\":\"answer\",\"value\":\"Ex Portland Pitchfork irure mustache. Eutra fap before they sold out literally. Aliquip ugh bicycle rights actually mlkshk, seitan squid craft beer tempor.\"}],[{\"key\":\"question\",\"value\":\"Do You Ship Internationally?\"},{\"key\":\"answer\",\"value\":\"Hoodie tote bag mixtape tofu. Typewriter jean shorts wolf quinoa, messenger bag organic freegan cray.\"}],[{\"key\":\"question\",\"value\":\"How Long Will It Take To Get My Package?\"},{\"key\":\"answer\",\"value\":\"Swag slow-carb quinoa VHS typewriter pork belly brunch, paleo single-origin coffee Wes Anderson. Flexitarian Pitchfork forage, literally paleo fap pour-over. Wes Anderson Pinterest YOLO fanny pack meggings, deep v XOXO chambray sustainable slow-carb raw denim church-key fap chillwave Etsy. +1 typewriter kitsch, American Apparel tofu Banksy Vice.\"}],[{\"key\":\"question\",\"value\":\"What Payment Methods Are Accepted?\"},{\"key\":\"answer\",\"value\":\"Fashion axe DIY jean shorts, swag kale chips meh polaroid kogi butcher Wes Anderson chambray next level semiotics gentrify yr. Voluptate photo booth fugiat Vice. Austin sed Williamsburg, ea labore raw denim voluptate cred proident mixtape excepteur mustache. Twee chia photo booth readymade food truck, hoodie roof party swag keytar PBR DIY.\"}],[{\"key\":\"question\",\"value\":\"Is Buying On-Line Safe?\"},{\"key\":\"answer\",\"value\":\"Art party authentic freegan semiotics jean shorts chia cred. Neutra Austin roof party Brooklyn, synth Thundercats swag 8-bit photo booth. Plaid letterpress leggings craft beer meh ethical Pinterest.\"}]]]',11,'Botble\\Ecommerce\\Models\\Product','2023-11-08 01:37:32','2023-11-08 01:37:32'),(34,'is_popular','[\"1\"]',12,'Botble\\Ecommerce\\Models\\Product','2023-11-08 01:37:32','2023-11-08 01:37:32'),(35,'faq_schema_config','[[[{\"key\":\"question\",\"value\":\"What Shipping Methods Are Available?\"},{\"key\":\"answer\",\"value\":\"Ex Portland Pitchfork irure mustache. Eutra fap before they sold out literally. Aliquip ugh bicycle rights actually mlkshk, seitan squid craft beer tempor.\"}],[{\"key\":\"question\",\"value\":\"Do You Ship Internationally?\"},{\"key\":\"answer\",\"value\":\"Hoodie tote bag mixtape tofu. Typewriter jean shorts wolf quinoa, messenger bag organic freegan cray.\"}],[{\"key\":\"question\",\"value\":\"How Long Will It Take To Get My Package?\"},{\"key\":\"answer\",\"value\":\"Swag slow-carb quinoa VHS typewriter pork belly brunch, paleo single-origin coffee Wes Anderson. Flexitarian Pitchfork forage, literally paleo fap pour-over. Wes Anderson Pinterest YOLO fanny pack meggings, deep v XOXO chambray sustainable slow-carb raw denim church-key fap chillwave Etsy. +1 typewriter kitsch, American Apparel tofu Banksy Vice.\"}],[{\"key\":\"question\",\"value\":\"What Payment Methods Are Accepted?\"},{\"key\":\"answer\",\"value\":\"Fashion axe DIY jean shorts, swag kale chips meh polaroid kogi butcher Wes Anderson chambray next level semiotics gentrify yr. Voluptate photo booth fugiat Vice. Austin sed Williamsburg, ea labore raw denim voluptate cred proident mixtape excepteur mustache. Twee chia photo booth readymade food truck, hoodie roof party swag keytar PBR DIY.\"}],[{\"key\":\"question\",\"value\":\"Is Buying On-Line Safe?\"},{\"key\":\"answer\",\"value\":\"Art party authentic freegan semiotics jean shorts chia cred. Neutra Austin roof party Brooklyn, synth Thundercats swag 8-bit photo booth. Plaid letterpress leggings craft beer meh ethical Pinterest.\"}]]]',12,'Botble\\Ecommerce\\Models\\Product','2023-11-08 01:37:32','2023-11-08 01:37:32'),(36,'faq_schema_config','[[[{\"key\":\"question\",\"value\":\"What Shipping Methods Are Available?\"},{\"key\":\"answer\",\"value\":\"Ex Portland Pitchfork irure mustache. Eutra fap before they sold out literally. Aliquip ugh bicycle rights actually mlkshk, seitan squid craft beer tempor.\"}],[{\"key\":\"question\",\"value\":\"Do You Ship Internationally?\"},{\"key\":\"answer\",\"value\":\"Hoodie tote bag mixtape tofu. Typewriter jean shorts wolf quinoa, messenger bag organic freegan cray.\"}],[{\"key\":\"question\",\"value\":\"How Long Will It Take To Get My Package?\"},{\"key\":\"answer\",\"value\":\"Swag slow-carb quinoa VHS typewriter pork belly brunch, paleo single-origin coffee Wes Anderson. Flexitarian Pitchfork forage, literally paleo fap pour-over. Wes Anderson Pinterest YOLO fanny pack meggings, deep v XOXO chambray sustainable slow-carb raw denim church-key fap chillwave Etsy. +1 typewriter kitsch, American Apparel tofu Banksy Vice.\"}],[{\"key\":\"question\",\"value\":\"What Payment Methods Are Accepted?\"},{\"key\":\"answer\",\"value\":\"Fashion axe DIY jean shorts, swag kale chips meh polaroid kogi butcher Wes Anderson chambray next level semiotics gentrify yr. Voluptate photo booth fugiat Vice. Austin sed Williamsburg, ea labore raw denim voluptate cred proident mixtape excepteur mustache. Twee chia photo booth readymade food truck, hoodie roof party swag keytar PBR DIY.\"}],[{\"key\":\"question\",\"value\":\"Is Buying On-Line Safe?\"},{\"key\":\"answer\",\"value\":\"Art party authentic freegan semiotics jean shorts chia cred. Neutra Austin roof party Brooklyn, synth Thundercats swag 8-bit photo booth. Plaid letterpress leggings craft beer meh ethical Pinterest.\"}]]]',13,'Botble\\Ecommerce\\Models\\Product','2023-11-08 01:37:32','2023-11-08 01:37:32'),(37,'is_popular','[\"1\"]',14,'Botble\\Ecommerce\\Models\\Product','2023-11-08 01:37:32','2023-11-08 01:37:32'),(38,'faq_schema_config','[[[{\"key\":\"question\",\"value\":\"What Shipping Methods Are Available?\"},{\"key\":\"answer\",\"value\":\"Ex Portland Pitchfork irure mustache. Eutra fap before they sold out literally. Aliquip ugh bicycle rights actually mlkshk, seitan squid craft beer tempor.\"}],[{\"key\":\"question\",\"value\":\"Do You Ship Internationally?\"},{\"key\":\"answer\",\"value\":\"Hoodie tote bag mixtape tofu. Typewriter jean shorts wolf quinoa, messenger bag organic freegan cray.\"}],[{\"key\":\"question\",\"value\":\"How Long Will It Take To Get My Package?\"},{\"key\":\"answer\",\"value\":\"Swag slow-carb quinoa VHS typewriter pork belly brunch, paleo single-origin coffee Wes Anderson. Flexitarian Pitchfork forage, literally paleo fap pour-over. Wes Anderson Pinterest YOLO fanny pack meggings, deep v XOXO chambray sustainable slow-carb raw denim church-key fap chillwave Etsy. +1 typewriter kitsch, American Apparel tofu Banksy Vice.\"}],[{\"key\":\"question\",\"value\":\"What Payment Methods Are Accepted?\"},{\"key\":\"answer\",\"value\":\"Fashion axe DIY jean shorts, swag kale chips meh polaroid kogi butcher Wes Anderson chambray next level semiotics gentrify yr. Voluptate photo booth fugiat Vice. Austin sed Williamsburg, ea labore raw denim voluptate cred proident mixtape excepteur mustache. Twee chia photo booth readymade food truck, hoodie roof party swag keytar PBR DIY.\"}],[{\"key\":\"question\",\"value\":\"Is Buying On-Line Safe?\"},{\"key\":\"answer\",\"value\":\"Art party authentic freegan semiotics jean shorts chia cred. Neutra Austin roof party Brooklyn, synth Thundercats swag 8-bit photo booth. Plaid letterpress leggings craft beer meh ethical Pinterest.\"}]]]',14,'Botble\\Ecommerce\\Models\\Product','2023-11-08 01:37:32','2023-11-08 01:37:32'),(39,'faq_schema_config','[[[{\"key\":\"question\",\"value\":\"What Shipping Methods Are Available?\"},{\"key\":\"answer\",\"value\":\"Ex Portland Pitchfork irure mustache. Eutra fap before they sold out literally. Aliquip ugh bicycle rights actually mlkshk, seitan squid craft beer tempor.\"}],[{\"key\":\"question\",\"value\":\"Do You Ship Internationally?\"},{\"key\":\"answer\",\"value\":\"Hoodie tote bag mixtape tofu. Typewriter jean shorts wolf quinoa, messenger bag organic freegan cray.\"}],[{\"key\":\"question\",\"value\":\"How Long Will It Take To Get My Package?\"},{\"key\":\"answer\",\"value\":\"Swag slow-carb quinoa VHS typewriter pork belly brunch, paleo single-origin coffee Wes Anderson. Flexitarian Pitchfork forage, literally paleo fap pour-over. Wes Anderson Pinterest YOLO fanny pack meggings, deep v XOXO chambray sustainable slow-carb raw denim church-key fap chillwave Etsy. +1 typewriter kitsch, American Apparel tofu Banksy Vice.\"}],[{\"key\":\"question\",\"value\":\"What Payment Methods Are Accepted?\"},{\"key\":\"answer\",\"value\":\"Fashion axe DIY jean shorts, swag kale chips meh polaroid kogi butcher Wes Anderson chambray next level semiotics gentrify yr. Voluptate photo booth fugiat Vice. Austin sed Williamsburg, ea labore raw denim voluptate cred proident mixtape excepteur mustache. Twee chia photo booth readymade food truck, hoodie roof party swag keytar PBR DIY.\"}],[{\"key\":\"question\",\"value\":\"Is Buying On-Line Safe?\"},{\"key\":\"answer\",\"value\":\"Art party authentic freegan semiotics jean shorts chia cred. Neutra Austin roof party Brooklyn, synth Thundercats swag 8-bit photo booth. Plaid letterpress leggings craft beer meh ethical Pinterest.\"}]]]',15,'Botble\\Ecommerce\\Models\\Product','2023-11-08 01:37:32','2023-11-08 01:37:32'),(40,'is_popular','[\"1\"]',16,'Botble\\Ecommerce\\Models\\Product','2023-11-08 01:37:32','2023-11-08 01:37:32'),(41,'faq_schema_config','[[[{\"key\":\"question\",\"value\":\"What Shipping Methods Are Available?\"},{\"key\":\"answer\",\"value\":\"Ex Portland Pitchfork irure mustache. Eutra fap before they sold out literally. Aliquip ugh bicycle rights actually mlkshk, seitan squid craft beer tempor.\"}],[{\"key\":\"question\",\"value\":\"Do You Ship Internationally?\"},{\"key\":\"answer\",\"value\":\"Hoodie tote bag mixtape tofu. Typewriter jean shorts wolf quinoa, messenger bag organic freegan cray.\"}],[{\"key\":\"question\",\"value\":\"How Long Will It Take To Get My Package?\"},{\"key\":\"answer\",\"value\":\"Swag slow-carb quinoa VHS typewriter pork belly brunch, paleo single-origin coffee Wes Anderson. Flexitarian Pitchfork forage, literally paleo fap pour-over. Wes Anderson Pinterest YOLO fanny pack meggings, deep v XOXO chambray sustainable slow-carb raw denim church-key fap chillwave Etsy. +1 typewriter kitsch, American Apparel tofu Banksy Vice.\"}],[{\"key\":\"question\",\"value\":\"What Payment Methods Are Accepted?\"},{\"key\":\"answer\",\"value\":\"Fashion axe DIY jean shorts, swag kale chips meh polaroid kogi butcher Wes Anderson chambray next level semiotics gentrify yr. Voluptate photo booth fugiat Vice. Austin sed Williamsburg, ea labore raw denim voluptate cred proident mixtape excepteur mustache. Twee chia photo booth readymade food truck, hoodie roof party swag keytar PBR DIY.\"}],[{\"key\":\"question\",\"value\":\"Is Buying On-Line Safe?\"},{\"key\":\"answer\",\"value\":\"Art party authentic freegan semiotics jean shorts chia cred. Neutra Austin roof party Brooklyn, synth Thundercats swag 8-bit photo booth. Plaid letterpress leggings craft beer meh ethical Pinterest.\"}]]]',16,'Botble\\Ecommerce\\Models\\Product','2023-11-08 01:37:32','2023-11-08 01:37:32'),(42,'faq_schema_config','[[[{\"key\":\"question\",\"value\":\"What Shipping Methods Are Available?\"},{\"key\":\"answer\",\"value\":\"Ex Portland Pitchfork irure mustache. Eutra fap before they sold out literally. Aliquip ugh bicycle rights actually mlkshk, seitan squid craft beer tempor.\"}],[{\"key\":\"question\",\"value\":\"Do You Ship Internationally?\"},{\"key\":\"answer\",\"value\":\"Hoodie tote bag mixtape tofu. Typewriter jean shorts wolf quinoa, messenger bag organic freegan cray.\"}],[{\"key\":\"question\",\"value\":\"How Long Will It Take To Get My Package?\"},{\"key\":\"answer\",\"value\":\"Swag slow-carb quinoa VHS typewriter pork belly brunch, paleo single-origin coffee Wes Anderson. Flexitarian Pitchfork forage, literally paleo fap pour-over. Wes Anderson Pinterest YOLO fanny pack meggings, deep v XOXO chambray sustainable slow-carb raw denim church-key fap chillwave Etsy. +1 typewriter kitsch, American Apparel tofu Banksy Vice.\"}],[{\"key\":\"question\",\"value\":\"What Payment Methods Are Accepted?\"},{\"key\":\"answer\",\"value\":\"Fashion axe DIY jean shorts, swag kale chips meh polaroid kogi butcher Wes Anderson chambray next level semiotics gentrify yr. Voluptate photo booth fugiat Vice. Austin sed Williamsburg, ea labore raw denim voluptate cred proident mixtape excepteur mustache. Twee chia photo booth readymade food truck, hoodie roof party swag keytar PBR DIY.\"}],[{\"key\":\"question\",\"value\":\"Is Buying On-Line Safe?\"},{\"key\":\"answer\",\"value\":\"Art party authentic freegan semiotics jean shorts chia cred. Neutra Austin roof party Brooklyn, synth Thundercats swag 8-bit photo booth. Plaid letterpress leggings craft beer meh ethical Pinterest.\"}]]]',17,'Botble\\Ecommerce\\Models\\Product','2023-11-08 01:37:32','2023-11-08 01:37:32'),(43,'is_popular','[\"1\"]',18,'Botble\\Ecommerce\\Models\\Product','2023-11-08 01:37:33','2023-11-08 01:37:33'),(44,'faq_schema_config','[[[{\"key\":\"question\",\"value\":\"What Shipping Methods Are Available?\"},{\"key\":\"answer\",\"value\":\"Ex Portland Pitchfork irure mustache. Eutra fap before they sold out literally. Aliquip ugh bicycle rights actually mlkshk, seitan squid craft beer tempor.\"}],[{\"key\":\"question\",\"value\":\"Do You Ship Internationally?\"},{\"key\":\"answer\",\"value\":\"Hoodie tote bag mixtape tofu. Typewriter jean shorts wolf quinoa, messenger bag organic freegan cray.\"}],[{\"key\":\"question\",\"value\":\"How Long Will It Take To Get My Package?\"},{\"key\":\"answer\",\"value\":\"Swag slow-carb quinoa VHS typewriter pork belly brunch, paleo single-origin coffee Wes Anderson. Flexitarian Pitchfork forage, literally paleo fap pour-over. Wes Anderson Pinterest YOLO fanny pack meggings, deep v XOXO chambray sustainable slow-carb raw denim church-key fap chillwave Etsy. +1 typewriter kitsch, American Apparel tofu Banksy Vice.\"}],[{\"key\":\"question\",\"value\":\"What Payment Methods Are Accepted?\"},{\"key\":\"answer\",\"value\":\"Fashion axe DIY jean shorts, swag kale chips meh polaroid kogi butcher Wes Anderson chambray next level semiotics gentrify yr. Voluptate photo booth fugiat Vice. Austin sed Williamsburg, ea labore raw denim voluptate cred proident mixtape excepteur mustache. Twee chia photo booth readymade food truck, hoodie roof party swag keytar PBR DIY.\"}],[{\"key\":\"question\",\"value\":\"Is Buying On-Line Safe?\"},{\"key\":\"answer\",\"value\":\"Art party authentic freegan semiotics jean shorts chia cred. Neutra Austin roof party Brooklyn, synth Thundercats swag 8-bit photo booth. Plaid letterpress leggings craft beer meh ethical Pinterest.\"}]]]',18,'Botble\\Ecommerce\\Models\\Product','2023-11-08 01:37:33','2023-11-08 01:37:33'),(45,'faq_schema_config','[[[{\"key\":\"question\",\"value\":\"What Shipping Methods Are Available?\"},{\"key\":\"answer\",\"value\":\"Ex Portland Pitchfork irure mustache. Eutra fap before they sold out literally. Aliquip ugh bicycle rights actually mlkshk, seitan squid craft beer tempor.\"}],[{\"key\":\"question\",\"value\":\"Do You Ship Internationally?\"},{\"key\":\"answer\",\"value\":\"Hoodie tote bag mixtape tofu. Typewriter jean shorts wolf quinoa, messenger bag organic freegan cray.\"}],[{\"key\":\"question\",\"value\":\"How Long Will It Take To Get My Package?\"},{\"key\":\"answer\",\"value\":\"Swag slow-carb quinoa VHS typewriter pork belly brunch, paleo single-origin coffee Wes Anderson. Flexitarian Pitchfork forage, literally paleo fap pour-over. Wes Anderson Pinterest YOLO fanny pack meggings, deep v XOXO chambray sustainable slow-carb raw denim church-key fap chillwave Etsy. +1 typewriter kitsch, American Apparel tofu Banksy Vice.\"}],[{\"key\":\"question\",\"value\":\"What Payment Methods Are Accepted?\"},{\"key\":\"answer\",\"value\":\"Fashion axe DIY jean shorts, swag kale chips meh polaroid kogi butcher Wes Anderson chambray next level semiotics gentrify yr. Voluptate photo booth fugiat Vice. Austin sed Williamsburg, ea labore raw denim voluptate cred proident mixtape excepteur mustache. Twee chia photo booth readymade food truck, hoodie roof party swag keytar PBR DIY.\"}],[{\"key\":\"question\",\"value\":\"Is Buying On-Line Safe?\"},{\"key\":\"answer\",\"value\":\"Art party authentic freegan semiotics jean shorts chia cred. Neutra Austin roof party Brooklyn, synth Thundercats swag 8-bit photo booth. Plaid letterpress leggings craft beer meh ethical Pinterest.\"}]]]',19,'Botble\\Ecommerce\\Models\\Product','2023-11-08 01:37:33','2023-11-08 01:37:33'),(46,'is_popular','[\"1\"]',20,'Botble\\Ecommerce\\Models\\Product','2023-11-08 01:37:33','2023-11-08 01:37:33'),(47,'faq_schema_config','[[[{\"key\":\"question\",\"value\":\"What Shipping Methods Are Available?\"},{\"key\":\"answer\",\"value\":\"Ex Portland Pitchfork irure mustache. Eutra fap before they sold out literally. Aliquip ugh bicycle rights actually mlkshk, seitan squid craft beer tempor.\"}],[{\"key\":\"question\",\"value\":\"Do You Ship Internationally?\"},{\"key\":\"answer\",\"value\":\"Hoodie tote bag mixtape tofu. Typewriter jean shorts wolf quinoa, messenger bag organic freegan cray.\"}],[{\"key\":\"question\",\"value\":\"How Long Will It Take To Get My Package?\"},{\"key\":\"answer\",\"value\":\"Swag slow-carb quinoa VHS typewriter pork belly brunch, paleo single-origin coffee Wes Anderson. Flexitarian Pitchfork forage, literally paleo fap pour-over. Wes Anderson Pinterest YOLO fanny pack meggings, deep v XOXO chambray sustainable slow-carb raw denim church-key fap chillwave Etsy. +1 typewriter kitsch, American Apparel tofu Banksy Vice.\"}],[{\"key\":\"question\",\"value\":\"What Payment Methods Are Accepted?\"},{\"key\":\"answer\",\"value\":\"Fashion axe DIY jean shorts, swag kale chips meh polaroid kogi butcher Wes Anderson chambray next level semiotics gentrify yr. Voluptate photo booth fugiat Vice. Austin sed Williamsburg, ea labore raw denim voluptate cred proident mixtape excepteur mustache. Twee chia photo booth readymade food truck, hoodie roof party swag keytar PBR DIY.\"}],[{\"key\":\"question\",\"value\":\"Is Buying On-Line Safe?\"},{\"key\":\"answer\",\"value\":\"Art party authentic freegan semiotics jean shorts chia cred. Neutra Austin roof party Brooklyn, synth Thundercats swag 8-bit photo booth. Plaid letterpress leggings craft beer meh ethical Pinterest.\"}]]]',20,'Botble\\Ecommerce\\Models\\Product','2023-11-08 01:37:33','2023-11-08 01:37:33'),(48,'faq_schema_config','[[[{\"key\":\"question\",\"value\":\"What Shipping Methods Are Available?\"},{\"key\":\"answer\",\"value\":\"Ex Portland Pitchfork irure mustache. Eutra fap before they sold out literally. Aliquip ugh bicycle rights actually mlkshk, seitan squid craft beer tempor.\"}],[{\"key\":\"question\",\"value\":\"Do You Ship Internationally?\"},{\"key\":\"answer\",\"value\":\"Hoodie tote bag mixtape tofu. Typewriter jean shorts wolf quinoa, messenger bag organic freegan cray.\"}],[{\"key\":\"question\",\"value\":\"How Long Will It Take To Get My Package?\"},{\"key\":\"answer\",\"value\":\"Swag slow-carb quinoa VHS typewriter pork belly brunch, paleo single-origin coffee Wes Anderson. Flexitarian Pitchfork forage, literally paleo fap pour-over. Wes Anderson Pinterest YOLO fanny pack meggings, deep v XOXO chambray sustainable slow-carb raw denim church-key fap chillwave Etsy. +1 typewriter kitsch, American Apparel tofu Banksy Vice.\"}],[{\"key\":\"question\",\"value\":\"What Payment Methods Are Accepted?\"},{\"key\":\"answer\",\"value\":\"Fashion axe DIY jean shorts, swag kale chips meh polaroid kogi butcher Wes Anderson chambray next level semiotics gentrify yr. Voluptate photo booth fugiat Vice. Austin sed Williamsburg, ea labore raw denim voluptate cred proident mixtape excepteur mustache. Twee chia photo booth readymade food truck, hoodie roof party swag keytar PBR DIY.\"}],[{\"key\":\"question\",\"value\":\"Is Buying On-Line Safe?\"},{\"key\":\"answer\",\"value\":\"Art party authentic freegan semiotics jean shorts chia cred. Neutra Austin roof party Brooklyn, synth Thundercats swag 8-bit photo booth. Plaid letterpress leggings craft beer meh ethical Pinterest.\"}]]]',21,'Botble\\Ecommerce\\Models\\Product','2023-11-08 01:37:33','2023-11-08 01:37:33'),(49,'is_popular','[\"1\"]',22,'Botble\\Ecommerce\\Models\\Product','2023-11-08 01:37:33','2023-11-08 01:37:33'),(50,'faq_schema_config','[[[{\"key\":\"question\",\"value\":\"What Shipping Methods Are Available?\"},{\"key\":\"answer\",\"value\":\"Ex Portland Pitchfork irure mustache. Eutra fap before they sold out literally. Aliquip ugh bicycle rights actually mlkshk, seitan squid craft beer tempor.\"}],[{\"key\":\"question\",\"value\":\"Do You Ship Internationally?\"},{\"key\":\"answer\",\"value\":\"Hoodie tote bag mixtape tofu. Typewriter jean shorts wolf quinoa, messenger bag organic freegan cray.\"}],[{\"key\":\"question\",\"value\":\"How Long Will It Take To Get My Package?\"},{\"key\":\"answer\",\"value\":\"Swag slow-carb quinoa VHS typewriter pork belly brunch, paleo single-origin coffee Wes Anderson. Flexitarian Pitchfork forage, literally paleo fap pour-over. Wes Anderson Pinterest YOLO fanny pack meggings, deep v XOXO chambray sustainable slow-carb raw denim church-key fap chillwave Etsy. +1 typewriter kitsch, American Apparel tofu Banksy Vice.\"}],[{\"key\":\"question\",\"value\":\"What Payment Methods Are Accepted?\"},{\"key\":\"answer\",\"value\":\"Fashion axe DIY jean shorts, swag kale chips meh polaroid kogi butcher Wes Anderson chambray next level semiotics gentrify yr. Voluptate photo booth fugiat Vice. Austin sed Williamsburg, ea labore raw denim voluptate cred proident mixtape excepteur mustache. Twee chia photo booth readymade food truck, hoodie roof party swag keytar PBR DIY.\"}],[{\"key\":\"question\",\"value\":\"Is Buying On-Line Safe?\"},{\"key\":\"answer\",\"value\":\"Art party authentic freegan semiotics jean shorts chia cred. Neutra Austin roof party Brooklyn, synth Thundercats swag 8-bit photo booth. Plaid letterpress leggings craft beer meh ethical Pinterest.\"}]]]',22,'Botble\\Ecommerce\\Models\\Product','2023-11-08 01:37:33','2023-11-08 01:37:33'),(51,'faq_schema_config','[[[{\"key\":\"question\",\"value\":\"What Shipping Methods Are Available?\"},{\"key\":\"answer\",\"value\":\"Ex Portland Pitchfork irure mustache. Eutra fap before they sold out literally. Aliquip ugh bicycle rights actually mlkshk, seitan squid craft beer tempor.\"}],[{\"key\":\"question\",\"value\":\"Do You Ship Internationally?\"},{\"key\":\"answer\",\"value\":\"Hoodie tote bag mixtape tofu. Typewriter jean shorts wolf quinoa, messenger bag organic freegan cray.\"}],[{\"key\":\"question\",\"value\":\"How Long Will It Take To Get My Package?\"},{\"key\":\"answer\",\"value\":\"Swag slow-carb quinoa VHS typewriter pork belly brunch, paleo single-origin coffee Wes Anderson. Flexitarian Pitchfork forage, literally paleo fap pour-over. Wes Anderson Pinterest YOLO fanny pack meggings, deep v XOXO chambray sustainable slow-carb raw denim church-key fap chillwave Etsy. +1 typewriter kitsch, American Apparel tofu Banksy Vice.\"}],[{\"key\":\"question\",\"value\":\"What Payment Methods Are Accepted?\"},{\"key\":\"answer\",\"value\":\"Fashion axe DIY jean shorts, swag kale chips meh polaroid kogi butcher Wes Anderson chambray next level semiotics gentrify yr. Voluptate photo booth fugiat Vice. Austin sed Williamsburg, ea labore raw denim voluptate cred proident mixtape excepteur mustache. Twee chia photo booth readymade food truck, hoodie roof party swag keytar PBR DIY.\"}],[{\"key\":\"question\",\"value\":\"Is Buying On-Line Safe?\"},{\"key\":\"answer\",\"value\":\"Art party authentic freegan semiotics jean shorts chia cred. Neutra Austin roof party Brooklyn, synth Thundercats swag 8-bit photo booth. Plaid letterpress leggings craft beer meh ethical Pinterest.\"}]]]',23,'Botble\\Ecommerce\\Models\\Product','2023-11-08 01:37:33','2023-11-08 01:37:33'),(52,'is_popular','[\"1\"]',24,'Botble\\Ecommerce\\Models\\Product','2023-11-08 01:37:33','2023-11-08 01:37:33'),(53,'faq_schema_config','[[[{\"key\":\"question\",\"value\":\"What Shipping Methods Are Available?\"},{\"key\":\"answer\",\"value\":\"Ex Portland Pitchfork irure mustache. Eutra fap before they sold out literally. Aliquip ugh bicycle rights actually mlkshk, seitan squid craft beer tempor.\"}],[{\"key\":\"question\",\"value\":\"Do You Ship Internationally?\"},{\"key\":\"answer\",\"value\":\"Hoodie tote bag mixtape tofu. Typewriter jean shorts wolf quinoa, messenger bag organic freegan cray.\"}],[{\"key\":\"question\",\"value\":\"How Long Will It Take To Get My Package?\"},{\"key\":\"answer\",\"value\":\"Swag slow-carb quinoa VHS typewriter pork belly brunch, paleo single-origin coffee Wes Anderson. Flexitarian Pitchfork forage, literally paleo fap pour-over. Wes Anderson Pinterest YOLO fanny pack meggings, deep v XOXO chambray sustainable slow-carb raw denim church-key fap chillwave Etsy. +1 typewriter kitsch, American Apparel tofu Banksy Vice.\"}],[{\"key\":\"question\",\"value\":\"What Payment Methods Are Accepted?\"},{\"key\":\"answer\",\"value\":\"Fashion axe DIY jean shorts, swag kale chips meh polaroid kogi butcher Wes Anderson chambray next level semiotics gentrify yr. Voluptate photo booth fugiat Vice. Austin sed Williamsburg, ea labore raw denim voluptate cred proident mixtape excepteur mustache. Twee chia photo booth readymade food truck, hoodie roof party swag keytar PBR DIY.\"}],[{\"key\":\"question\",\"value\":\"Is Buying On-Line Safe?\"},{\"key\":\"answer\",\"value\":\"Art party authentic freegan semiotics jean shorts chia cred. Neutra Austin roof party Brooklyn, synth Thundercats swag 8-bit photo booth. Plaid letterpress leggings craft beer meh ethical Pinterest.\"}]]]',24,'Botble\\Ecommerce\\Models\\Product','2023-11-08 01:37:33','2023-11-08 01:37:33'),(54,'image','[\"flash-sales\\/1.png\"]',1,'Botble\\Ecommerce\\Models\\FlashSale','2023-11-08 01:37:39','2023-11-08 01:37:39'),(55,'image','[\"flash-sales\\/2.png\"]',2,'Botble\\Ecommerce\\Models\\FlashSale','2023-11-08 01:37:39','2023-11-08 01:37:39'),(56,'image','[\"flash-sales\\/3.png\"]',3,'Botble\\Ecommerce\\Models\\FlashSale','2023-11-08 01:37:39','2023-11-08 01:37:39'),(57,'image','[\"flash-sales\\/4.png\"]',4,'Botble\\Ecommerce\\Models\\FlashSale','2023-11-08 01:37:39','2023-11-08 01:37:39'),(58,'image','[\"flash-sales\\/5.png\"]',5,'Botble\\Ecommerce\\Models\\FlashSale','2023-11-08 01:37:39','2023-11-08 01:37:39'),(59,'simple_slider_style','[\"style-4\"]',1,'Botble\\SimpleSlider\\Models\\SimpleSlider','2023-11-08 01:37:41','2023-11-08 01:37:41'),(60,'simple_slider_style','[\"style-2\"]',2,'Botble\\SimpleSlider\\Models\\SimpleSlider','2023-11-08 01:37:41','2023-11-08 01:37:41'),(61,'simple_slider_style','[\"style-3\"]',3,'Botble\\SimpleSlider\\Models\\SimpleSlider','2023-11-08 01:37:41','2023-11-08 01:37:41'),(62,'simple_slider_style','[\"style-1\"]',4,'Botble\\SimpleSlider\\Models\\SimpleSlider','2023-11-08 01:37:41','2023-11-08 01:37:41'),(63,'simple_slider_style','[\"style-5\"]',5,'Botble\\SimpleSlider\\Models\\SimpleSlider','2023-11-08 01:37:41','2023-11-08 01:37:41'),(64,'simple_slider_style','[\"style-6\"]',6,'Botble\\SimpleSlider\\Models\\SimpleSlider','2023-11-08 01:37:41','2023-11-08 01:37:41'),(65,'simple_slider_style','[\"style-1\"]',7,'Botble\\SimpleSlider\\Models\\SimpleSlider','2023-11-08 01:37:41','2023-11-08 01:37:41'),(66,'header_style','[\"header-style-5\"]',16,'Botble\\Page\\Models\\Page','2023-11-08 01:37:42','2023-11-08 01:37:42'),(67,'header_style','[\"header-style-5\"]',17,'Botble\\Page\\Models\\Page','2023-11-08 01:37:42','2023-11-08 01:37:42'),(68,'button_text','[\"Shop now\"]',1,'Botble\\Ads\\Models\\Ads','2023-11-08 01:37:43','2023-11-08 01:37:43'),(69,'subtitle','[\"Everyday Fresh & \\nClean with Our \\nProducts\"]',1,'Botble\\Ads\\Models\\Ads','2023-11-08 01:37:43','2023-11-08 01:37:43'),(70,'button_text','[\"Shop now\"]',2,'Botble\\Ads\\Models\\Ads','2023-11-08 01:37:43','2023-11-08 01:37:43'),(71,'subtitle','[\"Make your Breakfast Healthy and Easy\"]',2,'Botble\\Ads\\Models\\Ads','2023-11-08 01:37:43','2023-11-08 01:37:43'),(72,'button_text','[\"Shop now\"]',3,'Botble\\Ads\\Models\\Ads','2023-11-08 01:37:43','2023-11-08 01:37:43'),(73,'subtitle','[\"The best Organic Products Online\"]',3,'Botble\\Ads\\Models\\Ads','2023-11-08 01:37:43','2023-11-08 01:37:43'),(74,'button_text','[\"Shop now\"]',4,'Botble\\Ads\\Models\\Ads','2023-11-08 01:37:43','2023-11-08 01:37:43'),(75,'subtitle','[\"Bring nature into your home\"]',4,'Botble\\Ads\\Models\\Ads','2023-11-08 01:37:43','2023-11-08 01:37:43'),(76,'button_text','[\"Shop now\"]',5,'Botble\\Ads\\Models\\Ads','2023-11-08 01:37:43','2023-11-08 01:37:43'),(77,'subtitle','[\"Delivered to your home\"]',5,'Botble\\Ads\\Models\\Ads','2023-11-08 01:37:43','2023-11-08 01:37:43'),(78,'button_text','[\"Shop now\"]',6,'Botble\\Ads\\Models\\Ads','2023-11-08 01:37:43','2023-11-08 01:37:43'),(79,'subtitle','[\"Save 17% <br \\/>on Oganic <br \\/>Juice\"]',6,'Botble\\Ads\\Models\\Ads','2023-11-08 01:37:43','2023-11-08 01:37:43'),(80,'button_text','[\"Shop now\"]',7,'Botble\\Ads\\Models\\Ads','2023-11-08 01:37:43','2023-11-08 01:37:43'),(81,'subtitle','[\"Everyday Fresh & Clean with Our Products\"]',7,'Botble\\Ads\\Models\\Ads','2023-11-08 01:37:43','2023-11-08 01:37:43'),(82,'button_text','[\"Shop now\"]',8,'Botble\\Ads\\Models\\Ads','2023-11-08 01:37:43','2023-11-08 01:37:43'),(83,'subtitle','[\"The best Organic Products Online\"]',8,'Botble\\Ads\\Models\\Ads','2023-11-08 01:37:43','2023-11-08 01:37:43'),(84,'button_text','[\"Go to supplier\"]',9,'Botble\\Ads\\Models\\Ads','2023-11-08 01:37:43','2023-11-08 01:37:43'),(85,'subtitle','[\"Everyday Fresh with\\n Our Products\"]',9,'Botble\\Ads\\Models\\Ads','2023-11-08 01:37:43','2023-11-08 01:37:43'),(86,'button_text','[\"Go to supplier\"]',10,'Botble\\Ads\\Models\\Ads','2023-11-08 01:37:43','2023-11-08 01:37:43'),(87,'subtitle','[\"100% guaranteed all\\n Fresh items\"]',10,'Botble\\Ads\\Models\\Ads','2023-11-08 01:37:43','2023-11-08 01:37:43'),(88,'button_text','[\"Go to supplier\"]',11,'Botble\\Ads\\Models\\Ads','2023-11-08 01:37:43','2023-11-08 01:37:43'),(89,'subtitle','[\"Special grocery sale\\n off this month\"]',11,'Botble\\Ads\\Models\\Ads','2023-11-08 01:37:43','2023-11-08 01:37:43'),(90,'button_text','[\"Go to supplier\"]',12,'Botble\\Ads\\Models\\Ads','2023-11-08 01:37:43','2023-11-08 01:37:43'),(91,'subtitle','[\"Enjoy 15% OFF for all\\n vegetable and fruit\"]',12,'Botble\\Ads\\Models\\Ads','2023-11-08 01:37:43','2023-11-08 01:37:43'),(92,'social_links','[{\"facebook\":\"botble\",\"twitter\":\"botble\"}]',1,'Botble\\Marketplace\\Models\\Store','2023-11-08 01:37:48','2023-11-08 01:37:48'),(93,'social_links','[{\"facebook\":\"botble\",\"twitter\":\"botble\"}]',2,'Botble\\Marketplace\\Models\\Store','2023-11-08 01:37:48','2023-11-08 01:37:48'),(94,'social_links','[{\"facebook\":\"botble\",\"twitter\":\"botble\"}]',3,'Botble\\Marketplace\\Models\\Store','2023-11-08 01:37:48','2023-11-08 01:37:48'),(95,'social_links','[{\"facebook\":\"botble\",\"twitter\":\"botble\"}]',4,'Botble\\Marketplace\\Models\\Store','2023-11-08 01:37:48','2023-11-08 01:37:48'),(96,'social_links','[{\"facebook\":\"botble\",\"twitter\":\"botble\"}]',5,'Botble\\Marketplace\\Models\\Store','2023-11-08 01:37:48','2023-11-08 01:37:48'),(97,'social_links','[{\"facebook\":\"botble\",\"twitter\":\"botble\"}]',6,'Botble\\Marketplace\\Models\\Store','2023-11-08 01:37:48','2023-11-08 01:37:48');
/*!40000 ALTER TABLE `meta_boxes` ENABLE KEYS */;
UNLOCK TABLES;

--
-- Table structure for table `migrations`
--

DROP TABLE IF EXISTS `migrations`;
/*!40101 SET @saved_cs_client     = @@character_set_client */;
/*!50503 SET character_set_client = utf8mb4 */;
CREATE TABLE `migrations` (
  `id` int unsigned NOT NULL AUTO_INCREMENT,
  `migration` varchar(191) COLLATE utf8mb4_unicode_ci NOT NULL,
  `batch` int NOT NULL,
  PRIMARY KEY (`id`)
) ENGINE=InnoDB AUTO_INCREMENT=151 DEFAULT CHARSET=utf8mb4 COLLATE=utf8mb4_unicode_ci;
/*!40101 SET character_set_client = @saved_cs_client */;

--
-- Dumping data for table `migrations`
--

LOCK TABLES `migrations` WRITE;
/*!40000 ALTER TABLE `migrations` DISABLE KEYS */;
INSERT INTO `migrations` VALUES (1,'2013_04_09_032329_create_base_tables',1),(2,'2013_04_09_062329_create_revisions_table',1),(3,'2014_10_12_000000_create_users_table',1),(4,'2014_10_12_100000_create_password_reset_tokens_table',1),(5,'2016_06_10_230148_create_acl_tables',1),(6,'2016_06_14_230857_create_menus_table',1),(7,'2016_06_28_221418_create_pages_table',1),(8,'2016_10_05_074239_create_setting_table',1),(9,'2016_11_28_032840_create_dashboard_widget_tables',1),(10,'2016_12_16_084601_create_widgets_table',1),(11,'2017_05_09_070343_create_media_tables',1),(12,'2017_11_03_070450_create_slug_table',1),(13,'2019_01_05_053554_create_jobs_table',1),(14,'2019_08_19_000000_create_failed_jobs_table',1),(15,'2019_12_14_000001_create_personal_access_tokens_table',1),(16,'2022_04_20_100851_add_index_to_media_table',1),(17,'2022_04_20_101046_add_index_to_menu_table',1),(18,'2022_07_10_034813_move_lang_folder_to_root',1),(19,'2022_08_04_051940_add_missing_column_expires_at',1),(20,'2022_09_01_000001_create_admin_notifications_tables',1),(21,'2022_10_14_024629_drop_column_is_featured',1),(22,'2022_11_18_063357_add_missing_timestamp_in_table_settings',1),(23,'2022_12_02_093615_update_slug_index_columns',1),(24,'2023_01_30_024431_add_alt_to_media_table',1),(25,'2023_02_16_042611_drop_table_password_resets',1),(26,'2023_04_23_005903_add_column_permissions_to_admin_notifications',1),(27,'2023_05_10_075124_drop_column_id_in_role_users_table',1),(28,'2023_08_21_090810_make_page_content_nullable',1),(29,'2023_09_14_021936_update_index_for_slugs_table',1),(30,'2020_11_18_150916_ads_create_ads_table',2),(31,'2021_12_02_035301_add_ads_translations_table',2),(32,'2023_04_17_062645_add_open_in_new_tab',2),(33,'2023_11_07_023805_add_tablet_mobile_image',2),(34,'2015_06_29_025744_create_audit_history',3),(35,'2015_06_18_033822_create_blog_table',4),(36,'2021_02_16_092633_remove_default_value_for_author_type',4),(37,'2021_12_03_030600_create_blog_translations',4),(38,'2022_04_19_113923_add_index_to_table_posts',4),(39,'2023_08_29_074620_make_column_author_id_nullable',4),(40,'2016_06_17_091537_create_contacts_table',5),(41,'2020_03_05_041139_create_ecommerce_tables',6),(42,'2021_01_01_044147_ecommerce_create_flash_sale_table',6),(43,'2021_01_17_082713_add_column_is_featured_to_product_collections_table',6),(44,'2021_01_18_024333_add_zip_code_into_table_customer_addresses',6),(45,'2021_02_18_073505_update_table_ec_reviews',6),(46,'2021_03_10_024419_add_column_confirmed_at_to_table_ec_customers',6),(47,'2021_03_10_025153_change_column_tax_amount',6),(48,'2021_03_20_033103_add_column_availability_to_table_ec_products',6),(49,'2021_04_28_074008_ecommerce_create_product_label_table',6),(50,'2021_05_31_173037_ecommerce_create_ec_products_translations',6),(51,'2021_08_17_105016_remove_column_currency_id_in_some_tables',6),(52,'2021_08_30_142128_add_images_column_to_ec_reviews_table',6),(53,'2021_10_04_030050_add_column_created_by_to_table_ec_products',6),(54,'2021_10_05_122616_add_status_column_to_ec_customers_table',6),(55,'2021_11_03_025806_nullable_phone_number_in_ec_customer_addresses',6),(56,'2021_11_23_071403_correct_languages_for_product_variations',6),(57,'2021_11_28_031808_add_product_tags_translations',6),(58,'2021_12_01_031123_add_featured_image_to_ec_products',6),(59,'2022_01_01_033107_update_table_ec_shipments',6),(60,'2022_02_16_042457_improve_product_attribute_sets',6),(61,'2022_03_22_075758_correct_product_name',6),(62,'2022_04_19_113334_add_index_to_ec_products',6),(63,'2022_04_28_144405_remove_unused_table',6),(64,'2022_05_05_115015_create_ec_customer_recently_viewed_products_table',6),(65,'2022_05_18_143720_add_index_to_table_ec_product_categories',6),(66,'2022_06_16_095633_add_index_to_some_tables',6),(67,'2022_06_30_035148_create_order_referrals_table',6),(68,'2022_07_24_153815_add_completed_at_to_ec_orders_table',6),(69,'2022_08_14_032836_create_ec_order_returns_table',6),(70,'2022_08_14_033554_create_ec_order_return_items_table',6),(71,'2022_08_15_040324_add_billing_address',6),(72,'2022_08_30_091114_support_digital_products_table',6),(73,'2022_09_13_095744_create_options_table',6),(74,'2022_09_13_104347_create_option_value_table',6),(75,'2022_10_05_163518_alter_table_ec_order_product',6),(76,'2022_10_12_041517_create_invoices_table',6),(77,'2022_10_12_142226_update_orders_table',6),(78,'2022_10_13_024916_update_table_order_returns',6),(79,'2022_10_21_030830_update_columns_in_ec_shipments_table',6),(80,'2022_10_28_021046_update_columns_in_ec_shipments_table',6),(81,'2022_11_16_034522_update_type_column_in_ec_shipping_rules_table',6),(82,'2022_11_19_041643_add_ec_tax_product_table',6),(83,'2022_12_12_063830_update_tax_defadult_in_ec_tax_products_table',6),(84,'2022_12_17_041532_fix_address_in_order_invoice',6),(85,'2022_12_26_070329_create_ec_product_views_table',6),(86,'2023_01_04_033051_fix_product_categories',6),(87,'2023_01_09_050400_add_ec_global_options_translations_table',6),(88,'2023_01_10_093754_add_missing_option_value_id',6),(89,'2023_01_17_082713_add_column_barcode_and_cost_per_item_to_product_table',6),(90,'2023_01_26_021854_add_ec_customer_used_coupons_table',6),(91,'2023_02_08_015900_update_options_column_in_ec_order_product_table',6),(92,'2023_02_27_095752_remove_duplicate_reviews',6),(93,'2023_03_20_115757_add_user_type_column_to_ec_shipment_histories_table',6),(94,'2023_04_21_082427_create_ec_product_categorizables_table',6),(95,'2023_05_03_011331_add_missing_column_price_into_invoice_items_table',6),(96,'2023_05_17_025812_fix_invoice_issue',6),(97,'2023_05_26_073140_move_option_make_phone_field_optional_at_checkout_page_to_mandatory_fields',6),(98,'2023_05_27_144611_fix_exchange_rate_setting',6),(99,'2023_06_22_084331_add_generate_license_code_to_ec_products_table',6),(100,'2023_06_30_042512_create_ec_order_tax_information_table',6),(101,'2023_07_14_022724_remove_column_id_from_ec_product_collection_products',6),(102,'2023_08_09_012940_remove_column_status_in_ec_product_attributes',6),(103,'2023_08_15_064505_create_ec_tax_rules_table',6),(104,'2023_08_21_021819_make_column_address_in_ec_customer_addresses_nullable',6),(105,'2023_08_22_094114_drop_unique_for_barcode',6),(106,'2023_08_30_031811_add_apply_via_url_column_to_ec_discounts_table',6),(107,'2023_09_07_094312_add_index_to_product_sku_and_translations',6),(108,'2023_09_19_024955_create_discount_product_categories_table',6),(109,'2023_10_17_070728_add_icon_and_icon_image_to_product_categories_table',6),(110,'2018_07_09_221238_create_faq_table',7),(111,'2021_12_03_082134_create_faq_translations',7),(112,'2016_10_03_032336_create_languages_table',8),(113,'2023_09_14_022423_add_index_for_language_table',8),(114,'2021_10_25_021023_fix-priority-load-for-language-advanced',9),(115,'2021_12_03_075608_create_page_translations',9),(116,'2023_07_06_011444_create_slug_translations_table',9),(117,'2019_11_18_061011_create_country_table',10),(118,'2021_12_03_084118_create_location_translations',10),(119,'2021_12_03_094518_migrate_old_location_data',10),(120,'2021_12_10_034440_switch_plugin_location_to_use_language_advanced',10),(121,'2022_01_16_085908_improve_plugin_location',10),(122,'2022_08_04_052122_delete_location_backup_tables',10),(123,'2023_04_23_061847_increase_state_translations_abbreviation_column',10),(124,'2023_07_26_041451_add_more_columns_to_location_table',10),(125,'2023_07_27_041451_add_more_columns_to_location_translation_table',10),(126,'2023_08_15_073307_drop_unique_in_states_cities_translations',10),(127,'2023_10_21_065016_make_state_id_in_table_cities_nullable',10),(128,'2021_07_06_030002_create_marketplace_table',11),(129,'2021_09_04_150137_add_vendor_verified_at_to_ec_customers_table',11),(130,'2021_10_04_033903_add_column_approved_by_into_table_ec_products',11),(131,'2021_10_06_124943_add_transaction_id_column_to_mp_customer_withdrawals_table',11),(132,'2021_10_10_054216_add_columns_to_mp_customer_revenues_table',11),(133,'2021_12_06_031304_update_table_mp_customer_revenues',11),(134,'2022_10_19_152916_add_columns_to_mp_stores_table',11),(135,'2022_10_20_062849_create_mp_category_sale_commissions_table',11),(136,'2022_11_02_071413_add_more_info_for_store',11),(137,'2022_11_02_080444_add_tax_info',11),(138,'2023_02_01_062030_add_store_translations',11),(139,'2023_02_13_032133_update_fee_column_mp_customer_revenues_table',11),(140,'2023_02_17_023648_fix_store_prefix',11),(141,'2017_10_24_154832_create_newsletter_table',12),(142,'2017_05_18_080441_create_payment_tables',13),(143,'2021_03_27_144913_add_customer_type_into_table_payments',13),(144,'2021_05_24_034720_make_column_currency_nullable',13),(145,'2021_08_09_161302_add_metadata_column_to_payments_table',13),(146,'2021_10_19_020859_update_metadata_field',13),(147,'2022_06_28_151901_activate_paypal_stripe_plugin',13),(148,'2022_07_07_153354_update_charge_id_in_table_payments',13),(149,'2017_07_11_140018_create_simple_slider_table',14),(150,'2016_10_07_193005_create_translations_table',15);
/*!40000 ALTER TABLE `migrations` ENABLE KEYS */;
UNLOCK TABLES;

--
-- Table structure for table `mp_category_sale_commissions`
--

DROP TABLE IF EXISTS `mp_category_sale_commissions`;
/*!40101 SET @saved_cs_client     = @@character_set_client */;
/*!50503 SET character_set_client = utf8mb4 */;
CREATE TABLE `mp_category_sale_commissions` (
  `id` bigint unsigned NOT NULL AUTO_INCREMENT,
  `product_category_id` bigint unsigned NOT NULL,
  `commission_percentage` decimal(8,2) NOT NULL DEFAULT '0.00',
  PRIMARY KEY (`id`),
  UNIQUE KEY `mp_category_sale_commissions_product_category_id_unique` (`product_category_id`)
) ENGINE=InnoDB DEFAULT CHARSET=utf8mb4 COLLATE=utf8mb4_unicode_ci;
/*!40101 SET character_set_client = @saved_cs_client */;

--
-- Dumping data for table `mp_category_sale_commissions`
--

LOCK TABLES `mp_category_sale_commissions` WRITE;
/*!40000 ALTER TABLE `mp_category_sale_commissions` DISABLE KEYS */;
/*!40000 ALTER TABLE `mp_category_sale_commissions` ENABLE KEYS */;
UNLOCK TABLES;

--
-- Table structure for table `mp_customer_revenues`
--

DROP TABLE IF EXISTS `mp_customer_revenues`;
/*!40101 SET @saved_cs_client     = @@character_set_client */;
/*!50503 SET character_set_client = utf8mb4 */;
CREATE TABLE `mp_customer_revenues` (
  `id` bigint unsigned NOT NULL AUTO_INCREMENT,
  `customer_id` bigint unsigned DEFAULT NULL,
  `order_id` bigint unsigned DEFAULT NULL,
  `sub_amount` decimal(15,2) DEFAULT '0.00',
  `fee` decimal(15,2) DEFAULT '0.00',
  `amount` decimal(15,2) DEFAULT '0.00',
  `current_balance` decimal(15,2) DEFAULT '0.00',
  `currency` varchar(120) COLLATE utf8mb4_unicode_ci DEFAULT NULL,
  `description` text COLLATE utf8mb4_unicode_ci,
  `created_at` timestamp NULL DEFAULT NULL,
  `updated_at` timestamp NULL DEFAULT NULL,
  `user_id` bigint unsigned NOT NULL DEFAULT '0',
  `type` varchar(60) COLLATE utf8mb4_unicode_ci DEFAULT NULL,
  PRIMARY KEY (`id`)
) ENGINE=InnoDB AUTO_INCREMENT=13 DEFAULT CHARSET=utf8mb4 COLLATE=utf8mb4_unicode_ci;
/*!40101 SET character_set_client = @saved_cs_client */;

--
-- Dumping data for table `mp_customer_revenues`
--

LOCK TABLES `mp_customer_revenues` WRITE;
/*!40000 ALTER TABLE `mp_customer_revenues` DISABLE KEYS */;
INSERT INTO `mp_customer_revenues` VALUES (1,5,1,341.00,0.00,341.00,0.00,'USD',NULL,'2023-11-07 09:37:52','2023-11-07 09:37:52',0,'add-amount'),(2,4,10,440.00,0.00,440.00,0.00,'USD',NULL,'2023-11-05 07:37:53','2023-11-05 07:37:53',0,'add-amount'),(3,5,11,516.00,0.00,516.00,341.00,'USD',NULL,'2023-10-30 01:37:53','2023-10-30 01:37:53',0,'add-amount'),(4,5,16,378.00,0.00,378.00,857.00,'USD',NULL,'2023-10-26 07:37:54','2023-10-26 07:37:54',0,'add-amount'),(5,5,24,387.00,0.00,387.00,1235.00,'USD',NULL,'2023-10-22 09:37:55','2023-10-22 09:37:55',0,'add-amount'),(6,3,33,575.00,0.00,575.00,0.00,'USD',NULL,'2023-10-22 01:37:55','2023-10-22 01:37:55',0,'add-amount'),(7,5,34,228.00,0.00,228.00,1622.00,'USD',NULL,'2023-11-05 03:37:56','2023-11-05 03:37:56',0,'add-amount'),(8,4,40,240.00,0.00,240.00,440.00,'USD',NULL,'2023-10-15 03:37:57','2023-10-15 03:37:57',0,'add-amount'),(9,5,43,258.00,0.00,258.00,1850.00,'USD',NULL,'2023-10-31 17:37:58','2023-10-31 17:37:58',0,'add-amount'),(10,7,46,1143.00,0.00,1143.00,0.00,'USD',NULL,'2023-10-31 05:37:59','2023-10-31 05:37:59',0,'add-amount'),(11,3,48,603.00,0.00,603.00,575.00,'USD',NULL,'2023-10-02 07:37:59','2023-10-02 07:37:59',0,'add-amount'),(12,10,49,482.00,0.00,482.00,0.00,'USD',NULL,'2023-10-01 13:38:00','2023-10-01 13:38:00',0,'add-amount');
/*!40000 ALTER TABLE `mp_customer_revenues` ENABLE KEYS */;
UNLOCK TABLES;

--
-- Table structure for table `mp_customer_withdrawals`
--

DROP TABLE IF EXISTS `mp_customer_withdrawals`;
/*!40101 SET @saved_cs_client     = @@character_set_client */;
/*!50503 SET character_set_client = utf8mb4 */;
CREATE TABLE `mp_customer_withdrawals` (
  `id` bigint unsigned NOT NULL AUTO_INCREMENT,
  `customer_id` bigint unsigned DEFAULT NULL,
  `fee` decimal(15,2) unsigned DEFAULT '0.00',
  `amount` decimal(15,2) unsigned DEFAULT '0.00',
  `current_balance` decimal(15,2) unsigned DEFAULT '0.00',
  `currency` varchar(120) COLLATE utf8mb4_unicode_ci DEFAULT NULL,
  `description` text COLLATE utf8mb4_unicode_ci,
  `bank_info` text COLLATE utf8mb4_unicode_ci,
  `payment_channel` varchar(60) COLLATE utf8mb4_unicode_ci DEFAULT NULL,
  `user_id` bigint unsigned NOT NULL DEFAULT '0',
  `status` varchar(60) COLLATE utf8mb4_unicode_ci NOT NULL DEFAULT 'pending',
  `images` text COLLATE utf8mb4_unicode_ci,
  `created_at` timestamp NULL DEFAULT NULL,
  `updated_at` timestamp NULL DEFAULT NULL,
  `transaction_id` varchar(60) COLLATE utf8mb4_unicode_ci DEFAULT NULL,
  PRIMARY KEY (`id`)
) ENGINE=InnoDB AUTO_INCREMENT=14 DEFAULT CHARSET=utf8mb4 COLLATE=utf8mb4_unicode_ci;
/*!40101 SET character_set_client = @saved_cs_client */;

--
-- Dumping data for table `mp_customer_withdrawals`
--

LOCK TABLES `mp_customer_withdrawals` WRITE;
/*!40000 ALTER TABLE `mp_customer_withdrawals` DISABLE KEYS */;
INSERT INTO `mp_customer_withdrawals` VALUES (1,3,0.00,2.00,1178.00,'USD','','{\"name\":\"Zackary Tromp\",\"number\":\"+12193166883\",\"full_name\":\"Curt Spencer\",\"description\":\"Prof. Troy Price I\"}',NULL,0,'completed',NULL,'2023-11-08 01:38:01','2023-11-08 01:38:01',NULL),(2,3,0.00,119.00,1176.00,'USD','','{\"name\":\"Zackary Tromp\",\"number\":\"+12193166883\",\"full_name\":\"Curt Spencer\",\"description\":\"Prof. Troy Price I\"}',NULL,0,'completed',NULL,'2023-11-08 01:38:02','2023-11-08 01:38:02',NULL),(3,4,0.00,84.00,680.00,'USD','','{\"name\":\"Amya Strosin I\",\"number\":\"+18168630538\",\"full_name\":\"Ezekiel Walsh V\",\"description\":\"Dr. Carmela Cole\"}',NULL,0,'pending',NULL,'2023-11-08 01:38:02','2023-11-08 01:38:02',NULL),(4,4,0.00,119.00,596.00,'USD','','{\"name\":\"Amya Strosin I\",\"number\":\"+18168630538\",\"full_name\":\"Ezekiel Walsh V\",\"description\":\"Dr. Carmela Cole\"}',NULL,0,'processing',NULL,'2023-11-08 01:38:03','2023-11-08 01:38:03',NULL),(5,4,0.00,99.00,477.00,'USD','','{\"name\":\"Amya Strosin I\",\"number\":\"+18168630538\",\"full_name\":\"Ezekiel Walsh V\",\"description\":\"Dr. Carmela Cole\"}',NULL,0,'processing',NULL,'2023-11-08 01:38:04','2023-11-08 01:38:04',NULL),(6,4,0.00,98.00,378.00,'USD','','{\"name\":\"Amya Strosin I\",\"number\":\"+18168630538\",\"full_name\":\"Ezekiel Walsh V\",\"description\":\"Dr. Carmela Cole\"}',NULL,0,'completed',NULL,'2023-11-08 01:38:04','2023-11-08 01:38:04',NULL),(7,5,0.00,168.00,2108.00,'USD','','{\"name\":\"Britney Keebler\",\"number\":\"+12194280104\",\"full_name\":\"Thelma McCullough\",\"description\":\"Dr. Mckayla Dicki III\"}',NULL,0,'processing',NULL,'2023-11-08 01:38:05','2023-11-08 01:38:05',NULL),(8,5,0.00,301.00,1940.00,'USD','','{\"name\":\"Britney Keebler\",\"number\":\"+12194280104\",\"full_name\":\"Thelma McCullough\",\"description\":\"Dr. Mckayla Dicki III\"}',NULL,0,'completed',NULL,'2023-11-08 01:38:06','2023-11-08 01:38:06',NULL),(9,7,0.00,366.00,1143.00,'USD','','{\"name\":\"Deron Howell\",\"number\":\"+15628812155\",\"full_name\":\"Bradly Durgan\",\"description\":\"Jessy Torphy IV\"}',NULL,0,'pending',NULL,'2023-11-08 01:38:07','2023-11-08 01:38:07',NULL),(10,7,0.00,58.00,777.00,'USD','','{\"name\":\"Deron Howell\",\"number\":\"+15628812155\",\"full_name\":\"Bradly Durgan\",\"description\":\"Jessy Torphy IV\"}',NULL,0,'completed',NULL,'2023-11-08 01:38:07','2023-11-08 01:38:07',NULL),(11,10,0.00,74.00,482.00,'USD','','{\"name\":\"Lambert Murphy\",\"number\":\"+12135256707\",\"full_name\":\"Kathryn Baumbach\",\"description\":\"Margaret Stanton\"}',NULL,0,'completed',NULL,'2023-11-08 01:38:08','2023-11-08 01:38:08',NULL),(12,10,0.00,114.00,408.00,'USD','','{\"name\":\"Lambert Murphy\",\"number\":\"+12135256707\",\"full_name\":\"Kathryn Baumbach\",\"description\":\"Margaret Stanton\"}',NULL,0,'processing',NULL,'2023-11-08 01:38:09','2023-11-08 01:38:09',NULL),(13,10,0.00,7.00,294.00,'USD','','{\"name\":\"Lambert Murphy\",\"number\":\"+12135256707\",\"full_name\":\"Kathryn Baumbach\",\"description\":\"Margaret Stanton\"}',NULL,0,'pending',NULL,'2023-11-08 01:38:09','2023-11-08 01:38:09',NULL);
/*!40000 ALTER TABLE `mp_customer_withdrawals` ENABLE KEYS */;
UNLOCK TABLES;

--
-- Table structure for table `mp_stores`
--

DROP TABLE IF EXISTS `mp_stores`;
/*!40101 SET @saved_cs_client     = @@character_set_client */;
/*!50503 SET character_set_client = utf8mb4 */;
CREATE TABLE `mp_stores` (
  `id` bigint unsigned NOT NULL AUTO_INCREMENT,
  `name` varchar(255) COLLATE utf8mb4_unicode_ci NOT NULL,
  `email` varchar(60) COLLATE utf8mb4_unicode_ci DEFAULT NULL,
  `phone` varchar(20) COLLATE utf8mb4_unicode_ci DEFAULT NULL,
  `address` varchar(255) COLLATE utf8mb4_unicode_ci DEFAULT NULL,
  `country` varchar(120) COLLATE utf8mb4_unicode_ci DEFAULT NULL,
  `state` varchar(120) COLLATE utf8mb4_unicode_ci DEFAULT NULL,
  `city` varchar(120) COLLATE utf8mb4_unicode_ci DEFAULT NULL,
  `customer_id` bigint unsigned DEFAULT NULL,
  `logo` varchar(255) COLLATE utf8mb4_unicode_ci DEFAULT NULL,
  `description` varchar(400) COLLATE utf8mb4_unicode_ci DEFAULT NULL,
  `content` longtext COLLATE utf8mb4_unicode_ci,
  `status` varchar(60) COLLATE utf8mb4_unicode_ci NOT NULL DEFAULT 'published',
  `vendor_verified_at` datetime DEFAULT NULL,
  `created_at` timestamp NULL DEFAULT NULL,
  `updated_at` timestamp NULL DEFAULT NULL,
  `zip_code` varchar(20) COLLATE utf8mb4_unicode_ci DEFAULT NULL,
  `company` varchar(255) COLLATE utf8mb4_unicode_ci DEFAULT NULL,
  PRIMARY KEY (`id`)
) ENGINE=InnoDB AUTO_INCREMENT=7 DEFAULT CHARSET=utf8mb4 COLLATE=utf8mb4_unicode_ci;
/*!40101 SET character_set_client = @saved_cs_client */;

--
-- Dumping data for table `mp_stores`
--

LOCK TABLES `mp_stores` WRITE;
/*!40000 ALTER TABLE `mp_stores` DISABLE KEYS */;
INSERT INTO `mp_stores` VALUES (1,'GoPro','bjast@example.com','+12489456749','22999 Leannon Underpass','IN','Wyoming','North Wilford',2,'stores/1.png','Et veniam rerum quae dignissimos.','Magnam repellat dolores dolore nihil autem et voluptas. Amet tempora dignissimos numquam et. Aut vel officia quas sed et.','published',NULL,'2023-11-08 01:37:48','2023-11-08 01:37:48',NULL,NULL),(2,'Global Office','ocrooks@example.net','+17477674830','5962 Reichert Islands Suite 643','GU','West Virginia','New Annetta',3,'stores/2.png','Odit ad libero et ut saepe temporibus.','Eius rerum voluptas ut ipsum. Ratione est et rerum animi dolorum cum nostrum.','published',NULL,'2023-11-08 01:37:48','2023-11-08 01:37:48',NULL,NULL),(3,'Young Shop','rafael99@example.com','+12146075434','5808 Maryjane Way Apt. 152','TV','Kansas','Sterlingville',4,'stores/3.png','Ut ea exercitationem et praesentium.','Qui est vel molestiae cupiditate. Cum eaque est ex qui. In molestiae exercitationem nobis numquam.','published',NULL,'2023-11-08 01:37:48','2023-11-08 01:37:48',NULL,NULL),(4,'Global Store','esperanza.bailey@example.com','+18598608113','907 Mike Drive','MM','New Hampshire','East Dion',5,'stores/4.png','Ut et est in accusamus. Quia fuga alias adipisci.','Quia ratione assumenda autem quas consequatur tempore quod. Omnis architecto consectetur sint. Et repellat accusamus est praesentium amet.','published',NULL,'2023-11-08 01:37:48','2023-11-08 01:37:48',NULL,NULL),(5,'Robert’s Store','alice.conroy@example.net','+16318922438','626 Howell Course Suite 203','SV','Hawaii','Boyleberg',7,'stores/5.png','Deserunt doloribus nihil sed qui iste.','Quam illum autem quisquam rerum beatae qui est. Voluptatum aut labore eos dolor. Veniam natus enim sunt iure officiis qui molestiae praesentium.','published',NULL,'2023-11-08 01:37:48','2023-11-08 01:37:48',NULL,NULL),(6,'Stouffer','dasia.lynch@example.net','+13415225987','32613 Loyal Key Apt. 719','BT','Arizona','Port Margie',10,'stores/6.png','Quas voluptas ipsum nisi quibusdam dolor odio et.','Magnam ad et voluptates facilis est corrupti. Et optio tempore fugit qui ipsa. Eligendi placeat sit dicta sit qui nisi.','published',NULL,'2023-11-08 01:37:48','2023-11-08 01:37:48',NULL,NULL);
/*!40000 ALTER TABLE `mp_stores` ENABLE KEYS */;
UNLOCK TABLES;

--
-- Table structure for table `mp_stores_translations`
--

DROP TABLE IF EXISTS `mp_stores_translations`;
/*!40101 SET @saved_cs_client     = @@character_set_client */;
/*!50503 SET character_set_client = utf8mb4 */;
CREATE TABLE `mp_stores_translations` (
  `lang_code` varchar(191) COLLATE utf8mb4_unicode_ci NOT NULL,
  `mp_stores_id` bigint unsigned NOT NULL,
  `name` varchar(255) COLLATE utf8mb4_unicode_ci DEFAULT NULL,
  `description` varchar(400) COLLATE utf8mb4_unicode_ci DEFAULT NULL,
  `content` longtext COLLATE utf8mb4_unicode_ci,
  `address` varchar(255) COLLATE utf8mb4_unicode_ci DEFAULT NULL,
  `company` varchar(255) COLLATE utf8mb4_unicode_ci DEFAULT NULL,
  PRIMARY KEY (`lang_code`,`mp_stores_id`)
) ENGINE=InnoDB DEFAULT CHARSET=utf8mb4 COLLATE=utf8mb4_unicode_ci;
/*!40101 SET character_set_client = @saved_cs_client */;

--
-- Dumping data for table `mp_stores_translations`
--

LOCK TABLES `mp_stores_translations` WRITE;
/*!40000 ALTER TABLE `mp_stores_translations` DISABLE KEYS */;
/*!40000 ALTER TABLE `mp_stores_translations` ENABLE KEYS */;
UNLOCK TABLES;

--
-- Table structure for table `mp_vendor_info`
--

DROP TABLE IF EXISTS `mp_vendor_info`;
/*!40101 SET @saved_cs_client     = @@character_set_client */;
/*!50503 SET character_set_client = utf8mb4 */;
CREATE TABLE `mp_vendor_info` (
  `id` bigint unsigned NOT NULL AUTO_INCREMENT,
  `customer_id` bigint unsigned NOT NULL DEFAULT '0',
  `balance` decimal(15,2) NOT NULL DEFAULT '0.00',
  `total_fee` decimal(15,2) NOT NULL DEFAULT '0.00',
  `total_revenue` decimal(15,2) NOT NULL DEFAULT '0.00',
  `signature` varchar(255) COLLATE utf8mb4_unicode_ci DEFAULT NULL,
  `bank_info` text COLLATE utf8mb4_unicode_ci,
  `created_at` timestamp NULL DEFAULT NULL,
  `updated_at` timestamp NULL DEFAULT NULL,
  `payout_payment_method` varchar(120) COLLATE utf8mb4_unicode_ci DEFAULT 'bank_transfer',
  `tax_info` text COLLATE utf8mb4_unicode_ci,
  PRIMARY KEY (`id`)
) ENGINE=InnoDB AUTO_INCREMENT=7 DEFAULT CHARSET=utf8mb4 COLLATE=utf8mb4_unicode_ci;
/*!40101 SET character_set_client = @saved_cs_client */;

--
-- Dumping data for table `mp_vendor_info`
--

LOCK TABLES `mp_vendor_info` WRITE;
/*!40000 ALTER TABLE `mp_vendor_info` DISABLE KEYS */;
INSERT INTO `mp_vendor_info` VALUES (1,2,0.00,0.00,0.00,'$2y$12$.SyoLkJSGmq7JL9ZxIZPvuT2tT2.wE2nBuZ1PSv0aAEHlJRv3AH9u','{\"name\":\"Mckenna Zemlak\",\"number\":\"+15519355732\",\"full_name\":\"Ezekiel Skiles\",\"description\":\"Sydney Nolan\"}','2023-11-08 01:37:46','2023-11-08 01:37:46','bank_transfer',NULL),(2,3,1057.00,0.00,1178.00,'$2y$12$0UIaVA3ZTrnumhnR89wx2eSomsvH1oQXVxCd2KnPzPtoQOYuqZYRC','{\"name\":\"Zackary Tromp\",\"number\":\"+12193166883\",\"full_name\":\"Curt Spencer\",\"description\":\"Prof. Troy Price I\"}','2023-11-08 01:37:47','2023-11-08 01:38:02','bank_transfer',NULL),(3,4,280.00,0.00,680.00,'$2y$12$UorNmsJAiJtbQQPKpWF8xejtd3/kY.HMRmPFXuDrTkEc764vJbEDK','{\"name\":\"Amya Strosin I\",\"number\":\"+18168630538\",\"full_name\":\"Ezekiel Walsh V\",\"description\":\"Dr. Carmela Cole\"}','2023-11-08 01:37:47','2023-11-08 01:38:05','bank_transfer',NULL),(4,5,1639.00,0.00,2108.00,'$2y$12$v4BssSUnUbT4BWGN2leG7uAODQAG/4a13t22ugh1jXl9/WAqPTnFe','{\"name\":\"Britney Keebler\",\"number\":\"+12194280104\",\"full_name\":\"Thelma McCullough\",\"description\":\"Dr. Mckayla Dicki III\"}','2023-11-08 01:37:47','2023-11-08 01:38:06','bank_transfer',NULL),(5,7,719.00,0.00,1143.00,'$2y$12$q4caoAR6yDCQG6KyhZ9QEulkpjCVtzAvXYGE16UqrstMGJVixr4eq','{\"name\":\"Deron Howell\",\"number\":\"+15628812155\",\"full_name\":\"Bradly Durgan\",\"description\":\"Jessy Torphy IV\"}','2023-11-08 01:37:47','2023-11-08 01:38:08','bank_transfer',NULL),(6,10,287.00,0.00,482.00,'$2y$12$bD8ZBZ8cd8mdOVIGK8NTsOgxI5J4kznADWS2FyNtQ1quLu2lOC9IC','{\"name\":\"Lambert Murphy\",\"number\":\"+12135256707\",\"full_name\":\"Kathryn Baumbach\",\"description\":\"Margaret Stanton\"}','2023-11-08 01:37:48','2023-11-08 01:38:10','bank_transfer',NULL);
/*!40000 ALTER TABLE `mp_vendor_info` ENABLE KEYS */;
UNLOCK TABLES;

--
-- Table structure for table `newsletters`
--

DROP TABLE IF EXISTS `newsletters`;
/*!40101 SET @saved_cs_client     = @@character_set_client */;
/*!50503 SET character_set_client = utf8mb4 */;
CREATE TABLE `newsletters` (
  `id` bigint unsigned NOT NULL AUTO_INCREMENT,
  `email` varchar(120) COLLATE utf8mb4_unicode_ci NOT NULL,
  `name` varchar(120) COLLATE utf8mb4_unicode_ci DEFAULT NULL,
  `status` varchar(60) COLLATE utf8mb4_unicode_ci NOT NULL DEFAULT 'subscribed',
  `created_at` timestamp NULL DEFAULT NULL,
  `updated_at` timestamp NULL DEFAULT NULL,
  PRIMARY KEY (`id`)
) ENGINE=InnoDB DEFAULT CHARSET=utf8mb4 COLLATE=utf8mb4_unicode_ci;
/*!40101 SET character_set_client = @saved_cs_client */;

--
-- Dumping data for table `newsletters`
--

LOCK TABLES `newsletters` WRITE;
/*!40000 ALTER TABLE `newsletters` DISABLE KEYS */;
/*!40000 ALTER TABLE `newsletters` ENABLE KEYS */;
UNLOCK TABLES;

--
-- Table structure for table `pages`
--

DROP TABLE IF EXISTS `pages`;
/*!40101 SET @saved_cs_client     = @@character_set_client */;
/*!50503 SET character_set_client = utf8mb4 */;
CREATE TABLE `pages` (
  `id` bigint unsigned NOT NULL AUTO_INCREMENT,
  `name` varchar(120) COLLATE utf8mb4_unicode_ci NOT NULL,
  `content` longtext CHARACTER SET utf8mb4 COLLATE utf8mb4_unicode_ci,
  `user_id` bigint unsigned DEFAULT NULL,
  `image` varchar(255) COLLATE utf8mb4_unicode_ci DEFAULT NULL,
  `template` varchar(60) COLLATE utf8mb4_unicode_ci DEFAULT NULL,
  `description` varchar(400) COLLATE utf8mb4_unicode_ci DEFAULT NULL,
  `status` varchar(60) COLLATE utf8mb4_unicode_ci NOT NULL DEFAULT 'published',
  `created_at` timestamp NULL DEFAULT NULL,
  `updated_at` timestamp NULL DEFAULT NULL,
  PRIMARY KEY (`id`),
  KEY `pages_user_id_index` (`user_id`)
) ENGINE=InnoDB AUTO_INCREMENT=19 DEFAULT CHARSET=utf8mb4 COLLATE=utf8mb4_unicode_ci;
/*!40101 SET character_set_client = @saved_cs_client */;

--
-- Dumping data for table `pages`
--

LOCK TABLES `pages` WRITE;
/*!40000 ALTER TABLE `pages` DISABLE KEYS */;
INSERT INTO `pages` VALUES (1,'Homepage','<div>[simple-slider key=\"home-slider-1\" show_newsletter_form=\"yes\"][/simple-slider]</div><div>[featured-product-categories title=\"Top Categories\"][/featured-product-categories]</div><div>[theme-ads ads_1=\"IZ6WU8KUALYD\" ads_2=\"ILSFJVYFGCPZ\" ads_3=\"ILSDKVYFGXPH\"][/theme-ads]</div><div>[popular-products title=\"Popular Products\" per_row=\"4\" limit=\"8\"][/popular-products]</div><div>[best-flash-sale title=\"Daily Best Sells\" flash_sale_id=\"5\" ads=\"IZ6WU8KUALYG\"][/best-flash-sale]</div><div>[flash-sale flash_sale_1=\"1\" flash_sale_2=\"2\" flash_sale_3=\"3\" flash_sale_4=\"4\" title=\"Deals Of The Day\" flash_sale_popup_id=\"1\"][/flash-sale]</div><div>[top-products-group tabs=\"top-selling,trending-products,recent-added,top-rated\" top_selling_in_days=\"365\"][/top-products-group]</div>',1,NULL,'homepage',NULL,'published','2023-11-08 01:37:42','2023-11-08 01:37:42'),(2,'Homepage 2','<div>[simple-slider key=\"home-slider-2\" ads_1=\"IZ6WU8KUALYH\" show_newsletter_form=\"yes\" cover_image=\"sliders/banner-1.png\"][/simple-slider]</div><div>[theme-ads ads_1=\"IZ6WU8KUALYD\" ads_2=\"ILSFJVYFGCPZ\" ads_3=\"ILSDKVYFGXPH\"][/theme-ads]</div><div>[popular-products title=\"Popular Products\" per_row=\"4\" limit=\"8\"][/popular-products]</div><div>[best-flash-sale title=\"Daily Best Sells\" flash_sale_id=\"5\" ads=\"IZ6WU8KUALYG\"][/best-flash-sale]</div><div>[flash-sale flash_sale_1=\"1\" flash_sale_2=\"2\" flash_sale_3=\"3\" flash_sale_4=\"4\" title=\"Deals Of The Day\" flash_sale_popup_id=\"1\"][/flash-sale]</div><div>[top-products-group tabs=\"top-selling,trending-products,recent-added,top-rated\" top_selling_in_days=\"365\"][/top-products-group]</div><div>[product-categories title=\"Shop by Categories\"][/product-categories]</div>',1,NULL,'homepage',NULL,'published','2023-11-08 01:37:42','2023-11-08 01:37:42'),(3,'Homepage 3','<div>[simple-slider key=\"home-slider-1\" show_newsletter_form=\"yes\"][/simple-slider]</div><div>[popular-products title=\"Popular Products\" per_row=\"4\" limit=\"8\"][/popular-products]</div><div>[flash-sale flash_sale_1=\"1\" flash_sale_2=\"2\" flash_sale_3=\"3\" flash_sale_4=\"4\" title=\"Deals Of The Day\" flash_sale_popup_id=\"1\"][/flash-sale]</div><div>[theme-ads ads_1=\"IZ6WU8KUALYD\" ads_2=\"ILSFJVYFGCPZ\" ads_3=\"ILSDKVYFGXPH\"][/theme-ads]</div><div>[product-categories title=\"Shop by Categories\"][/product-categories]</div><div>[top-products-group tabs=\"top-selling,trending-products,recent-added,top-rated\" top_selling_in_days=\"365\"][/top-products-group]</div>',1,NULL,'homepage',NULL,'published','2023-11-08 01:37:42','2023-11-08 01:37:42'),(4,'Homepage 4','<div>[simple-slider key=\"home-slider-4\" show_newsletter_form=\"yes\"][/simple-slider]</div><div>[popular-products title=\"Popular Products\" per_row=\"4\" limit=\"8\"][/popular-products]</div><div>[flash-sale flash_sale_1=\"1\" flash_sale_2=\"2\" flash_sale_3=\"3\" flash_sale_4=\"4\" title=\"Deals Of The Day\" flash_sale_popup_id=\"1\"][/flash-sale]</div><div>[theme-ads ads_1=\"IZ6WU8KUALYD\" ads_2=\"ILSFJVYFGCPZ\" ads_3=\"ILSDKVYFGXPH\"][/theme-ads]</div><div>[product-categories title=\"Shop by Categories\"][/product-categories]</div><div>[top-products-group tabs=\"top-selling,trending-products,recent-added,top-rated\" top_selling_in_days=\"365\"][/top-products-group]</div>',1,NULL,'homepage',NULL,'published','2023-11-08 01:37:42','2023-11-08 01:37:42'),(5,'Blog','<p>---</p>',1,NULL,'blog-grid',NULL,'published','2023-11-08 01:37:42','2023-11-08 01:37:42'),(6,'Contact','<p>[google-map]502 New Street, Brighton VIC, Australia[/google-map]</p><p>[our-offices][/our-offices]</p><p>[contact-form][/contact-form]</p>',1,NULL,'default',NULL,'published','2023-11-08 01:37:42','2023-11-08 01:37:42'),(7,'About us','<p>Gryphon, and all the jelly-fish out of its mouth, and addressed her in an offended tone. And the Gryphon replied very gravely. \'What else had you to death.\"\' \'You are old,\' said the Caterpillar, just as I\'d taken the highest tree in front of the country is, you know. Come on!\' \'Everybody says \"come on!\" here,\' thought Alice, \'they\'re sure to make out at all a proper way of speaking to a snail. \"There\'s a porpoise close behind it was done. They had a consultation about this, and after a few.</p><p>So they went on planning to herself \'It\'s the Cheshire Cat, she was terribly frightened all the party were placed along the sea-shore--\' \'Two lines!\' cried the Mouse, getting up and repeat \"\'TIS THE VOICE OF THE SLUGGARD,\"\' said the Caterpillar decidedly, and the whole thing very absurd, but they were mine before. If I or she fell past it. \'Well!\' thought Alice to herself. \'Of the mushroom,\' said the Footman. \'That\'s the first really clever thing the King in a tone of delight, and rushed at.</p><p>Dormouse followed him: the March Hare. \'Yes, please do!\' but the tops of the sea.\' \'I couldn\'t afford to learn it.\' said the Dormouse, not choosing to notice this question, but hurriedly went on, taking first one side and then the other, and making quite a conversation of it appeared. \'I don\'t much care where--\' said Alice. \'Off with her head! Off--\' \'Nonsense!\' said Alice, \'and if it makes me grow larger, I can kick a little!\' She drew her foot as far as they used to say.\' \'So he did, so he.</p><p>Lobster Quadrille, that she had put the hookah out of sight. Alice remained looking thoughtfully at the end of every line: \'Speak roughly to your tea; it\'s getting late.\' So Alice got up very carefully, with one of the bill, \"French, music, AND WASHING--extra.\"\' \'You couldn\'t have wanted it much,\' said Alice; \'I must be collected at once took up the chimney, has he?\' said Alice aloud, addressing nobody in particular. \'She\'d soon fetch it back!\' \'And who are THESE?\' said the last few minutes.</p>',1,NULL,'right-sidebar',NULL,'published','2023-11-08 01:37:42','2023-11-08 01:37:42'),(8,'Cookie Policy','<h3>EU Cookie Consent</h3><p>To use this website we are using Cookies and collecting some data. To be compliant with the EU GDPR we give you to choose if you allow us to use certain Cookies and to collect some Data.</p><h4>Essential Data</h4><p>The Essential Data is needed to run the Site you are visiting technically. You can not deactivate them.</p><p>- Session Cookie: PHP uses a Cookie to identify user sessions. Without this Cookie the Website is not working.</p><p>- XSRF-Token Cookie: Laravel automatically generates a CSRF \"token\" for each active user session managed by the application. This token is used to verify that the authenticated user is the one actually making the requests to the application.</p>',1,NULL,'default',NULL,'published','2023-11-08 01:37:42','2023-11-08 01:37:42'),(9,'Terms &amp; Conditions','<p>Alice felt that she remained the same as the White Rabbit, jumping up and down looking for it, while the Mock Turtle at last, and managed to put everything upon Bill! I wouldn\'t be so kind,\' Alice replied, so eagerly that the poor animal\'s feelings. \'I quite agree with you,\' said the Caterpillar. \'Is that the meeting adjourn, for the first verse,\' said the Mock Turtle recovered his voice, and, with tears running down his brush, and had to stop and untwist it. After a while, finding that.</p><p>There was nothing on it (as she had drunk half the bottle, saying to her full size by this time). \'Don\'t grunt,\' said Alice; \'living at the door-- Pray, what is the same when I got up and saying, \'Thank you, it\'s a set of verses.\' \'Are they in the lock, and to her usual height. It was the Cat went on, \'What HAVE you been doing here?\' \'May it please your Majesty?\' he asked. \'Begin at the sides of it, and burning with curiosity, she ran off at once, in a sulky tone; \'Seven jogged my elbow.\' On.</p><p>I suppose it were nine o\'clock in the morning, just time to avoid shrinking away altogether. \'That WAS a curious dream!\' said Alice, always ready to talk about trouble!\' said the Gryphon. \'It\'s all her riper years, the simple rules their friends had taught them: such as, that a red-hot poker will burn you if you were down here with me! There are no mice in the chimney close above her: then, saying to herself, \'in my going out altogether, like a tunnel for some way, and nothing seems to suit.</p><p>Cheshire cat,\' said the Hatter; \'so I should think it was,\' the March Hare said to the waving of the way--\' \'THAT generally takes some time,\' interrupted the Gryphon. \'Do you take me for asking! No, it\'ll never do to come down the hall. After a minute or two, looking for them, and all her wonderful Adventures, till she was a dispute going on between the executioner, the King, \'that only makes the world she was small enough to get an opportunity of saying to her feet, they seemed to follow.</p>',1,NULL,'default',NULL,'published','2023-11-08 01:37:42','2023-11-08 01:37:42'),(10,'Returns &amp; Exchanges','<p>King: \'leave out that one of the lefthand bit of mushroom, and crawled away in the wood, \'is to grow here,\' said the Hatter, \'you wouldn\'t talk about cats or dogs either, if you drink much from a bottle marked \'poison,\' it is you hate--C and D,\' she added aloud. \'Do you take me for a minute, while Alice thought she might find another key on it, (\'which certainly was not a regular rule: you invented it just missed her. Alice caught the baby joined):-- \'Wow! wow! wow!\' While the Owl had the dish.</p><p>I eat\" is the reason they\'re called lessons,\' the Gryphon added \'Come, let\'s hear some of them bowed low. \'Would you like the three gardeners who were giving it a violent shake at the Hatter, and he hurried off. Alice thought she might as well say,\' added the Dormouse. \'Don\'t talk nonsense,\' said Alice indignantly, and she looked down at her hands, and she said this, she came upon a little scream of laughter. \'Oh, hush!\' the Rabbit say to itself \'Then I\'ll go round a deal too far off to other.</p><p>White Rabbit, \'and that\'s a fact.\' Alice did not get dry again: they had at the place of the mushroom, and raised herself to some tea and bread-and-butter, and went back to her: its face was quite pale (with passion, Alice thought), and it sat for a long time together.\' \'Which is just the case with my wife; And the moral of that is--\"Be what you mean,\' said Alice. \'Of course twinkling begins with an important air, \'are you all ready? This is the same size: to be a letter, after all: it\'s a.</p><p>Alice cautiously replied: \'but I haven\'t had a consultation about this, and after a minute or two, and the shrill voice of thunder, and people began running about in the wind, and was a treacle-well.\' \'There\'s no sort of people live about here?\' \'In THAT direction,\' the Cat remarked. \'Don\'t be impertinent,\' said the youth, \'as I mentioned before, And have grown most uncommonly fat; Yet you balanced an eel on the table. \'Have some wine,\' the March Hare went on. \'Would you tell me,\' said Alice.</p>',1,NULL,'default',NULL,'published','2023-11-08 01:37:42','2023-11-08 01:37:42'),(11,'Shipping &amp; Delivery','<p>Majesty?\' he asked. \'Begin at the house, and have next to her. The Cat only grinned when it saw mine coming!\' \'How do you call him Tortoise--\' \'Why did you manage on the stairs. Alice knew it was neither more nor less than a real Turtle.\' These words were followed by a very long silence, broken only by an occasional exclamation of \'Hjckrrh!\' from the Queen put on his spectacles and looked at her, and said, \'So you did, old fellow!\' said the White Rabbit blew three blasts on the whole window!\'.</p><p>Shall I try the patience of an oyster!\' \'I wish you wouldn\'t squeeze so.\' said the King, \'or I\'ll have you got in your knocking,\' the Footman remarked, \'till tomorrow--\' At this the whole pack rose up into hers--she could hear the words:-- \'I speak severely to my boy, I beat him when he pleases!\' CHORUS. \'Wow! wow! wow!\' \'Here! you may stand down,\' continued the Gryphon. \'--you advance twice--\' \'Each with a sigh. \'I only took the hookah into its mouth and yawned once or twice, and shook.</p><p>Once more she found herself at last it sat for a great deal to come before that!\' \'Call the next question is, what?\' The great question is, what?\' The great question is, Who in the kitchen that did not like to have been changed for any of them. \'I\'m sure I\'m not particular as to the Gryphon. \'The reason is,\' said the Gryphon. \'They can\'t have anything to say, she simply bowed, and took the hookah out of its right paw round, \'lives a March Hare. \'Yes, please do!\' but the Rabbit angrily. \'Here!.</p><p>At this moment the King, \'or I\'ll have you got in your pocket?\' he went on growing, and, as the door began sneezing all at once. The Dormouse shook its head to hide a smile: some of them didn\'t know that Cheshire cats always grinned; in fact, I didn\'t know it to be said. At last the Dodo said, \'EVERYBODY has won, and all sorts of little Alice and all dripping wet, cross, and uncomfortable. The first thing I\'ve got back to the croquet-ground. The other side of WHAT?\' thought Alice; but she.</p>',1,NULL,'default',NULL,'published','2023-11-08 01:37:42','2023-11-08 01:37:42'),(12,'Privacy Policy','<p>Mock Turtle: \'crumbs would all wash off in the last few minutes that she was going to begin with; and being ordered about by mice and rabbits. I almost think I should think!\' (Dinah was the BEST butter, you know.\' Alice had been found and handed them round as prizes. There was certainly English. \'I don\'t even know what \"it\" means well enough, when I was a paper label, with the grin, which remained some time in silence: at last it sat for a minute or two, which gave the Pigeon in a low curtain.</p><p>Alice said to the croquet-ground. The other guests had taken advantage of the table. \'Nothing can be clearer than THAT. Then again--\"BEFORE SHE HAD THIS FIT--\" you never had to fall upon Alice, as she could, for the next moment a shower of little animals and birds waiting outside. The poor little thing grunted in reply (it had left off when they liked, and left off quarrelling with the Queen, and in another moment down went Alice like the tone of great dismay, and began singing in its sleep.</p><p>Alice, \'or perhaps they won\'t walk the way the people near the house till she had never been in a ring, and begged the Mouse was swimming away from him, and very soon found herself at last it sat for a minute or two, she made it out to be lost, as she could even make out that part.\' \'Well, at any rate, there\'s no use now,\' thought Alice, \'to pretend to be an advantage,\' said Alice, rather doubtfully, as she spoke. Alice did not look at all like the name: however, it only grinned a little bit.</p><p>It was opened by another footman in livery, with a cart-horse, and expecting every moment to think that will be much the same age as herself, to see it trot away quietly into the roof bear?--Mind that loose slate--Oh, it\'s coming down! Heads below!\' (a loud crash)--\'Now, who did that?--It was Bill, the Lizard) could not remember ever having heard of one,\' said Alice. \'Why, there they lay sprawling about, reminding her very much to-night, I should say what you had been would have called him.</p>',1,NULL,'default',NULL,'published','2023-11-08 01:37:42','2023-11-08 01:37:42'),(13,'Blog List','<p>[blog-posts paginate=\"12\"][/blog-posts]</p>',1,NULL,'blog-list',NULL,'published','2023-11-08 01:37:42','2023-11-08 01:37:42'),(14,'Blog Big','<p>[blog-posts paginate=\"12\"][/blog-posts]</p>',1,NULL,'blog-big',NULL,'published','2023-11-08 01:37:42','2023-11-08 01:37:42'),(15,'Blog Wide','<p>[blog-posts paginate=\"12\"][/blog-posts]</p>',1,NULL,'blog-wide',NULL,'published','2023-11-08 01:37:42','2023-11-08 01:37:42'),(16,'Homepage 5','<div>[simple-slider key=\"home-slider-5\" ads_1=\"IZ6WU8KUALYJ\" ads_2=\"IZ6WU8KUALYK\" show_newsletter_form=\"yes\"][/simple-slider]</div><div>[featured-product-categories title=\"Top Categories\"][/featured-product-categories]</div><div>[theme-ads ads_1=\"IZ6WU8KUALYD\" ads_2=\"ILSFJVYFGCPZ\" ads_3=\"ILSDKVYFGXPH\"][/theme-ads]</div><div>[popular-products title=\"Popular Products\" per_row=\"4\" limit=\"8\"][/popular-products]</div><div>[theme-ads ads_1=\"IZ6WU8KUALYL\" ads_2=\"IZ6WU8KUALYM\" ads_3=\"IZ6WU8KUALYN\" ads_4=\"IZ6WU8KUALYO\" style=\"style-5\"][/theme-ads]</div><div>[best-flash-sale title=\"Daily Best Sells\" flash_sale_id=\"5\" ads=\"IZ6WU8KUALYG\"][/best-flash-sale]</div><div>[flash-sale flash_sale_1=\"1\" flash_sale_2=\"2\" flash_sale_3=\"3\" flash_sale_4=\"4\" title=\"Deals Of The Day\" flash_sale_popup_id=\"1\"][/flash-sale]</div><div>[top-products-group tabs=\"top-selling,trending-products,recent-added,top-rated\" top_selling_in_days=\"365\"][/top-products-group]</div>',1,NULL,'homepage',NULL,'published','2023-11-08 01:37:42','2023-11-08 01:37:42'),(17,'Homepage 6','<div>[big-banner cover_image=\"general/home-6.jpeg\" show_newsletter_form=\"yes\" number_display_featured_categories=\"4\" title=\"What are you looking for?\"][/big-banner]</div><div>[trending-products title=\"Trending items\" limit=\"20\"][/trending-products]</div><div>[flash-sale flash_sale_1=\"1\" flash_sale_2=\"2\" flash_sale_3=\"3\" flash_sale_4=\"4\" title=\"Deals Of The Day\" flash_sale_popup_id=\"1\"][/flash-sale]</div><div>[top-products-group tabs=\"top-selling,trending-products,recent-added,top-rated\" top_selling_in_days=\"365\"][/top-products-group]</div>',1,NULL,'homepage',NULL,'published','2023-11-08 01:37:42','2023-11-08 01:37:42'),(18,'Faq','<div>[faqs][/faqs]</div>',1,NULL,'default',NULL,'published','2023-11-08 01:37:42','2023-11-08 01:37:42');
/*!40000 ALTER TABLE `pages` ENABLE KEYS */;
UNLOCK TABLES;

--
-- Table structure for table `pages_translations`
--

DROP TABLE IF EXISTS `pages_translations`;
/*!40101 SET @saved_cs_client     = @@character_set_client */;
/*!50503 SET character_set_client = utf8mb4 */;
CREATE TABLE `pages_translations` (
  `lang_code` varchar(191) COLLATE utf8mb4_unicode_ci NOT NULL,
  `pages_id` bigint unsigned NOT NULL,
  `name` varchar(255) COLLATE utf8mb4_unicode_ci DEFAULT NULL,
  `description` varchar(400) COLLATE utf8mb4_unicode_ci DEFAULT NULL,
  `content` longtext COLLATE utf8mb4_unicode_ci,
  PRIMARY KEY (`lang_code`,`pages_id`)
) ENGINE=InnoDB DEFAULT CHARSET=utf8mb4 COLLATE=utf8mb4_unicode_ci;
/*!40101 SET character_set_client = @saved_cs_client */;

--
-- Dumping data for table `pages_translations`
--

LOCK TABLES `pages_translations` WRITE;
/*!40000 ALTER TABLE `pages_translations` DISABLE KEYS */;
/*!40000 ALTER TABLE `pages_translations` ENABLE KEYS */;
UNLOCK TABLES;

--
-- Table structure for table `password_reset_tokens`
--

DROP TABLE IF EXISTS `password_reset_tokens`;
/*!40101 SET @saved_cs_client     = @@character_set_client */;
/*!50503 SET character_set_client = utf8mb4 */;
CREATE TABLE `password_reset_tokens` (
  `email` varchar(191) COLLATE utf8mb4_unicode_ci NOT NULL,
  `token` varchar(191) COLLATE utf8mb4_unicode_ci NOT NULL,
  `created_at` timestamp NULL DEFAULT NULL,
  PRIMARY KEY (`email`)
) ENGINE=InnoDB DEFAULT CHARSET=utf8mb4 COLLATE=utf8mb4_unicode_ci;
/*!40101 SET character_set_client = @saved_cs_client */;

--
-- Dumping data for table `password_reset_tokens`
--

LOCK TABLES `password_reset_tokens` WRITE;
/*!40000 ALTER TABLE `password_reset_tokens` DISABLE KEYS */;
/*!40000 ALTER TABLE `password_reset_tokens` ENABLE KEYS */;
UNLOCK TABLES;

--
-- Table structure for table `payments`
--

DROP TABLE IF EXISTS `payments`;
/*!40101 SET @saved_cs_client     = @@character_set_client */;
/*!50503 SET character_set_client = utf8mb4 */;
CREATE TABLE `payments` (
  `id` bigint unsigned NOT NULL AUTO_INCREMENT,
  `currency` varchar(120) CHARACTER SET utf8mb4 COLLATE utf8mb4_unicode_ci DEFAULT NULL,
  `user_id` bigint unsigned NOT NULL DEFAULT '0',
  `charge_id` varchar(255) CHARACTER SET utf8mb4 COLLATE utf8mb4_unicode_ci DEFAULT NULL,
  `payment_channel` varchar(60) COLLATE utf8mb4_unicode_ci DEFAULT NULL,
  `description` varchar(255) COLLATE utf8mb4_unicode_ci DEFAULT NULL,
  `amount` decimal(15,2) unsigned NOT NULL,
  `order_id` bigint unsigned DEFAULT NULL,
  `status` varchar(60) COLLATE utf8mb4_unicode_ci DEFAULT 'pending',
  `payment_type` varchar(191) COLLATE utf8mb4_unicode_ci DEFAULT 'confirm',
  `customer_id` bigint unsigned DEFAULT NULL,
  `refunded_amount` decimal(15,2) unsigned DEFAULT NULL,
  `refund_note` varchar(255) COLLATE utf8mb4_unicode_ci DEFAULT NULL,
  `created_at` timestamp NULL DEFAULT NULL,
  `updated_at` timestamp NULL DEFAULT NULL,
  `customer_type` varchar(255) COLLATE utf8mb4_unicode_ci DEFAULT NULL,
  `metadata` mediumtext CHARACTER SET utf8mb4 COLLATE utf8mb4_unicode_ci,
  PRIMARY KEY (`id`)
) ENGINE=InnoDB AUTO_INCREMENT=50 DEFAULT CHARSET=utf8mb4 COLLATE=utf8mb4_unicode_ci;
/*!40101 SET character_set_client = @saved_cs_client */;

--
-- Dumping data for table `payments`
--

LOCK TABLES `payments` WRITE;
/*!40000 ALTER TABLE `payments` DISABLE KEYS */;
INSERT INTO `payments` VALUES (1,'USD',0,'F2HZIWLCDQ','sslcommerz',NULL,341.00,1,'completed','confirm',8,NULL,NULL,'2023-11-08 01:37:48','2023-11-08 01:37:48','Botble\\Ecommerce\\Models\\Customer',NULL),(2,'USD',0,'DUVM9QRIWF','bank_transfer',NULL,226.00,2,'pending','confirm',8,NULL,NULL,'2023-11-08 01:37:48','2023-11-08 01:37:48','Botble\\Ecommerce\\Models\\Customer',NULL),(3,'USD',0,'9BB0RLKKHJ','paypal',NULL,128.00,3,'completed','confirm',8,NULL,NULL,'2023-11-08 01:37:49','2023-11-08 01:37:49','Botble\\Ecommerce\\Models\\Customer',NULL),(4,'USD',0,'HLE34BMAZP','sslcommerz',NULL,357.00,4,'completed','confirm',8,NULL,NULL,'2023-11-08 01:37:49','2023-11-08 01:37:49','Botble\\Ecommerce\\Models\\Customer',NULL),(5,'USD',0,'P21ZK024LC','sslcommerz',NULL,115.00,5,'completed','confirm',8,NULL,NULL,'2023-11-08 01:37:49','2023-11-08 01:37:49','Botble\\Ecommerce\\Models\\Customer',NULL),(6,'USD',0,'SCXP42BRYK','razorpay',NULL,345.00,6,'completed','confirm',8,NULL,NULL,'2023-11-08 01:37:49','2023-11-08 01:37:49','Botble\\Ecommerce\\Models\\Customer',NULL),(7,'USD',0,'UNG3I4KZ6I','paystack',NULL,244.00,7,'completed','confirm',8,NULL,NULL,'2023-11-08 01:37:49','2023-11-08 01:37:49','Botble\\Ecommerce\\Models\\Customer',NULL),(8,'USD',0,'UPTRMXNOVB','bank_transfer',NULL,756.00,8,'pending','confirm',8,NULL,NULL,'2023-11-08 01:37:49','2023-11-08 01:37:49','Botble\\Ecommerce\\Models\\Customer',NULL),(9,'USD',0,'LTZJPJXSYQ','mollie',NULL,381.00,9,'completed','confirm',1,NULL,NULL,'2023-11-08 01:37:49','2023-11-08 01:37:49','Botble\\Ecommerce\\Models\\Customer',NULL),(10,'USD',0,'9M69TPYZ2Z','mollie',NULL,440.00,10,'completed','confirm',1,NULL,NULL,'2023-11-08 01:37:49','2023-11-08 01:37:49','Botble\\Ecommerce\\Models\\Customer',NULL),(11,'USD',0,'FCYR4GZ6SR','sslcommerz',NULL,516.00,11,'completed','confirm',1,NULL,NULL,'2023-11-08 01:37:49','2023-11-08 01:37:49','Botble\\Ecommerce\\Models\\Customer',NULL),(12,'USD',0,'V6BRNGNDWK','mollie',NULL,165.00,12,'completed','confirm',1,NULL,NULL,'2023-11-08 01:37:49','2023-11-08 01:37:49','Botble\\Ecommerce\\Models\\Customer',NULL),(13,'USD',0,'SZ4QDJA9YI','bank_transfer',NULL,226.00,13,'pending','confirm',1,NULL,NULL,'2023-11-08 01:37:49','2023-11-08 01:37:49','Botble\\Ecommerce\\Models\\Customer',NULL),(14,'USD',0,'XINX9WOLOB','mollie',NULL,43.00,14,'completed','confirm',8,NULL,NULL,'2023-11-08 01:37:49','2023-11-08 01:37:49','Botble\\Ecommerce\\Models\\Customer',NULL),(15,'USD',0,'8XK63OV754','mollie',NULL,339.00,15,'completed','confirm',8,NULL,NULL,'2023-11-08 01:37:49','2023-11-08 01:37:49','Botble\\Ecommerce\\Models\\Customer',NULL),(16,'USD',0,'1QXJMYJ7GK','sslcommerz',NULL,378.00,16,'completed','confirm',8,NULL,NULL,'2023-11-08 01:37:49','2023-11-08 01:37:49','Botble\\Ecommerce\\Models\\Customer',NULL),(17,'USD',0,'PLDDAYOJCU','paystack',NULL,56.00,17,'completed','confirm',8,NULL,NULL,'2023-11-08 01:37:49','2023-11-08 01:37:49','Botble\\Ecommerce\\Models\\Customer',NULL),(18,'USD',0,'W5FOHW9JDX','mollie',NULL,360.00,18,'completed','confirm',8,NULL,NULL,'2023-11-08 01:37:50','2023-11-08 01:37:50','Botble\\Ecommerce\\Models\\Customer',NULL),(19,'USD',0,'7OLKYMYSY7','stripe',NULL,384.00,19,'completed','confirm',9,NULL,NULL,'2023-11-08 01:37:50','2023-11-08 01:37:50','Botble\\Ecommerce\\Models\\Customer',NULL),(20,'USD',0,'WXVKM0UK28','paystack',NULL,230.00,20,'completed','confirm',9,NULL,NULL,'2023-11-08 01:37:50','2023-11-08 01:37:50','Botble\\Ecommerce\\Models\\Customer',NULL),(21,'USD',0,'ASD7EOHCYU','bank_transfer',NULL,459.00,21,'pending','confirm',1,NULL,NULL,'2023-11-08 01:37:50','2023-11-08 01:37:50','Botble\\Ecommerce\\Models\\Customer',NULL),(22,'USD',0,'LHLIP5WNI4','bank_transfer',NULL,115.00,22,'pending','confirm',1,NULL,NULL,'2023-11-08 01:37:50','2023-11-08 01:37:50','Botble\\Ecommerce\\Models\\Customer',NULL),(23,'USD',0,'EHBIODSRKF','cod',NULL,1212.00,23,'pending','confirm',9,NULL,NULL,'2023-11-08 01:37:50','2023-11-08 01:37:50','Botble\\Ecommerce\\Models\\Customer',NULL),(24,'USD',0,'BEAWL8IZLM','paystack',NULL,387.00,24,'completed','confirm',9,NULL,NULL,'2023-11-08 01:37:50','2023-11-08 01:37:50','Botble\\Ecommerce\\Models\\Customer',NULL),(25,'USD',0,'1OFW7EYPAM','mollie',NULL,660.00,25,'completed','confirm',1,NULL,NULL,'2023-11-08 01:37:50','2023-11-08 01:37:50','Botble\\Ecommerce\\Models\\Customer',NULL),(26,'USD',0,'C3DJKQQBEC','stripe',NULL,129.00,26,'completed','confirm',1,NULL,NULL,'2023-11-08 01:37:50','2023-11-08 01:37:50','Botble\\Ecommerce\\Models\\Customer',NULL),(27,'USD',0,'SNXRQ2YRWB','paystack',NULL,341.00,27,'completed','confirm',9,NULL,NULL,'2023-11-08 01:37:50','2023-11-08 01:37:50','Botble\\Ecommerce\\Models\\Customer',NULL),(28,'USD',0,'8Z7PGOJWXA','cod',NULL,630.00,28,'pending','confirm',9,NULL,NULL,'2023-11-08 01:37:50','2023-11-08 01:37:50','Botble\\Ecommerce\\Models\\Customer',NULL),(29,'USD',0,'XDWLWCVNGF','paypal',NULL,1212.00,29,'completed','confirm',6,NULL,NULL,'2023-11-08 01:37:50','2023-11-08 01:37:50','Botble\\Ecommerce\\Models\\Customer',NULL),(30,'USD',0,'KIHNAWUF8X','bank_transfer',NULL,86.00,30,'pending','confirm',6,NULL,NULL,'2023-11-08 01:37:50','2023-11-08 01:37:50','Botble\\Ecommerce\\Models\\Customer',NULL),(31,'USD',0,'XQYAHBZPJV','mollie',NULL,220.00,31,'completed','confirm',6,NULL,NULL,'2023-11-08 01:37:50','2023-11-08 01:37:50','Botble\\Ecommerce\\Models\\Customer',NULL),(32,'USD',0,'YQPSPQQYIG','paystack',NULL,252.00,32,'completed','confirm',6,NULL,NULL,'2023-11-08 01:37:51','2023-11-08 01:37:51','Botble\\Ecommerce\\Models\\Customer',NULL),(33,'USD',0,'I0G5E6N56Q','stripe',NULL,575.00,33,'completed','confirm',1,NULL,NULL,'2023-11-08 01:37:51','2023-11-08 01:37:51','Botble\\Ecommerce\\Models\\Customer',NULL),(34,'USD',0,'NG0KXQACZR','paypal',NULL,228.00,34,'completed','confirm',1,NULL,NULL,'2023-11-08 01:37:51','2023-11-08 01:37:51','Botble\\Ecommerce\\Models\\Customer',NULL),(35,'USD',0,'CR66JBLL1L','stripe',NULL,113.00,35,'completed','confirm',1,NULL,NULL,'2023-11-08 01:37:51','2023-11-08 01:37:51','Botble\\Ecommerce\\Models\\Customer',NULL),(36,'USD',0,'NKFGBL6UAS','sslcommerz',NULL,808.00,36,'completed','confirm',8,NULL,NULL,'2023-11-08 01:37:51','2023-11-08 01:37:51','Botble\\Ecommerce\\Models\\Customer',NULL),(37,'USD',0,'PKIFVAVSCA','cod',NULL,781.00,37,'pending','confirm',8,NULL,NULL,'2023-11-08 01:37:51','2023-11-08 01:37:51','Botble\\Ecommerce\\Models\\Customer',NULL),(38,'USD',0,'USEMNRJHMA','mollie',NULL,356.00,38,'completed','confirm',9,NULL,NULL,'2023-11-08 01:37:51','2023-11-08 01:37:51','Botble\\Ecommerce\\Models\\Customer',NULL),(39,'USD',0,'IPC0AUYYG4','stripe',NULL,242.00,39,'completed','confirm',9,NULL,NULL,'2023-11-08 01:37:51','2023-11-08 01:37:51','Botble\\Ecommerce\\Models\\Customer',NULL),(40,'USD',0,'XV5KIUJSS2','paystack',NULL,240.00,40,'completed','confirm',9,NULL,NULL,'2023-11-08 01:37:51','2023-11-08 01:37:51','Botble\\Ecommerce\\Models\\Customer',NULL),(41,'USD',0,'16OJRMXP2R','mollie',NULL,381.00,41,'completed','confirm',6,NULL,NULL,'2023-11-08 01:37:51','2023-11-08 01:37:51','Botble\\Ecommerce\\Models\\Customer',NULL),(42,'USD',0,'CTOLIULKSE','paypal',NULL,339.00,42,'completed','confirm',6,NULL,NULL,'2023-11-08 01:37:51','2023-11-08 01:37:51','Botble\\Ecommerce\\Models\\Customer',NULL),(43,'USD',0,'0SW72AYFWC','paystack',NULL,258.00,43,'completed','confirm',8,NULL,NULL,'2023-11-08 01:37:51','2023-11-08 01:37:51','Botble\\Ecommerce\\Models\\Customer',NULL),(44,'USD',0,'PPMHRXLYGR','cod',NULL,122.00,44,'pending','confirm',8,NULL,NULL,'2023-11-08 01:37:51','2023-11-08 01:37:51','Botble\\Ecommerce\\Models\\Customer',NULL),(45,'USD',0,'NHRZ7UP4PU','bank_transfer',NULL,450.00,45,'pending','confirm',8,NULL,NULL,'2023-11-08 01:37:52','2023-11-08 01:37:52','Botble\\Ecommerce\\Models\\Customer',NULL),(46,'USD',0,'VAEIF4QHBC','sslcommerz',NULL,1143.00,46,'completed','confirm',8,NULL,NULL,'2023-11-08 01:37:52','2023-11-08 01:37:52','Botble\\Ecommerce\\Models\\Customer',NULL),(47,'USD',0,'NH0BXKTNOY','razorpay',NULL,378.00,47,'completed','confirm',8,NULL,NULL,'2023-11-08 01:37:52','2023-11-08 01:37:52','Botble\\Ecommerce\\Models\\Customer',NULL),(48,'USD',0,'AQC4N5CD76','razorpay',NULL,603.00,48,'completed','confirm',1,NULL,NULL,'2023-11-08 01:37:52','2023-11-08 01:37:52','Botble\\Ecommerce\\Models\\Customer',NULL),(49,'USD',0,'FMVSXW1GVQ','razorpay',NULL,482.00,49,'completed','confirm',1,NULL,NULL,'2023-11-08 01:37:52','2023-11-08 01:37:52','Botble\\Ecommerce\\Models\\Customer',NULL);
/*!40000 ALTER TABLE `payments` ENABLE KEYS */;
UNLOCK TABLES;

--
-- Table structure for table `personal_access_tokens`
--

DROP TABLE IF EXISTS `personal_access_tokens`;
/*!40101 SET @saved_cs_client     = @@character_set_client */;
/*!50503 SET character_set_client = utf8mb4 */;
CREATE TABLE `personal_access_tokens` (
  `id` bigint unsigned NOT NULL AUTO_INCREMENT,
  `tokenable_type` varchar(191) COLLATE utf8mb4_unicode_ci NOT NULL,
  `tokenable_id` bigint unsigned NOT NULL,
  `name` varchar(191) COLLATE utf8mb4_unicode_ci NOT NULL,
  `token` varchar(64) COLLATE utf8mb4_unicode_ci NOT NULL,
  `abilities` text COLLATE utf8mb4_unicode_ci,
  `last_used_at` timestamp NULL DEFAULT NULL,
  `expires_at` timestamp NULL DEFAULT NULL,
  `created_at` timestamp NULL DEFAULT NULL,
  `updated_at` timestamp NULL DEFAULT NULL,
  PRIMARY KEY (`id`),
  UNIQUE KEY `personal_access_tokens_token_unique` (`token`),
  KEY `personal_access_tokens_tokenable_type_tokenable_id_index` (`tokenable_type`,`tokenable_id`)
) ENGINE=InnoDB DEFAULT CHARSET=utf8mb4 COLLATE=utf8mb4_unicode_ci;
/*!40101 SET character_set_client = @saved_cs_client */;

--
-- Dumping data for table `personal_access_tokens`
--

LOCK TABLES `personal_access_tokens` WRITE;
/*!40000 ALTER TABLE `personal_access_tokens` DISABLE KEYS */;
/*!40000 ALTER TABLE `personal_access_tokens` ENABLE KEYS */;
UNLOCK TABLES;

--
-- Table structure for table `post_categories`
--

DROP TABLE IF EXISTS `post_categories`;
/*!40101 SET @saved_cs_client     = @@character_set_client */;
/*!50503 SET character_set_client = utf8mb4 */;
CREATE TABLE `post_categories` (
  `category_id` bigint unsigned NOT NULL,
  `post_id` bigint unsigned NOT NULL,
  KEY `post_categories_category_id_index` (`category_id`),
  KEY `post_categories_post_id_index` (`post_id`)
) ENGINE=InnoDB DEFAULT CHARSET=utf8mb4 COLLATE=utf8mb4_unicode_ci;
/*!40101 SET character_set_client = @saved_cs_client */;

--
-- Dumping data for table `post_categories`
--

LOCK TABLES `post_categories` WRITE;
/*!40000 ALTER TABLE `post_categories` DISABLE KEYS */;
INSERT INTO `post_categories` VALUES (2,1),(4,1),(2,2),(3,2),(1,3),(3,3),(2,4),(4,4),(2,5),(4,5),(2,6),(3,6),(1,7),(4,7),(1,8),(4,8),(1,9),(4,9),(2,10),(4,10),(1,11),(4,11);
/*!40000 ALTER TABLE `post_categories` ENABLE KEYS */;
UNLOCK TABLES;

--
-- Table structure for table `post_tags`
--

DROP TABLE IF EXISTS `post_tags`;
/*!40101 SET @saved_cs_client     = @@character_set_client */;
/*!50503 SET character_set_client = utf8mb4 */;
CREATE TABLE `post_tags` (
  `tag_id` bigint unsigned NOT NULL,
  `post_id` bigint unsigned NOT NULL,
  KEY `post_tags_tag_id_index` (`tag_id`),
  KEY `post_tags_post_id_index` (`post_id`)
) ENGINE=InnoDB DEFAULT CHARSET=utf8mb4 COLLATE=utf8mb4_unicode_ci;
/*!40101 SET character_set_client = @saved_cs_client */;

--
-- Dumping data for table `post_tags`
--

LOCK TABLES `post_tags` WRITE;
/*!40000 ALTER TABLE `post_tags` DISABLE KEYS */;
INSERT INTO `post_tags` VALUES (1,1),(2,1),(3,1),(4,1),(5,1),(1,2),(2,2),(3,2),(4,2),(5,2),(1,3),(2,3),(3,3),(4,3),(5,3),(1,4),(2,4),(3,4),(4,4),(5,4),(1,5),(2,5),(3,5),(4,5),(5,5),(1,6),(2,6),(3,6),(4,6),(5,6),(1,7),(2,7),(3,7),(4,7),(5,7),(1,8),(2,8),(3,8),(4,8),(5,8),(1,9),(2,9),(3,9),(4,9),(5,9),(1,10),(2,10),(3,10),(4,10),(5,10),(1,11),(2,11),(3,11),(4,11),(5,11);
/*!40000 ALTER TABLE `post_tags` ENABLE KEYS */;
UNLOCK TABLES;

--
-- Table structure for table `posts`
--

DROP TABLE IF EXISTS `posts`;
/*!40101 SET @saved_cs_client     = @@character_set_client */;
/*!50503 SET character_set_client = utf8mb4 */;
CREATE TABLE `posts` (
  `id` bigint unsigned NOT NULL AUTO_INCREMENT,
  `name` varchar(255) COLLATE utf8mb4_unicode_ci NOT NULL,
  `description` varchar(400) COLLATE utf8mb4_unicode_ci DEFAULT NULL,
  `content` longtext COLLATE utf8mb4_unicode_ci,
  `status` varchar(60) COLLATE utf8mb4_unicode_ci NOT NULL DEFAULT 'published',
  `author_id` bigint unsigned DEFAULT NULL,
  `author_type` varchar(255) CHARACTER SET utf8mb4 COLLATE utf8mb4_unicode_ci NOT NULL DEFAULT 'Botble\\ACL\\Models\\User',
  `is_featured` tinyint unsigned NOT NULL DEFAULT '0',
  `image` varchar(255) COLLATE utf8mb4_unicode_ci DEFAULT NULL,
  `views` int unsigned NOT NULL DEFAULT '0',
  `format_type` varchar(30) COLLATE utf8mb4_unicode_ci DEFAULT NULL,
  `created_at` timestamp NULL DEFAULT NULL,
  `updated_at` timestamp NULL DEFAULT NULL,
  PRIMARY KEY (`id`),
  KEY `posts_status_index` (`status`),
  KEY `posts_author_id_index` (`author_id`),
  KEY `posts_author_type_index` (`author_type`),
  KEY `posts_created_at_index` (`created_at`)
) ENGINE=InnoDB AUTO_INCREMENT=12 DEFAULT CHARSET=utf8mb4 COLLATE=utf8mb4_unicode_ci;
/*!40101 SET character_set_client = @saved_cs_client */;

--
-- Dumping data for table `posts`
--

LOCK TABLES `posts` WRITE;
/*!40000 ALTER TABLE `posts` DISABLE KEYS */;
INSERT INTO `posts` VALUES (1,'4 Expert Tips On How To Choose The Right Men’s Wallet','You should pay more attention when you choose your wallets. There are a lot of them on the market with the different designs and styles. When you choose carefully, you would be able to buy a wallet that is catered to your needs. Not to mention that it will help to enhance your style significantly.','<p>I have seen many people underestimating the power of their wallets. To them, they are just a functional item they use to carry. As a result, they often end up with the wallets which are not really suitable for them.</p>\n\n<p>You should pay more attention when you choose your wallets. There are a lot of them on the market with the different designs and styles. When you choose carefully, you would be able to buy a wallet that is catered to your needs. Not to mention that it will help to enhance your style significantly.</p>\n\n<p style=\"text-align:center\"><img alt=\"f4\" src=\"/storage/news/1.png\" /></p>\n\n<p><br />\n&nbsp;</p>\n\n\n\n<p><strong><em>For all of the reason above, here are 7 expert tips to help you pick up the right men&rsquo;s wallet for you:</em></strong></p>\n\n<h4><strong>Number 1: Choose A Neat Wallet</strong></h4>\n\n<p>The wallet is an essential accessory that you should go simple. Simplicity is the best in this case. A simple and neat wallet with the plain color and even&nbsp;<strong>minimalist style</strong>&nbsp;is versatile. It can be used for both formal and casual events. In addition, that wallet will go well with most of the clothes in your wardrobe.</p>\n\n<p>Keep in mind that a wallet will tell other people about your personality and your fashion sense as much as other clothes you put on. Hence, don&rsquo;t go cheesy on your wallet or else people will think that you have a funny and particular style.</p>\n\n<p style=\"text-align:center\"><img alt=\"f5\" src=\"/storage/news/2.png\" /></p>\n\n<p><br />\n&nbsp;</p>\n<hr />\n<h4><strong>Number 2: Choose The Right Size For Your Wallet</strong></h4>\n\n<p>You should avoid having an over-sized wallet. Don&rsquo;t think that you need to buy a big wallet because you have a lot to carry with you. In addition, a fat wallet is very ugly. It will make it harder for you to slide the wallet into your trousers&rsquo; pocket. In addition, it will create a bulge and ruin your look.</p>\n\n<p>Before you go on to buy a new wallet, clean out your wallet and place all of the items from your wallet on a table. Throw away things that you would never need any more such as the old bills or the expired gift cards. Remember to check your wallet on a frequent basis to get rid of all of the old stuff that you don&rsquo;t need anymore.</p>\n\n<p style=\"text-align:center\"><img alt=\"f1\" src=\"/storage/news/3.png\" /></p>\n\n<p><br />\n&nbsp;</p>\n\n<hr />\n<h4><strong>Number 3: Don&rsquo;t Limit Your Options Of Materials</strong></h4>\n\n<p>The types and designs of wallets are not the only things that you should consider when you go out searching for your best wallet. You have more than 1 option of material rather than leather to choose from as well.</p>\n\n<p>You can experiment with other available options such as cotton, polyester and canvas. They all have their own pros and cons. As a result, they will be suitable for different needs and requirements. You should think about them all in order to choose the material which you would like the most.</p>\n\n<p style=\"text-align:center\"><img alt=\"f6\" height=\"375\" src=\"/storage/news/4.png\" /></p>\n\n<p><br />\n&nbsp;</p>\n\n<hr />\n<h4><strong>Number 4: Consider A Wallet As A Long Term Investment</strong></h4>\n\n<p>Your wallet is indeed an investment that you should consider spending a decent amount of time and effort on it. Another factor that you need to consider is how much you want to spend on your wallet. The price ranges of wallets on the market vary a great deal. You can find a wallet which is as cheap as about 5 to 7 dollars. On the other hand, you should expect to pay around 250 to 300 dollars for a high-quality wallet.</p>\n\n<p>In case you need a wallet to use for a long time, it is a good idea that you should invest a decent amount of money on a wallet. A high quality wallet from a reputational brand with the premium quality such as cowhide leather will last for a long time. In addition, it is an accessory to show off your fashion sense and your social status.</p>\n\n<p style=\"text-align:center\"><img alt=\"f2\" height=\"400\" src=\"/storage/news/5.png\" /></p>\n\n<p>&nbsp;</p>\n','published',NULL,'Botble\\ACL\\Models\\User',1,'news/1.png',871,NULL,'2023-11-08 01:37:41','2023-11-08 01:37:41'),(2,'Sexy Clutches: How to Buy &amp; Wear a Designer Clutch Bag','You should pay more attention when you choose your wallets. There are a lot of them on the market with the different designs and styles. When you choose carefully, you would be able to buy a wallet that is catered to your needs. Not to mention that it will help to enhance your style significantly.','<p>I have seen many people underestimating the power of their wallets. To them, they are just a functional item they use to carry. As a result, they often end up with the wallets which are not really suitable for them.</p>\n\n<p>You should pay more attention when you choose your wallets. There are a lot of them on the market with the different designs and styles. When you choose carefully, you would be able to buy a wallet that is catered to your needs. Not to mention that it will help to enhance your style significantly.</p>\n\n<p style=\"text-align:center\"><img alt=\"f4\" src=\"/storage/news/1.png\" /></p>\n\n<p><br />\n&nbsp;</p>\n\n\n\n<p><strong><em>For all of the reason above, here are 7 expert tips to help you pick up the right men&rsquo;s wallet for you:</em></strong></p>\n\n<h4><strong>Number 1: Choose A Neat Wallet</strong></h4>\n\n<p>The wallet is an essential accessory that you should go simple. Simplicity is the best in this case. A simple and neat wallet with the plain color and even&nbsp;<strong>minimalist style</strong>&nbsp;is versatile. It can be used for both formal and casual events. In addition, that wallet will go well with most of the clothes in your wardrobe.</p>\n\n<p>Keep in mind that a wallet will tell other people about your personality and your fashion sense as much as other clothes you put on. Hence, don&rsquo;t go cheesy on your wallet or else people will think that you have a funny and particular style.</p>\n\n<p style=\"text-align:center\"><img alt=\"f5\" src=\"/storage/news/2.png\" /></p>\n\n<p><br />\n&nbsp;</p>\n<hr />\n<h4><strong>Number 2: Choose The Right Size For Your Wallet</strong></h4>\n\n<p>You should avoid having an over-sized wallet. Don&rsquo;t think that you need to buy a big wallet because you have a lot to carry with you. In addition, a fat wallet is very ugly. It will make it harder for you to slide the wallet into your trousers&rsquo; pocket. In addition, it will create a bulge and ruin your look.</p>\n\n<p>Before you go on to buy a new wallet, clean out your wallet and place all of the items from your wallet on a table. Throw away things that you would never need any more such as the old bills or the expired gift cards. Remember to check your wallet on a frequent basis to get rid of all of the old stuff that you don&rsquo;t need anymore.</p>\n\n<p style=\"text-align:center\"><img alt=\"f1\" src=\"/storage/news/3.png\" /></p>\n\n<p><br />\n&nbsp;</p>\n\n<hr />\n<h4><strong>Number 3: Don&rsquo;t Limit Your Options Of Materials</strong></h4>\n\n<p>The types and designs of wallets are not the only things that you should consider when you go out searching for your best wallet. You have more than 1 option of material rather than leather to choose from as well.</p>\n\n<p>You can experiment with other available options such as cotton, polyester and canvas. They all have their own pros and cons. As a result, they will be suitable for different needs and requirements. You should think about them all in order to choose the material which you would like the most.</p>\n\n<p style=\"text-align:center\"><img alt=\"f6\" height=\"375\" src=\"/storage/news/4.png\" /></p>\n\n<p><br />\n&nbsp;</p>\n\n<hr />\n<h4><strong>Number 4: Consider A Wallet As A Long Term Investment</strong></h4>\n\n<p>Your wallet is indeed an investment that you should consider spending a decent amount of time and effort on it. Another factor that you need to consider is how much you want to spend on your wallet. The price ranges of wallets on the market vary a great deal. You can find a wallet which is as cheap as about 5 to 7 dollars. On the other hand, you should expect to pay around 250 to 300 dollars for a high-quality wallet.</p>\n\n<p>In case you need a wallet to use for a long time, it is a good idea that you should invest a decent amount of money on a wallet. A high quality wallet from a reputational brand with the premium quality such as cowhide leather will last for a long time. In addition, it is an accessory to show off your fashion sense and your social status.</p>\n\n<p style=\"text-align:center\"><img alt=\"f2\" height=\"400\" src=\"/storage/news/5.png\" /></p>\n\n<p>&nbsp;</p>\n','published',NULL,'Botble\\ACL\\Models\\User',1,'news/2.png',520,NULL,'2023-11-08 01:37:41','2023-11-08 01:37:41'),(3,'The Top 2020 Handbag Trends to Know','You should pay more attention when you choose your wallets. There are a lot of them on the market with the different designs and styles. When you choose carefully, you would be able to buy a wallet that is catered to your needs. Not to mention that it will help to enhance your style significantly.','<p>I have seen many people underestimating the power of their wallets. To them, they are just a functional item they use to carry. As a result, they often end up with the wallets which are not really suitable for them.</p>\n\n<p>You should pay more attention when you choose your wallets. There are a lot of them on the market with the different designs and styles. When you choose carefully, you would be able to buy a wallet that is catered to your needs. Not to mention that it will help to enhance your style significantly.</p>\n\n<p style=\"text-align:center\"><img alt=\"f4\" src=\"/storage/news/1.png\" /></p>\n\n<p><br />\n&nbsp;</p>\n\n\n\n<p><strong><em>For all of the reason above, here are 7 expert tips to help you pick up the right men&rsquo;s wallet for you:</em></strong></p>\n\n<h4><strong>Number 1: Choose A Neat Wallet</strong></h4>\n\n<p>The wallet is an essential accessory that you should go simple. Simplicity is the best in this case. A simple and neat wallet with the plain color and even&nbsp;<strong>minimalist style</strong>&nbsp;is versatile. It can be used for both formal and casual events. In addition, that wallet will go well with most of the clothes in your wardrobe.</p>\n\n<p>Keep in mind that a wallet will tell other people about your personality and your fashion sense as much as other clothes you put on. Hence, don&rsquo;t go cheesy on your wallet or else people will think that you have a funny and particular style.</p>\n\n<p style=\"text-align:center\"><img alt=\"f5\" src=\"/storage/news/2.png\" /></p>\n\n<p><br />\n&nbsp;</p>\n<hr />\n<h4><strong>Number 2: Choose The Right Size For Your Wallet</strong></h4>\n\n<p>You should avoid having an over-sized wallet. Don&rsquo;t think that you need to buy a big wallet because you have a lot to carry with you. In addition, a fat wallet is very ugly. It will make it harder for you to slide the wallet into your trousers&rsquo; pocket. In addition, it will create a bulge and ruin your look.</p>\n\n<p>Before you go on to buy a new wallet, clean out your wallet and place all of the items from your wallet on a table. Throw away things that you would never need any more such as the old bills or the expired gift cards. Remember to check your wallet on a frequent basis to get rid of all of the old stuff that you don&rsquo;t need anymore.</p>\n\n<p style=\"text-align:center\"><img alt=\"f1\" src=\"/storage/news/3.png\" /></p>\n\n<p><br />\n&nbsp;</p>\n\n<hr />\n<h4><strong>Number 3: Don&rsquo;t Limit Your Options Of Materials</strong></h4>\n\n<p>The types and designs of wallets are not the only things that you should consider when you go out searching for your best wallet. You have more than 1 option of material rather than leather to choose from as well.</p>\n\n<p>You can experiment with other available options such as cotton, polyester and canvas. They all have their own pros and cons. As a result, they will be suitable for different needs and requirements. You should think about them all in order to choose the material which you would like the most.</p>\n\n<p style=\"text-align:center\"><img alt=\"f6\" height=\"375\" src=\"/storage/news/4.png\" /></p>\n\n<p><br />\n&nbsp;</p>\n\n<hr />\n<h4><strong>Number 4: Consider A Wallet As A Long Term Investment</strong></h4>\n\n<p>Your wallet is indeed an investment that you should consider spending a decent amount of time and effort on it. Another factor that you need to consider is how much you want to spend on your wallet. The price ranges of wallets on the market vary a great deal. You can find a wallet which is as cheap as about 5 to 7 dollars. On the other hand, you should expect to pay around 250 to 300 dollars for a high-quality wallet.</p>\n\n<p>In case you need a wallet to use for a long time, it is a good idea that you should invest a decent amount of money on a wallet. A high quality wallet from a reputational brand with the premium quality such as cowhide leather will last for a long time. In addition, it is an accessory to show off your fashion sense and your social status.</p>\n\n<p style=\"text-align:center\"><img alt=\"f2\" height=\"400\" src=\"/storage/news/5.png\" /></p>\n\n<p>&nbsp;</p>\n','published',NULL,'Botble\\ACL\\Models\\User',1,'news/3.png',1355,NULL,'2023-11-08 01:37:41','2023-11-08 01:37:41'),(4,'How to Match the Color of Your Handbag With an Outfit','You should pay more attention when you choose your wallets. There are a lot of them on the market with the different designs and styles. When you choose carefully, you would be able to buy a wallet that is catered to your needs. Not to mention that it will help to enhance your style significantly.','<p>I have seen many people underestimating the power of their wallets. To them, they are just a functional item they use to carry. As a result, they often end up with the wallets which are not really suitable for them.</p>\n\n<p>You should pay more attention when you choose your wallets. There are a lot of them on the market with the different designs and styles. When you choose carefully, you would be able to buy a wallet that is catered to your needs. Not to mention that it will help to enhance your style significantly.</p>\n\n<p style=\"text-align:center\"><img alt=\"f4\" src=\"/storage/news/1.png\" /></p>\n\n<p><br />\n&nbsp;</p>\n\n[featured-products title=\"Shop The Look\" limit=\"6\"][/featured-products]\n\n<p><strong><em>For all of the reason above, here are 7 expert tips to help you pick up the right men&rsquo;s wallet for you:</em></strong></p>\n\n<h4><strong>Number 1: Choose A Neat Wallet</strong></h4>\n\n<p>The wallet is an essential accessory that you should go simple. Simplicity is the best in this case. A simple and neat wallet with the plain color and even&nbsp;<strong>minimalist style</strong>&nbsp;is versatile. It can be used for both formal and casual events. In addition, that wallet will go well with most of the clothes in your wardrobe.</p>\n\n<p>Keep in mind that a wallet will tell other people about your personality and your fashion sense as much as other clothes you put on. Hence, don&rsquo;t go cheesy on your wallet or else people will think that you have a funny and particular style.</p>\n\n<p style=\"text-align:center\"><img alt=\"f5\" src=\"/storage/news/2.png\" /></p>\n\n<p><br />\n&nbsp;</p>\n<hr />\n<h4><strong>Number 2: Choose The Right Size For Your Wallet</strong></h4>\n\n<p>You should avoid having an over-sized wallet. Don&rsquo;t think that you need to buy a big wallet because you have a lot to carry with you. In addition, a fat wallet is very ugly. It will make it harder for you to slide the wallet into your trousers&rsquo; pocket. In addition, it will create a bulge and ruin your look.</p>\n\n<p>Before you go on to buy a new wallet, clean out your wallet and place all of the items from your wallet on a table. Throw away things that you would never need any more such as the old bills or the expired gift cards. Remember to check your wallet on a frequent basis to get rid of all of the old stuff that you don&rsquo;t need anymore.</p>\n\n<p style=\"text-align:center\"><img alt=\"f1\" src=\"/storage/news/3.png\" /></p>\n\n<p><br />\n&nbsp;</p>\n\n<hr />\n<h4><strong>Number 3: Don&rsquo;t Limit Your Options Of Materials</strong></h4>\n\n<p>The types and designs of wallets are not the only things that you should consider when you go out searching for your best wallet. You have more than 1 option of material rather than leather to choose from as well.</p>\n\n<p>You can experiment with other available options such as cotton, polyester and canvas. They all have their own pros and cons. As a result, they will be suitable for different needs and requirements. You should think about them all in order to choose the material which you would like the most.</p>\n\n<p style=\"text-align:center\"><img alt=\"f6\" height=\"375\" src=\"/storage/news/4.png\" /></p>\n\n<p><br />\n&nbsp;</p>\n\n<hr />\n<h4><strong>Number 4: Consider A Wallet As A Long Term Investment</strong></h4>\n\n<p>Your wallet is indeed an investment that you should consider spending a decent amount of time and effort on it. Another factor that you need to consider is how much you want to spend on your wallet. The price ranges of wallets on the market vary a great deal. You can find a wallet which is as cheap as about 5 to 7 dollars. On the other hand, you should expect to pay around 250 to 300 dollars for a high-quality wallet.</p>\n\n<p>In case you need a wallet to use for a long time, it is a good idea that you should invest a decent amount of money on a wallet. A high quality wallet from a reputational brand with the premium quality such as cowhide leather will last for a long time. In addition, it is an accessory to show off your fashion sense and your social status.</p>\n\n<p style=\"text-align:center\"><img alt=\"f2\" height=\"400\" src=\"/storage/news/5.png\" /></p>\n\n<p>&nbsp;</p>\n','published',NULL,'Botble\\ACL\\Models\\User',1,'news/4.png',2404,NULL,'2023-11-08 01:37:41','2023-11-08 01:37:41'),(5,'How to Care for Leather Bags','You should pay more attention when you choose your wallets. There are a lot of them on the market with the different designs and styles. When you choose carefully, you would be able to buy a wallet that is catered to your needs. Not to mention that it will help to enhance your style significantly.','<p>I have seen many people underestimating the power of their wallets. To them, they are just a functional item they use to carry. As a result, they often end up with the wallets which are not really suitable for them.</p>\n\n<p>You should pay more attention when you choose your wallets. There are a lot of them on the market with the different designs and styles. When you choose carefully, you would be able to buy a wallet that is catered to your needs. Not to mention that it will help to enhance your style significantly.</p>\n\n<p style=\"text-align:center\"><img alt=\"f4\" src=\"/storage/news/1.png\" /></p>\n\n<p><br />\n&nbsp;</p>\n\n\n\n<p><strong><em>For all of the reason above, here are 7 expert tips to help you pick up the right men&rsquo;s wallet for you:</em></strong></p>\n\n<h4><strong>Number 1: Choose A Neat Wallet</strong></h4>\n\n<p>The wallet is an essential accessory that you should go simple. Simplicity is the best in this case. A simple and neat wallet with the plain color and even&nbsp;<strong>minimalist style</strong>&nbsp;is versatile. It can be used for both formal and casual events. In addition, that wallet will go well with most of the clothes in your wardrobe.</p>\n\n<p>Keep in mind that a wallet will tell other people about your personality and your fashion sense as much as other clothes you put on. Hence, don&rsquo;t go cheesy on your wallet or else people will think that you have a funny and particular style.</p>\n\n<p style=\"text-align:center\"><img alt=\"f5\" src=\"/storage/news/2.png\" /></p>\n\n<p><br />\n&nbsp;</p>\n<hr />\n<h4><strong>Number 2: Choose The Right Size For Your Wallet</strong></h4>\n\n<p>You should avoid having an over-sized wallet. Don&rsquo;t think that you need to buy a big wallet because you have a lot to carry with you. In addition, a fat wallet is very ugly. It will make it harder for you to slide the wallet into your trousers&rsquo; pocket. In addition, it will create a bulge and ruin your look.</p>\n\n<p>Before you go on to buy a new wallet, clean out your wallet and place all of the items from your wallet on a table. Throw away things that you would never need any more such as the old bills or the expired gift cards. Remember to check your wallet on a frequent basis to get rid of all of the old stuff that you don&rsquo;t need anymore.</p>\n\n<p style=\"text-align:center\"><img alt=\"f1\" src=\"/storage/news/3.png\" /></p>\n\n<p><br />\n&nbsp;</p>\n\n<hr />\n<h4><strong>Number 3: Don&rsquo;t Limit Your Options Of Materials</strong></h4>\n\n<p>The types and designs of wallets are not the only things that you should consider when you go out searching for your best wallet. You have more than 1 option of material rather than leather to choose from as well.</p>\n\n<p>You can experiment with other available options such as cotton, polyester and canvas. They all have their own pros and cons. As a result, they will be suitable for different needs and requirements. You should think about them all in order to choose the material which you would like the most.</p>\n\n<p style=\"text-align:center\"><img alt=\"f6\" height=\"375\" src=\"/storage/news/4.png\" /></p>\n\n<p><br />\n&nbsp;</p>\n\n<hr />\n<h4><strong>Number 4: Consider A Wallet As A Long Term Investment</strong></h4>\n\n<p>Your wallet is indeed an investment that you should consider spending a decent amount of time and effort on it. Another factor that you need to consider is how much you want to spend on your wallet. The price ranges of wallets on the market vary a great deal. You can find a wallet which is as cheap as about 5 to 7 dollars. On the other hand, you should expect to pay around 250 to 300 dollars for a high-quality wallet.</p>\n\n<p>In case you need a wallet to use for a long time, it is a good idea that you should invest a decent amount of money on a wallet. A high quality wallet from a reputational brand with the premium quality such as cowhide leather will last for a long time. In addition, it is an accessory to show off your fashion sense and your social status.</p>\n\n<p style=\"text-align:center\"><img alt=\"f2\" height=\"400\" src=\"/storage/news/5.png\" /></p>\n\n<p>&nbsp;</p>\n','published',NULL,'Botble\\ACL\\Models\\User',1,'news/5.png',132,NULL,'2023-11-08 01:37:41','2023-11-08 01:37:41'),(6,'We\'re Crushing Hard on Summer\'s 10 Biggest Bag Trends','You should pay more attention when you choose your wallets. There are a lot of them on the market with the different designs and styles. When you choose carefully, you would be able to buy a wallet that is catered to your needs. Not to mention that it will help to enhance your style significantly.','<p>I have seen many people underestimating the power of their wallets. To them, they are just a functional item they use to carry. As a result, they often end up with the wallets which are not really suitable for them.</p>\n\n<p>You should pay more attention when you choose your wallets. There are a lot of them on the market with the different designs and styles. When you choose carefully, you would be able to buy a wallet that is catered to your needs. Not to mention that it will help to enhance your style significantly.</p>\n\n<p style=\"text-align:center\"><img alt=\"f4\" src=\"/storage/news/1.png\" /></p>\n\n<p><br />\n&nbsp;</p>\n\n\n\n<p><strong><em>For all of the reason above, here are 7 expert tips to help you pick up the right men&rsquo;s wallet for you:</em></strong></p>\n\n<h4><strong>Number 1: Choose A Neat Wallet</strong></h4>\n\n<p>The wallet is an essential accessory that you should go simple. Simplicity is the best in this case. A simple and neat wallet with the plain color and even&nbsp;<strong>minimalist style</strong>&nbsp;is versatile. It can be used for both formal and casual events. In addition, that wallet will go well with most of the clothes in your wardrobe.</p>\n\n<p>Keep in mind that a wallet will tell other people about your personality and your fashion sense as much as other clothes you put on. Hence, don&rsquo;t go cheesy on your wallet or else people will think that you have a funny and particular style.</p>\n\n<p style=\"text-align:center\"><img alt=\"f5\" src=\"/storage/news/2.png\" /></p>\n\n<p><br />\n&nbsp;</p>\n<hr />\n<h4><strong>Number 2: Choose The Right Size For Your Wallet</strong></h4>\n\n<p>You should avoid having an over-sized wallet. Don&rsquo;t think that you need to buy a big wallet because you have a lot to carry with you. In addition, a fat wallet is very ugly. It will make it harder for you to slide the wallet into your trousers&rsquo; pocket. In addition, it will create a bulge and ruin your look.</p>\n\n<p>Before you go on to buy a new wallet, clean out your wallet and place all of the items from your wallet on a table. Throw away things that you would never need any more such as the old bills or the expired gift cards. Remember to check your wallet on a frequent basis to get rid of all of the old stuff that you don&rsquo;t need anymore.</p>\n\n<p style=\"text-align:center\"><img alt=\"f1\" src=\"/storage/news/3.png\" /></p>\n\n<p><br />\n&nbsp;</p>\n\n<hr />\n<h4><strong>Number 3: Don&rsquo;t Limit Your Options Of Materials</strong></h4>\n\n<p>The types and designs of wallets are not the only things that you should consider when you go out searching for your best wallet. You have more than 1 option of material rather than leather to choose from as well.</p>\n\n<p>You can experiment with other available options such as cotton, polyester and canvas. They all have their own pros and cons. As a result, they will be suitable for different needs and requirements. You should think about them all in order to choose the material which you would like the most.</p>\n\n<p style=\"text-align:center\"><img alt=\"f6\" height=\"375\" src=\"/storage/news/4.png\" /></p>\n\n<p><br />\n&nbsp;</p>\n\n<hr />\n<h4><strong>Number 4: Consider A Wallet As A Long Term Investment</strong></h4>\n\n<p>Your wallet is indeed an investment that you should consider spending a decent amount of time and effort on it. Another factor that you need to consider is how much you want to spend on your wallet. The price ranges of wallets on the market vary a great deal. You can find a wallet which is as cheap as about 5 to 7 dollars. On the other hand, you should expect to pay around 250 to 300 dollars for a high-quality wallet.</p>\n\n<p>In case you need a wallet to use for a long time, it is a good idea that you should invest a decent amount of money on a wallet. A high quality wallet from a reputational brand with the premium quality such as cowhide leather will last for a long time. In addition, it is an accessory to show off your fashion sense and your social status.</p>\n\n<p style=\"text-align:center\"><img alt=\"f2\" height=\"400\" src=\"/storage/news/5.png\" /></p>\n\n<p>&nbsp;</p>\n','published',NULL,'Botble\\ACL\\Models\\User',1,'news/6.png',304,NULL,'2023-11-08 01:37:41','2023-11-08 01:37:41'),(7,'Essential Qualities of Highly Successful Music','You should pay more attention when you choose your wallets. There are a lot of them on the market with the different designs and styles. When you choose carefully, you would be able to buy a wallet that is catered to your needs. Not to mention that it will help to enhance your style significantly.','<p>I have seen many people underestimating the power of their wallets. To them, they are just a functional item they use to carry. As a result, they often end up with the wallets which are not really suitable for them.</p>\n\n<p>You should pay more attention when you choose your wallets. There are a lot of them on the market with the different designs and styles. When you choose carefully, you would be able to buy a wallet that is catered to your needs. Not to mention that it will help to enhance your style significantly.</p>\n\n<p style=\"text-align:center\"><img alt=\"f4\" src=\"/storage/news/1.png\" /></p>\n\n<p><br />\n&nbsp;</p>\n\n\n\n<p><strong><em>For all of the reason above, here are 7 expert tips to help you pick up the right men&rsquo;s wallet for you:</em></strong></p>\n\n<h4><strong>Number 1: Choose A Neat Wallet</strong></h4>\n\n<p>The wallet is an essential accessory that you should go simple. Simplicity is the best in this case. A simple and neat wallet with the plain color and even&nbsp;<strong>minimalist style</strong>&nbsp;is versatile. It can be used for both formal and casual events. In addition, that wallet will go well with most of the clothes in your wardrobe.</p>\n\n<p>Keep in mind that a wallet will tell other people about your personality and your fashion sense as much as other clothes you put on. Hence, don&rsquo;t go cheesy on your wallet or else people will think that you have a funny and particular style.</p>\n\n<p style=\"text-align:center\"><img alt=\"f5\" src=\"/storage/news/2.png\" /></p>\n\n<p><br />\n&nbsp;</p>\n<hr />\n<h4><strong>Number 2: Choose The Right Size For Your Wallet</strong></h4>\n\n<p>You should avoid having an over-sized wallet. Don&rsquo;t think that you need to buy a big wallet because you have a lot to carry with you. In addition, a fat wallet is very ugly. It will make it harder for you to slide the wallet into your trousers&rsquo; pocket. In addition, it will create a bulge and ruin your look.</p>\n\n<p>Before you go on to buy a new wallet, clean out your wallet and place all of the items from your wallet on a table. Throw away things that you would never need any more such as the old bills or the expired gift cards. Remember to check your wallet on a frequent basis to get rid of all of the old stuff that you don&rsquo;t need anymore.</p>\n\n<p style=\"text-align:center\"><img alt=\"f1\" src=\"/storage/news/3.png\" /></p>\n\n<p><br />\n&nbsp;</p>\n\n<hr />\n<h4><strong>Number 3: Don&rsquo;t Limit Your Options Of Materials</strong></h4>\n\n<p>The types and designs of wallets are not the only things that you should consider when you go out searching for your best wallet. You have more than 1 option of material rather than leather to choose from as well.</p>\n\n<p>You can experiment with other available options such as cotton, polyester and canvas. They all have their own pros and cons. As a result, they will be suitable for different needs and requirements. You should think about them all in order to choose the material which you would like the most.</p>\n\n<p style=\"text-align:center\"><img alt=\"f6\" height=\"375\" src=\"/storage/news/4.png\" /></p>\n\n<p><br />\n&nbsp;</p>\n\n<hr />\n<h4><strong>Number 4: Consider A Wallet As A Long Term Investment</strong></h4>\n\n<p>Your wallet is indeed an investment that you should consider spending a decent amount of time and effort on it. Another factor that you need to consider is how much you want to spend on your wallet. The price ranges of wallets on the market vary a great deal. You can find a wallet which is as cheap as about 5 to 7 dollars. On the other hand, you should expect to pay around 250 to 300 dollars for a high-quality wallet.</p>\n\n<p>In case you need a wallet to use for a long time, it is a good idea that you should invest a decent amount of money on a wallet. A high quality wallet from a reputational brand with the premium quality such as cowhide leather will last for a long time. In addition, it is an accessory to show off your fashion sense and your social status.</p>\n\n<p style=\"text-align:center\"><img alt=\"f2\" height=\"400\" src=\"/storage/news/5.png\" /></p>\n\n<p>&nbsp;</p>\n','published',NULL,'Botble\\ACL\\Models\\User',1,'news/7.png',1229,NULL,'2023-11-08 01:37:41','2023-11-08 01:37:41'),(8,'9 Things I Love About Shaving My Head','You should pay more attention when you choose your wallets. There are a lot of them on the market with the different designs and styles. When you choose carefully, you would be able to buy a wallet that is catered to your needs. Not to mention that it will help to enhance your style significantly.','<p>I have seen many people underestimating the power of their wallets. To them, they are just a functional item they use to carry. As a result, they often end up with the wallets which are not really suitable for them.</p>\n\n<p>You should pay more attention when you choose your wallets. There are a lot of them on the market with the different designs and styles. When you choose carefully, you would be able to buy a wallet that is catered to your needs. Not to mention that it will help to enhance your style significantly.</p>\n\n<p style=\"text-align:center\"><img alt=\"f4\" src=\"/storage/news/1.png\" /></p>\n\n<p><br />\n&nbsp;</p>\n\n\n\n<p><strong><em>For all of the reason above, here are 7 expert tips to help you pick up the right men&rsquo;s wallet for you:</em></strong></p>\n\n<h4><strong>Number 1: Choose A Neat Wallet</strong></h4>\n\n<p>The wallet is an essential accessory that you should go simple. Simplicity is the best in this case. A simple and neat wallet with the plain color and even&nbsp;<strong>minimalist style</strong>&nbsp;is versatile. It can be used for both formal and casual events. In addition, that wallet will go well with most of the clothes in your wardrobe.</p>\n\n<p>Keep in mind that a wallet will tell other people about your personality and your fashion sense as much as other clothes you put on. Hence, don&rsquo;t go cheesy on your wallet or else people will think that you have a funny and particular style.</p>\n\n<p style=\"text-align:center\"><img alt=\"f5\" src=\"/storage/news/2.png\" /></p>\n\n<p><br />\n&nbsp;</p>\n<hr />\n<h4><strong>Number 2: Choose The Right Size For Your Wallet</strong></h4>\n\n<p>You should avoid having an over-sized wallet. Don&rsquo;t think that you need to buy a big wallet because you have a lot to carry with you. In addition, a fat wallet is very ugly. It will make it harder for you to slide the wallet into your trousers&rsquo; pocket. In addition, it will create a bulge and ruin your look.</p>\n\n<p>Before you go on to buy a new wallet, clean out your wallet and place all of the items from your wallet on a table. Throw away things that you would never need any more such as the old bills or the expired gift cards. Remember to check your wallet on a frequent basis to get rid of all of the old stuff that you don&rsquo;t need anymore.</p>\n\n<p style=\"text-align:center\"><img alt=\"f1\" src=\"/storage/news/3.png\" /></p>\n\n<p><br />\n&nbsp;</p>\n\n<hr />\n<h4><strong>Number 3: Don&rsquo;t Limit Your Options Of Materials</strong></h4>\n\n<p>The types and designs of wallets are not the only things that you should consider when you go out searching for your best wallet. You have more than 1 option of material rather than leather to choose from as well.</p>\n\n<p>You can experiment with other available options such as cotton, polyester and canvas. They all have their own pros and cons. As a result, they will be suitable for different needs and requirements. You should think about them all in order to choose the material which you would like the most.</p>\n\n<p style=\"text-align:center\"><img alt=\"f6\" height=\"375\" src=\"/storage/news/4.png\" /></p>\n\n<p><br />\n&nbsp;</p>\n\n<hr />\n<h4><strong>Number 4: Consider A Wallet As A Long Term Investment</strong></h4>\n\n<p>Your wallet is indeed an investment that you should consider spending a decent amount of time and effort on it. Another factor that you need to consider is how much you want to spend on your wallet. The price ranges of wallets on the market vary a great deal. You can find a wallet which is as cheap as about 5 to 7 dollars. On the other hand, you should expect to pay around 250 to 300 dollars for a high-quality wallet.</p>\n\n<p>In case you need a wallet to use for a long time, it is a good idea that you should invest a decent amount of money on a wallet. A high quality wallet from a reputational brand with the premium quality such as cowhide leather will last for a long time. In addition, it is an accessory to show off your fashion sense and your social status.</p>\n\n<p style=\"text-align:center\"><img alt=\"f2\" height=\"400\" src=\"/storage/news/5.png\" /></p>\n\n<p>&nbsp;</p>\n','published',NULL,'Botble\\ACL\\Models\\User',1,'news/8.png',1958,NULL,'2023-11-08 01:37:41','2023-11-08 01:37:41'),(9,'Why Teamwork Really Makes The Dream Work','You should pay more attention when you choose your wallets. There are a lot of them on the market with the different designs and styles. When you choose carefully, you would be able to buy a wallet that is catered to your needs. Not to mention that it will help to enhance your style significantly.','<p>I have seen many people underestimating the power of their wallets. To them, they are just a functional item they use to carry. As a result, they often end up with the wallets which are not really suitable for them.</p>\n\n<p>You should pay more attention when you choose your wallets. There are a lot of them on the market with the different designs and styles. When you choose carefully, you would be able to buy a wallet that is catered to your needs. Not to mention that it will help to enhance your style significantly.</p>\n\n<p style=\"text-align:center\"><img alt=\"f4\" src=\"/storage/news/1.png\" /></p>\n\n<p><br />\n&nbsp;</p>\n\n\n\n<p><strong><em>For all of the reason above, here are 7 expert tips to help you pick up the right men&rsquo;s wallet for you:</em></strong></p>\n\n<h4><strong>Number 1: Choose A Neat Wallet</strong></h4>\n\n<p>The wallet is an essential accessory that you should go simple. Simplicity is the best in this case. A simple and neat wallet with the plain color and even&nbsp;<strong>minimalist style</strong>&nbsp;is versatile. It can be used for both formal and casual events. In addition, that wallet will go well with most of the clothes in your wardrobe.</p>\n\n<p>Keep in mind that a wallet will tell other people about your personality and your fashion sense as much as other clothes you put on. Hence, don&rsquo;t go cheesy on your wallet or else people will think that you have a funny and particular style.</p>\n\n<p style=\"text-align:center\"><img alt=\"f5\" src=\"/storage/news/2.png\" /></p>\n\n<p><br />\n&nbsp;</p>\n<hr />\n<h4><strong>Number 2: Choose The Right Size For Your Wallet</strong></h4>\n\n<p>You should avoid having an over-sized wallet. Don&rsquo;t think that you need to buy a big wallet because you have a lot to carry with you. In addition, a fat wallet is very ugly. It will make it harder for you to slide the wallet into your trousers&rsquo; pocket. In addition, it will create a bulge and ruin your look.</p>\n\n<p>Before you go on to buy a new wallet, clean out your wallet and place all of the items from your wallet on a table. Throw away things that you would never need any more such as the old bills or the expired gift cards. Remember to check your wallet on a frequent basis to get rid of all of the old stuff that you don&rsquo;t need anymore.</p>\n\n<p style=\"text-align:center\"><img alt=\"f1\" src=\"/storage/news/3.png\" /></p>\n\n<p><br />\n&nbsp;</p>\n\n<hr />\n<h4><strong>Number 3: Don&rsquo;t Limit Your Options Of Materials</strong></h4>\n\n<p>The types and designs of wallets are not the only things that you should consider when you go out searching for your best wallet. You have more than 1 option of material rather than leather to choose from as well.</p>\n\n<p>You can experiment with other available options such as cotton, polyester and canvas. They all have their own pros and cons. As a result, they will be suitable for different needs and requirements. You should think about them all in order to choose the material which you would like the most.</p>\n\n<p style=\"text-align:center\"><img alt=\"f6\" height=\"375\" src=\"/storage/news/4.png\" /></p>\n\n<p><br />\n&nbsp;</p>\n\n<hr />\n<h4><strong>Number 4: Consider A Wallet As A Long Term Investment</strong></h4>\n\n<p>Your wallet is indeed an investment that you should consider spending a decent amount of time and effort on it. Another factor that you need to consider is how much you want to spend on your wallet. The price ranges of wallets on the market vary a great deal. You can find a wallet which is as cheap as about 5 to 7 dollars. On the other hand, you should expect to pay around 250 to 300 dollars for a high-quality wallet.</p>\n\n<p>In case you need a wallet to use for a long time, it is a good idea that you should invest a decent amount of money on a wallet. A high quality wallet from a reputational brand with the premium quality such as cowhide leather will last for a long time. In addition, it is an accessory to show off your fashion sense and your social status.</p>\n\n<p style=\"text-align:center\"><img alt=\"f2\" height=\"400\" src=\"/storage/news/5.png\" /></p>\n\n<p>&nbsp;</p>\n','published',NULL,'Botble\\ACL\\Models\\User',1,'news/9.png',640,NULL,'2023-11-08 01:37:42','2023-11-08 01:37:42'),(10,'The World Caters to Average People','You should pay more attention when you choose your wallets. There are a lot of them on the market with the different designs and styles. When you choose carefully, you would be able to buy a wallet that is catered to your needs. Not to mention that it will help to enhance your style significantly.','<p>I have seen many people underestimating the power of their wallets. To them, they are just a functional item they use to carry. As a result, they often end up with the wallets which are not really suitable for them.</p>\n\n<p>You should pay more attention when you choose your wallets. There are a lot of them on the market with the different designs and styles. When you choose carefully, you would be able to buy a wallet that is catered to your needs. Not to mention that it will help to enhance your style significantly.</p>\n\n<p style=\"text-align:center\"><img alt=\"f4\" src=\"/storage/news/1.png\" /></p>\n\n<p><br />\n&nbsp;</p>\n\n\n\n<p><strong><em>For all of the reason above, here are 7 expert tips to help you pick up the right men&rsquo;s wallet for you:</em></strong></p>\n\n<h4><strong>Number 1: Choose A Neat Wallet</strong></h4>\n\n<p>The wallet is an essential accessory that you should go simple. Simplicity is the best in this case. A simple and neat wallet with the plain color and even&nbsp;<strong>minimalist style</strong>&nbsp;is versatile. It can be used for both formal and casual events. In addition, that wallet will go well with most of the clothes in your wardrobe.</p>\n\n<p>Keep in mind that a wallet will tell other people about your personality and your fashion sense as much as other clothes you put on. Hence, don&rsquo;t go cheesy on your wallet or else people will think that you have a funny and particular style.</p>\n\n<p style=\"text-align:center\"><img alt=\"f5\" src=\"/storage/news/2.png\" /></p>\n\n<p><br />\n&nbsp;</p>\n<hr />\n<h4><strong>Number 2: Choose The Right Size For Your Wallet</strong></h4>\n\n<p>You should avoid having an over-sized wallet. Don&rsquo;t think that you need to buy a big wallet because you have a lot to carry with you. In addition, a fat wallet is very ugly. It will make it harder for you to slide the wallet into your trousers&rsquo; pocket. In addition, it will create a bulge and ruin your look.</p>\n\n<p>Before you go on to buy a new wallet, clean out your wallet and place all of the items from your wallet on a table. Throw away things that you would never need any more such as the old bills or the expired gift cards. Remember to check your wallet on a frequent basis to get rid of all of the old stuff that you don&rsquo;t need anymore.</p>\n\n<p style=\"text-align:center\"><img alt=\"f1\" src=\"/storage/news/3.png\" /></p>\n\n<p><br />\n&nbsp;</p>\n\n<hr />\n<h4><strong>Number 3: Don&rsquo;t Limit Your Options Of Materials</strong></h4>\n\n<p>The types and designs of wallets are not the only things that you should consider when you go out searching for your best wallet. You have more than 1 option of material rather than leather to choose from as well.</p>\n\n<p>You can experiment with other available options such as cotton, polyester and canvas. They all have their own pros and cons. As a result, they will be suitable for different needs and requirements. You should think about them all in order to choose the material which you would like the most.</p>\n\n<p style=\"text-align:center\"><img alt=\"f6\" height=\"375\" src=\"/storage/news/4.png\" /></p>\n\n<p><br />\n&nbsp;</p>\n\n<hr />\n<h4><strong>Number 4: Consider A Wallet As A Long Term Investment</strong></h4>\n\n<p>Your wallet is indeed an investment that you should consider spending a decent amount of time and effort on it. Another factor that you need to consider is how much you want to spend on your wallet. The price ranges of wallets on the market vary a great deal. You can find a wallet which is as cheap as about 5 to 7 dollars. On the other hand, you should expect to pay around 250 to 300 dollars for a high-quality wallet.</p>\n\n<p>In case you need a wallet to use for a long time, it is a good idea that you should invest a decent amount of money on a wallet. A high quality wallet from a reputational brand with the premium quality such as cowhide leather will last for a long time. In addition, it is an accessory to show off your fashion sense and your social status.</p>\n\n<p style=\"text-align:center\"><img alt=\"f2\" height=\"400\" src=\"/storage/news/5.png\" /></p>\n\n<p>&nbsp;</p>\n','published',NULL,'Botble\\ACL\\Models\\User',1,'news/10.png',1005,NULL,'2023-11-08 01:37:42','2023-11-08 01:37:42'),(11,'The litigants on the screen are not actors','You should pay more attention when you choose your wallets. There are a lot of them on the market with the different designs and styles. When you choose carefully, you would be able to buy a wallet that is catered to your needs. Not to mention that it will help to enhance your style significantly.','<p>I have seen many people underestimating the power of their wallets. To them, they are just a functional item they use to carry. As a result, they often end up with the wallets which are not really suitable for them.</p>\n\n<p>You should pay more attention when you choose your wallets. There are a lot of them on the market with the different designs and styles. When you choose carefully, you would be able to buy a wallet that is catered to your needs. Not to mention that it will help to enhance your style significantly.</p>\n\n<p style=\"text-align:center\"><img alt=\"f4\" src=\"/storage/news/1.png\" /></p>\n\n<p><br />\n&nbsp;</p>\n\n\n\n<p><strong><em>For all of the reason above, here are 7 expert tips to help you pick up the right men&rsquo;s wallet for you:</em></strong></p>\n\n<h4><strong>Number 1: Choose A Neat Wallet</strong></h4>\n\n<p>The wallet is an essential accessory that you should go simple. Simplicity is the best in this case. A simple and neat wallet with the plain color and even&nbsp;<strong>minimalist style</strong>&nbsp;is versatile. It can be used for both formal and casual events. In addition, that wallet will go well with most of the clothes in your wardrobe.</p>\n\n<p>Keep in mind that a wallet will tell other people about your personality and your fashion sense as much as other clothes you put on. Hence, don&rsquo;t go cheesy on your wallet or else people will think that you have a funny and particular style.</p>\n\n<p style=\"text-align:center\"><img alt=\"f5\" src=\"/storage/news/2.png\" /></p>\n\n<p><br />\n&nbsp;</p>\n<hr />\n<h4><strong>Number 2: Choose The Right Size For Your Wallet</strong></h4>\n\n<p>You should avoid having an over-sized wallet. Don&rsquo;t think that you need to buy a big wallet because you have a lot to carry with you. In addition, a fat wallet is very ugly. It will make it harder for you to slide the wallet into your trousers&rsquo; pocket. In addition, it will create a bulge and ruin your look.</p>\n\n<p>Before you go on to buy a new wallet, clean out your wallet and place all of the items from your wallet on a table. Throw away things that you would never need any more such as the old bills or the expired gift cards. Remember to check your wallet on a frequent basis to get rid of all of the old stuff that you don&rsquo;t need anymore.</p>\n\n<p style=\"text-align:center\"><img alt=\"f1\" src=\"/storage/news/3.png\" /></p>\n\n<p><br />\n&nbsp;</p>\n\n<hr />\n<h4><strong>Number 3: Don&rsquo;t Limit Your Options Of Materials</strong></h4>\n\n<p>The types and designs of wallets are not the only things that you should consider when you go out searching for your best wallet. You have more than 1 option of material rather than leather to choose from as well.</p>\n\n<p>You can experiment with other available options such as cotton, polyester and canvas. They all have their own pros and cons. As a result, they will be suitable for different needs and requirements. You should think about them all in order to choose the material which you would like the most.</p>\n\n<p style=\"text-align:center\"><img alt=\"f6\" height=\"375\" src=\"/storage/news/4.png\" /></p>\n\n<p><br />\n&nbsp;</p>\n\n<hr />\n<h4><strong>Number 4: Consider A Wallet As A Long Term Investment</strong></h4>\n\n<p>Your wallet is indeed an investment that you should consider spending a decent amount of time and effort on it. Another factor that you need to consider is how much you want to spend on your wallet. The price ranges of wallets on the market vary a great deal. You can find a wallet which is as cheap as about 5 to 7 dollars. On the other hand, you should expect to pay around 250 to 300 dollars for a high-quality wallet.</p>\n\n<p>In case you need a wallet to use for a long time, it is a good idea that you should invest a decent amount of money on a wallet. A high quality wallet from a reputational brand with the premium quality such as cowhide leather will last for a long time. In addition, it is an accessory to show off your fashion sense and your social status.</p>\n\n<p style=\"text-align:center\"><img alt=\"f2\" height=\"400\" src=\"/storage/news/5.png\" /></p>\n\n<p>&nbsp;</p>\n','published',NULL,'Botble\\ACL\\Models\\User',0,'news/11.png',803,NULL,'2023-11-08 01:37:42','2023-11-08 01:37:42');
/*!40000 ALTER TABLE `posts` ENABLE KEYS */;
UNLOCK TABLES;

--
-- Table structure for table `posts_translations`
--

DROP TABLE IF EXISTS `posts_translations`;
/*!40101 SET @saved_cs_client     = @@character_set_client */;
/*!50503 SET character_set_client = utf8mb4 */;
CREATE TABLE `posts_translations` (
  `lang_code` varchar(191) COLLATE utf8mb4_unicode_ci NOT NULL,
  `posts_id` bigint unsigned NOT NULL,
  `name` varchar(255) COLLATE utf8mb4_unicode_ci DEFAULT NULL,
  `description` varchar(400) COLLATE utf8mb4_unicode_ci DEFAULT NULL,
  `content` longtext COLLATE utf8mb4_unicode_ci,
  PRIMARY KEY (`lang_code`,`posts_id`)
) ENGINE=InnoDB DEFAULT CHARSET=utf8mb4 COLLATE=utf8mb4_unicode_ci;
/*!40101 SET character_set_client = @saved_cs_client */;

--
-- Dumping data for table `posts_translations`
--

LOCK TABLES `posts_translations` WRITE;
/*!40000 ALTER TABLE `posts_translations` DISABLE KEYS */;
/*!40000 ALTER TABLE `posts_translations` ENABLE KEYS */;
UNLOCK TABLES;

--
-- Table structure for table `revisions`
--

DROP TABLE IF EXISTS `revisions`;
/*!40101 SET @saved_cs_client     = @@character_set_client */;
/*!50503 SET character_set_client = utf8mb4 */;
CREATE TABLE `revisions` (
  `id` bigint unsigned NOT NULL AUTO_INCREMENT,
  `revisionable_type` varchar(191) COLLATE utf8mb4_unicode_ci NOT NULL,
  `revisionable_id` bigint unsigned NOT NULL,
  `user_id` bigint unsigned DEFAULT NULL,
  `key` varchar(191) COLLATE utf8mb4_unicode_ci NOT NULL,
  `old_value` text COLLATE utf8mb4_unicode_ci,
  `new_value` text COLLATE utf8mb4_unicode_ci,
  `created_at` timestamp NULL DEFAULT NULL,
  `updated_at` timestamp NULL DEFAULT NULL,
  PRIMARY KEY (`id`),
  KEY `revisions_revisionable_id_revisionable_type_index` (`revisionable_id`,`revisionable_type`)
) ENGINE=InnoDB DEFAULT CHARSET=utf8mb4 COLLATE=utf8mb4_unicode_ci;
/*!40101 SET character_set_client = @saved_cs_client */;

--
-- Dumping data for table `revisions`
--

LOCK TABLES `revisions` WRITE;
/*!40000 ALTER TABLE `revisions` DISABLE KEYS */;
/*!40000 ALTER TABLE `revisions` ENABLE KEYS */;
UNLOCK TABLES;

--
-- Table structure for table `role_users`
--

DROP TABLE IF EXISTS `role_users`;
/*!40101 SET @saved_cs_client     = @@character_set_client */;
/*!50503 SET character_set_client = utf8mb4 */;
CREATE TABLE `role_users` (
  `user_id` bigint unsigned NOT NULL,
  `role_id` bigint unsigned NOT NULL,
  `created_at` timestamp NULL DEFAULT NULL,
  `updated_at` timestamp NULL DEFAULT NULL,
  PRIMARY KEY (`user_id`,`role_id`),
  KEY `role_users_user_id_index` (`user_id`),
  KEY `role_users_role_id_index` (`role_id`)
) ENGINE=InnoDB DEFAULT CHARSET=utf8mb4 COLLATE=utf8mb4_unicode_ci;
/*!40101 SET character_set_client = @saved_cs_client */;

--
-- Dumping data for table `role_users`
--

LOCK TABLES `role_users` WRITE;
/*!40000 ALTER TABLE `role_users` DISABLE KEYS */;
INSERT INTO `role_users` VALUES (3,1,'2023-11-08 01:37:42','2023-11-08 01:37:42');
/*!40000 ALTER TABLE `role_users` ENABLE KEYS */;
UNLOCK TABLES;

--
-- Table structure for table `roles`
--

DROP TABLE IF EXISTS `roles`;
/*!40101 SET @saved_cs_client     = @@character_set_client */;
/*!50503 SET character_set_client = utf8mb4 */;
CREATE TABLE `roles` (
  `id` bigint unsigned NOT NULL AUTO_INCREMENT,
  `slug` varchar(120) COLLATE utf8mb4_unicode_ci NOT NULL,
  `name` varchar(120) COLLATE utf8mb4_unicode_ci NOT NULL,
  `permissions` text COLLATE utf8mb4_unicode_ci,
  `description` varchar(255) COLLATE utf8mb4_unicode_ci DEFAULT NULL,
  `is_default` tinyint unsigned NOT NULL DEFAULT '0',
  `created_by` bigint unsigned NOT NULL,
  `updated_by` bigint unsigned NOT NULL,
  `created_at` timestamp NULL DEFAULT NULL,
  `updated_at` timestamp NULL DEFAULT NULL,
  PRIMARY KEY (`id`),
  UNIQUE KEY `roles_slug_unique` (`slug`),
  KEY `roles_created_by_index` (`created_by`),
  KEY `roles_updated_by_index` (`updated_by`)
) ENGINE=InnoDB AUTO_INCREMENT=2 DEFAULT CHARSET=utf8mb4 COLLATE=utf8mb4_unicode_ci;
/*!40101 SET character_set_client = @saved_cs_client */;

--
-- Dumping data for table `roles`
--

LOCK TABLES `roles` WRITE;
/*!40000 ALTER TABLE `roles` DISABLE KEYS */;
INSERT INTO `roles` VALUES (1,'admin','Admin','{\"users.index\":true,\"users.create\":true,\"users.edit\":true,\"users.destroy\":true,\"roles.index\":true,\"roles.create\":true,\"roles.edit\":true,\"roles.destroy\":true,\"core.system\":true,\"core.manage.license\":true,\"media.index\":true,\"files.index\":true,\"files.create\":true,\"files.edit\":true,\"files.trash\":true,\"files.destroy\":true,\"folders.index\":true,\"folders.create\":true,\"folders.edit\":true,\"folders.trash\":true,\"folders.destroy\":true,\"settings.options\":true,\"settings.email\":true,\"settings.media\":true,\"settings.cronjob\":true,\"menus.index\":true,\"menus.create\":true,\"menus.edit\":true,\"menus.destroy\":true,\"pages.index\":true,\"pages.create\":true,\"pages.edit\":true,\"pages.destroy\":true,\"plugins.index\":true,\"plugins.edit\":true,\"plugins.remove\":true,\"plugins.marketplace\":true,\"core.appearance\":true,\"theme.index\":true,\"theme.activate\":true,\"theme.remove\":true,\"theme.options\":true,\"theme.custom-css\":true,\"theme.custom-js\":true,\"theme.custom-html\":true,\"widgets.index\":true,\"ads.index\":true,\"ads.create\":true,\"ads.edit\":true,\"ads.destroy\":true,\"analytics.general\":true,\"analytics.page\":true,\"analytics.browser\":true,\"analytics.referrer\":true,\"audit-log.index\":true,\"audit-log.destroy\":true,\"backups.index\":true,\"backups.create\":true,\"backups.restore\":true,\"backups.destroy\":true,\"plugins.blog\":true,\"posts.index\":true,\"posts.create\":true,\"posts.edit\":true,\"posts.destroy\":true,\"categories.index\":true,\"categories.create\":true,\"categories.edit\":true,\"categories.destroy\":true,\"tags.index\":true,\"tags.create\":true,\"tags.edit\":true,\"tags.destroy\":true,\"contacts.index\":true,\"contacts.edit\":true,\"contacts.destroy\":true,\"plugins.ecommerce\":true,\"ecommerce.settings\":true,\"ecommerce.report.index\":true,\"products.index\":true,\"products.create\":true,\"products.edit\":true,\"products.destroy\":true,\"products.duplicate\":true,\"product-categories.index\":true,\"product-categories.create\":true,\"product-categories.edit\":true,\"product-categories.destroy\":true,\"product-tag.index\":true,\"product-tag.create\":true,\"product-tag.edit\":true,\"product-tag.destroy\":true,\"brands.index\":true,\"brands.create\":true,\"brands.edit\":true,\"brands.destroy\":true,\"product-collections.index\":true,\"product-collections.create\":true,\"product-collections.edit\":true,\"product-collections.destroy\":true,\"product-attribute-sets.index\":true,\"product-attribute-sets.create\":true,\"product-attribute-sets.edit\":true,\"product-attribute-sets.destroy\":true,\"product-attributes.index\":true,\"product-attributes.create\":true,\"product-attributes.edit\":true,\"product-attributes.destroy\":true,\"tax.index\":true,\"tax.create\":true,\"tax.edit\":true,\"tax.destroy\":true,\"reviews.index\":true,\"reviews.destroy\":true,\"reviews.publish\":true,\"shipping_methods.index\":true,\"ecommerce.shipping-rule-items.index\":true,\"ecommerce.shipping-rule-items.create\":true,\"ecommerce.shipping-rule-items.edit\":true,\"ecommerce.shipping-rule-items.destroy\":true,\"ecommerce.shipping-rule-items.bulk-import\":true,\"ecommerce.shipments.index\":true,\"ecommerce.shipments.create\":true,\"ecommerce.shipments.edit\":true,\"ecommerce.shipments.destroy\":true,\"orders.index\":true,\"orders.create\":true,\"orders.edit\":true,\"orders.destroy\":true,\"discounts.index\":true,\"discounts.create\":true,\"discounts.edit\":true,\"discounts.destroy\":true,\"customers.index\":true,\"customers.create\":true,\"customers.edit\":true,\"customers.destroy\":true,\"flash-sale.index\":true,\"flash-sale.create\":true,\"flash-sale.edit\":true,\"flash-sale.destroy\":true,\"product-label.index\":true,\"product-label.create\":true,\"product-label.edit\":true,\"product-label.destroy\":true,\"ecommerce.import.products.index\":true,\"ecommerce.export.products.index\":true,\"order_returns.index\":true,\"order_returns.edit\":true,\"order_returns.destroy\":true,\"global-option.index\":true,\"global-option.create\":true,\"global-option.edit\":true,\"global-option.destroy\":true,\"ecommerce.invoice.index\":true,\"ecommerce.invoice.edit\":true,\"ecommerce.invoice.destroy\":true,\"ecommerce.invoice-template.index\":true,\"plugin.faq\":true,\"faq.index\":true,\"faq.create\":true,\"faq.edit\":true,\"faq.destroy\":true,\"faq_category.index\":true,\"faq_category.create\":true,\"faq_category.edit\":true,\"faq_category.destroy\":true,\"languages.index\":true,\"languages.create\":true,\"languages.edit\":true,\"languages.destroy\":true,\"plugin.location\":true,\"country.index\":true,\"country.create\":true,\"country.edit\":true,\"country.destroy\":true,\"state.index\":true,\"state.create\":true,\"state.edit\":true,\"state.destroy\":true,\"city.index\":true,\"city.create\":true,\"city.edit\":true,\"city.destroy\":true,\"location.bulk-import.index\":true,\"location.export.index\":true,\"marketplace.index\":true,\"marketplace.store.index\":true,\"marketplace.store.create\":true,\"marketplace.store.edit\":true,\"marketplace.store.destroy\":true,\"marketplace.store.view\":true,\"marketplace.store.revenue.create\":true,\"marketplace.withdrawal.index\":true,\"marketplace.withdrawal.edit\":true,\"marketplace.withdrawal.destroy\":true,\"marketplace.vendors.index\":true,\"marketplace.unverified-vendors.index\":true,\"marketplace.unverified-vendors.edit\":true,\"marketplace.settings\":true,\"marketplace.reports\":true,\"newsletter.index\":true,\"newsletter.destroy\":true,\"payment.index\":true,\"payments.settings\":true,\"payment.destroy\":true,\"simple-slider.index\":true,\"simple-slider.create\":true,\"simple-slider.edit\":true,\"simple-slider.destroy\":true,\"simple-slider-item.index\":true,\"simple-slider-item.create\":true,\"simple-slider-item.edit\":true,\"simple-slider-item.destroy\":true,\"social-login.settings\":true,\"plugins.translation\":true,\"translations.locales\":true,\"translations.theme-translations\":true,\"translations.index\":true}','Admin users role',1,1,1,'2023-11-08 01:37:42','2023-11-08 01:37:42');
/*!40000 ALTER TABLE `roles` ENABLE KEYS */;
UNLOCK TABLES;

--
-- Table structure for table `settings`
--

DROP TABLE IF EXISTS `settings`;
/*!40101 SET @saved_cs_client     = @@character_set_client */;
/*!50503 SET character_set_client = utf8mb4 */;
CREATE TABLE `settings` (
  `id` bigint unsigned NOT NULL AUTO_INCREMENT,
  `key` varchar(191) COLLATE utf8mb4_unicode_ci NOT NULL,
  `value` text COLLATE utf8mb4_unicode_ci,
  `created_at` timestamp NULL DEFAULT NULL,
  `updated_at` timestamp NULL DEFAULT NULL,
  PRIMARY KEY (`id`),
  UNIQUE KEY `settings_key_unique` (`key`)
) ENGINE=InnoDB AUTO_INCREMENT=64 DEFAULT CHARSET=utf8mb4 COLLATE=utf8mb4_unicode_ci;
/*!40101 SET character_set_client = @saved_cs_client */;

--
-- Dumping data for table `settings`
--

LOCK TABLES `settings` WRITE;
/*!40000 ALTER TABLE `settings` DISABLE KEYS */;
INSERT INTO `settings` VALUES (2,'api_enabled','0',NULL,'2023-11-08 01:37:45'),(3,'activated_plugins','[\"language\",\"language-advanced\",\"ads\",\"analytics\",\"audit-log\",\"backup\",\"blog\",\"bottom-bar-menu\",\"captcha\",\"contact\",\"cookie-consent\",\"ecommerce\",\"faq\",\"location\",\"marketplace\",\"newsletter\",\"payment\",\"paypal\",\"paypal-payout\",\"paystack\",\"razorpay\",\"shippo\",\"simple-slider\",\"social-login\",\"sslcommerz\",\"stripe\",\"translation\"]',NULL,'2023-11-08 01:37:45'),(8,'language_hide_default','1',NULL,'2023-11-08 01:37:45'),(9,'language_switcher_display','dropdown',NULL,'2023-11-08 01:37:45'),(10,'language_display','all',NULL,'2023-11-08 01:37:45'),(11,'language_hide_languages','[]',NULL,'2023-11-08 01:37:45'),(12,'ecommerce_store_name','Nest',NULL,NULL),(13,'ecommerce_store_phone','18006268',NULL,NULL),(14,'ecommerce_store_address','North Link Building, 10 Admiralty Street',NULL,NULL),(15,'ecommerce_store_state','Singapore',NULL,NULL),(16,'ecommerce_store_city','Singapore',NULL,NULL),(17,'ecommerce_store_country','SG',NULL,NULL),(18,'media_random_hash','915bc6468e3b93243f6e26f20a30ebf9',NULL,'2023-11-08 01:37:45'),(19,'payment_cod_status','1',NULL,'2023-11-08 01:37:45'),(20,'payment_bank_transfer_status','1',NULL,'2023-11-08 01:37:45'),(21,'theme','nest',NULL,'2023-11-08 01:37:45'),(22,'show_admin_bar','1',NULL,'2023-11-08 01:37:45'),(23,'admin_favicon','general/favicon.png',NULL,'2023-11-08 01:37:45'),(24,'admin_logo','general/logo.png',NULL,'2023-11-08 01:37:45'),(25,'permalink-botble-blog-models-post','blog',NULL,'2023-11-08 01:37:45'),(26,'permalink-botble-blog-models-category','blog',NULL,'2023-11-08 01:37:45'),(27,'payment_cod_description','Please pay money directly to the postman, if you choose cash on delivery method (COD).',NULL,'2023-11-08 01:37:45'),(28,'payment_bank_transfer_description','Please send money to our bank account: ACB - 69270 213 19.',NULL,'2023-11-08 01:37:45'),(29,'payment_stripe_payment_type','stripe_checkout',NULL,'2023-11-08 01:37:45'),(30,'plugins_ecommerce_customer_new_order_status','0',NULL,'2023-11-08 01:37:45'),(31,'plugins_ecommerce_admin_new_order_status','0',NULL,'2023-11-08 01:37:45'),(32,'ecommerce_is_enabled_support_digital_products','1',NULL,'2023-11-08 01:37:45'),(33,'ecommerce_load_countries_states_cities_from_location_plugin','0',NULL,'2023-11-08 01:37:45'),(34,'payment_bank_transfer_display_bank_info_at_the_checkout_success_page','1',NULL,'2023-11-08 01:37:45'),(35,'ecommerce_product_sku_format','NST-2443-[%S]',NULL,'2023-11-08 01:37:45'),(36,'theme-nest-site_title','Nest - Laravel Multipurpose eCommerce Script',NULL,NULL),(37,'theme-nest-seo_description','Nest is an attractive Laravel multivendor eCommerce script specially designed for the multipurpose shops like mega store, grocery store, supermarket, organic shop, and online stores selling products like beverages, vegetables, fruits, ice creams, paste, herbs, juice, meat, cold drinks, sausages, cocktails, soft drinks, cookies…',NULL,NULL),(38,'theme-nest-copyright','Copyright © 2023 Nest all rights reserved. Powered by Botble.',NULL,NULL),(39,'theme-nest-favicon','general/favicon.png',NULL,NULL),(40,'theme-nest-logo','general/logo.png',NULL,NULL),(41,'theme-nest-seo_og_image','general/open-graph-image.png',NULL,NULL),(42,'theme-nest-address','562 Wellington Road, Street 32, San Francisco',NULL,NULL),(43,'theme-nest-hotline','1900 - 888',NULL,NULL),(44,'theme-nest-phone','+01 2222 365 /(+91) 01 2345 6789',NULL,NULL),(45,'theme-nest-working_hours','10:00 - 18:00, Mon - Sat',NULL,NULL),(46,'theme-nest-homepage_id','1',NULL,NULL),(47,'theme-nest-blog_page_id','5',NULL,NULL),(48,'theme-nest-cookie_consent_message','Your experience on this site will be improved by allowing cookies ',NULL,NULL),(49,'theme-nest-cookie_consent_learn_more_url','https://nest.test/cookie-policy',NULL,NULL),(50,'theme-nest-cookie_consent_learn_more_text','Cookie Policy',NULL,NULL),(51,'theme-nest-payment_methods','general/payment-methods.png',NULL,NULL),(52,'theme-nest-number_of_cross_sale_product','4',NULL,NULL),(53,'theme-nest-mobile-header-message','<span>Grand opening, <strong>up to 15%</strong> off all items. Only <strong>3 days</strong> left</span>',NULL,NULL),(54,'theme-nest-blog_page_background','general/header-bg.png',NULL,NULL),(55,'theme-nest-blog_page_icon','general/category-1.png',NULL,NULL),(56,'theme-nest-image_in_login_page','general/login-1.png',NULL,NULL),(57,'theme-nest-number_of_products_per_page','12',NULL,NULL),(58,'theme-nest-preloader_enabled','yes',NULL,NULL),(59,'theme-nest-preloader_version','v2',NULL,NULL),(60,'theme-nest-preloader_image','general/loading.gif',NULL,NULL),(61,'theme-nest-social_links','[[{\"key\":\"social-name\",\"value\":\"Facebook\"},{\"key\":\"social-icon\",\"value\":\"general\\/facebook.png\"},{\"key\":\"social-url\",\"value\":\"https:\\/\\/www.facebook.com\\/\"}],[{\"key\":\"social-name\",\"value\":\"Twitter\"},{\"key\":\"social-icon\",\"value\":\"general\\/twitter.png\"},{\"key\":\"social-url\",\"value\":\"https:\\/\\/www.twitter.com\\/\"}],[{\"key\":\"social-name\",\"value\":\"Instagram\"},{\"key\":\"social-icon\",\"value\":\"general\\/instagram.png\"},{\"key\":\"social-url\",\"value\":\"https:\\/\\/www.instagram.com\\/\"}],[{\"key\":\"social-name\",\"value\":\"Pinterest\"},{\"key\":\"social-icon\",\"value\":\"general\\/pinterest.png\"},{\"key\":\"social-url\",\"value\":\"https:\\/\\/www.pinterest.com\\/\"}],[{\"key\":\"social-name\",\"value\":\"Youtube\"},{\"key\":\"social-icon\",\"value\":\"general\\/youtube.png\"},{\"key\":\"social-url\",\"value\":\"https:\\/\\/www.youtube.com\\/\"}]]',NULL,NULL),(62,'theme-nest-header_messages','[[{\"key\":\"icon\",\"value\":\"fi-rs-bell\"},{\"key\":\"message\",\"value\":\"<b class=\\\"text-success\\\"> Trendy 25<\\/b> silver jewelry, save up 35% off today\"},{\"key\":\"link\",\"value\":\"\\/products\"},{\"key\":\"link_text\",\"value\":\"Shop now\"}],[{\"key\":\"icon\",\"value\":\"fi-rs-asterisk\"},{\"key\":\"message\",\"value\":\"<b class=\\\"text-danger\\\">Super Value Deals<\\/b> - Save more with coupons\"},{\"key\":\"link\",\"value\":\"\\/products\"},{\"key\":\"link_text\",\"value\":null}],[{\"key\":\"icon\",\"value\":\"fi-rs-angle-double-right\"},{\"key\":\"message\",\"value\":\"Get great devices up to 50% off\"},{\"key\":\"link\",\"value\":\"\\/products\"},{\"key\":\"link_text\",\"value\":\"View details\"}]]',NULL,NULL),(63,'theme-nest-contact_info_boxes','[[{\"key\":\"name\",\"value\":\"Head Office\"},{\"key\":\"address\",\"value\":\"205 North Michigan Avenue, Suite 810, Chicago, 60601, USA\"},{\"key\":\"phone\",\"value\":\"(+01) 234 567\"},{\"key\":\"email\",\"value\":\"office@botble.com\"}],[{\"key\":\"name\",\"value\":\"Our Studio\"},{\"key\":\"address\",\"value\":\"205 North Michigan Avenue, Suite 810, Chicago, 60601, USA\"},{\"key\":\"phone\",\"value\":\"(+01) 234 567\"},{\"key\":\"email\",\"value\":\"studio@botble.com\"}],[{\"key\":\"name\",\"value\":\"Our Shop\"},{\"key\":\"address\",\"value\":\"205 North Michigan Avenue, Suite 810, Chicago, 60601, USA\"},{\"key\":\"phone\",\"value\":\"(+01) 234 567\"},{\"key\":\"email\",\"value\":\"shop@botble.com\"}]]',NULL,NULL);
/*!40000 ALTER TABLE `settings` ENABLE KEYS */;
UNLOCK TABLES;

--
-- Table structure for table `simple_slider_items`
--

DROP TABLE IF EXISTS `simple_slider_items`;
/*!40101 SET @saved_cs_client     = @@character_set_client */;
/*!50503 SET character_set_client = utf8mb4 */;
CREATE TABLE `simple_slider_items` (
  `id` bigint unsigned NOT NULL AUTO_INCREMENT,
  `simple_slider_id` bigint unsigned NOT NULL,
  `title` varchar(255) COLLATE utf8mb4_unicode_ci DEFAULT NULL,
  `image` varchar(255) COLLATE utf8mb4_unicode_ci NOT NULL,
  `link` varchar(255) COLLATE utf8mb4_unicode_ci DEFAULT NULL,
  `description` text COLLATE utf8mb4_unicode_ci,
  `order` int unsigned NOT NULL DEFAULT '0',
  `created_at` timestamp NULL DEFAULT NULL,
  `updated_at` timestamp NULL DEFAULT NULL,
  PRIMARY KEY (`id`)
) ENGINE=InnoDB AUTO_INCREMENT=18 DEFAULT CHARSET=utf8mb4 COLLATE=utf8mb4_unicode_ci;
/*!40101 SET character_set_client = @saved_cs_client */;

--
-- Dumping data for table `simple_slider_items`
--

LOCK TABLES `simple_slider_items` WRITE;
/*!40000 ALTER TABLE `simple_slider_items` DISABLE KEYS */;
INSERT INTO `simple_slider_items` VALUES (1,1,'Don’t miss amazing<br> grocery deals','sliders/1-1.png','/products','Sign up for the daily newsletter',1,'2023-11-08 01:37:41','2023-11-08 01:37:41'),(2,1,'Fresh Vegetables<br>\n										Big discount','sliders/1-2.png','/products','Save up to 50% off on your first order',2,'2023-11-08 01:37:41','2023-11-08 01:37:41'),(3,2,'Don’t miss amazing<br> grocery deals','sliders/2-1.png','/products','Sign up for the daily newsletter',1,'2023-11-08 01:37:41','2023-11-08 01:37:41'),(4,2,'Fresh Vegetables<br>\n										Big discount','sliders/2-2.png','/products','Save up to 50% off on your first order',2,'2023-11-08 01:37:41','2023-11-08 01:37:41'),(5,3,'Don’t miss amazing<br> grocery deals','sliders/3-1.png','/products','Sign up for the daily newsletter',1,'2023-11-08 01:37:41','2023-11-08 01:37:41'),(6,3,'Fresh Vegetables<br>\n										Big discount','sliders/3-2.png','/products','Save up to 50% off on your first order',2,'2023-11-08 01:37:41','2023-11-08 01:37:41'),(7,4,'Don’t miss amazing<br> grocery deals','sliders/4-1.png','/products','Sign up for the daily newsletter',1,'2023-11-08 01:37:41','2023-11-08 01:37:41'),(8,4,'Fresh Vegetables<br>\n										Big discount','sliders/4-2.png','/products','Save up to 50% off on your first order',2,'2023-11-08 01:37:41','2023-11-08 01:37:41'),(9,5,'Don’t miss amazing<br> grocery deals','sliders/5-1.png','/products','Sign up for the daily newsletter',1,'2023-11-08 01:37:41','2023-11-08 01:37:41'),(10,5,'Fresh Vegetables<br>\n										Big discount','sliders/5-2.png','/products','Save up to 50% off on your first order',2,'2023-11-08 01:37:41','2023-11-08 01:37:41'),(11,6,'Don’t miss amazing<br> grocery deals','sliders/6-1.png','/products','Sign up for the daily newsletter',1,'2023-11-08 01:37:41','2023-11-08 01:37:41'),(12,7,NULL,'sliders/thumbnail-1.jpg',NULL,NULL,1,'2023-11-08 01:37:41','2023-11-08 01:37:41'),(13,7,NULL,'sliders/thumbnail-2.jpg',NULL,NULL,2,'2023-11-08 01:37:41','2023-11-08 01:37:41'),(14,7,NULL,'sliders/thumbnail-3.jpg',NULL,NULL,3,'2023-11-08 01:37:41','2023-11-08 01:37:41'),(15,7,NULL,'sliders/thumbnail-4.jpg',NULL,NULL,4,'2023-11-08 01:37:41','2023-11-08 01:37:41'),(16,7,NULL,'sliders/thumbnail-5.jpg',NULL,NULL,5,'2023-11-08 01:37:41','2023-11-08 01:37:41'),(17,7,NULL,'sliders/thumbnail-6.jpg',NULL,NULL,6,'2023-11-08 01:37:41','2023-11-08 01:37:41');
/*!40000 ALTER TABLE `simple_slider_items` ENABLE KEYS */;
UNLOCK TABLES;

--
-- Table structure for table `simple_sliders`
--

DROP TABLE IF EXISTS `simple_sliders`;
/*!40101 SET @saved_cs_client     = @@character_set_client */;
/*!50503 SET character_set_client = utf8mb4 */;
CREATE TABLE `simple_sliders` (
  `id` bigint unsigned NOT NULL AUTO_INCREMENT,
  `name` varchar(120) COLLATE utf8mb4_unicode_ci NOT NULL,
  `key` varchar(120) COLLATE utf8mb4_unicode_ci NOT NULL,
  `description` varchar(255) COLLATE utf8mb4_unicode_ci DEFAULT NULL,
  `status` varchar(60) COLLATE utf8mb4_unicode_ci NOT NULL DEFAULT 'published',
  `created_at` timestamp NULL DEFAULT NULL,
  `updated_at` timestamp NULL DEFAULT NULL,
  PRIMARY KEY (`id`)
) ENGINE=InnoDB AUTO_INCREMENT=8 DEFAULT CHARSET=utf8mb4 COLLATE=utf8mb4_unicode_ci;
/*!40101 SET character_set_client = @saved_cs_client */;

--
-- Dumping data for table `simple_sliders`
--

LOCK TABLES `simple_sliders` WRITE;
/*!40000 ALTER TABLE `simple_sliders` DISABLE KEYS */;
INSERT INTO `simple_sliders` VALUES (1,'Home slider 1','home-slider-1',NULL,'published','2023-11-08 01:37:41','2023-11-08 01:37:41'),(2,'Home slider 2','home-slider-2',NULL,'published','2023-11-08 01:37:41','2023-11-08 01:37:41'),(3,'Home slider 3','home-slider-3',NULL,'published','2023-11-08 01:37:41','2023-11-08 01:37:41'),(4,'Home slider 4','home-slider-4',NULL,'published','2023-11-08 01:37:41','2023-11-08 01:37:41'),(5,'Home slider 5','home-slider-5',NULL,'published','2023-11-08 01:37:41','2023-11-08 01:37:41'),(6,'Home slider 6','home-slider-6',NULL,'published','2023-11-08 01:37:41','2023-11-08 01:37:41'),(7,'Blog slider 1','blog-slider-1',NULL,'published','2023-11-08 01:37:41','2023-11-08 01:37:41');
/*!40000 ALTER TABLE `simple_sliders` ENABLE KEYS */;
UNLOCK TABLES;

--
-- Table structure for table `slugs`
--

DROP TABLE IF EXISTS `slugs`;
/*!40101 SET @saved_cs_client     = @@character_set_client */;
/*!50503 SET character_set_client = utf8mb4 */;
CREATE TABLE `slugs` (
  `id` bigint unsigned NOT NULL AUTO_INCREMENT,
  `key` varchar(255) COLLATE utf8mb4_unicode_ci NOT NULL,
  `reference_id` bigint unsigned NOT NULL,
  `reference_type` varchar(255) COLLATE utf8mb4_unicode_ci NOT NULL,
  `prefix` varchar(120) COLLATE utf8mb4_unicode_ci DEFAULT '',
  `created_at` timestamp NULL DEFAULT NULL,
  `updated_at` timestamp NULL DEFAULT NULL,
  PRIMARY KEY (`id`),
  KEY `slugs_reference_id_index` (`reference_id`),
  KEY `slugs_key_index` (`key`),
  KEY `slugs_prefix_index` (`prefix`),
  KEY `slugs_reference_index` (`reference_id`,`reference_type`)
) ENGINE=InnoDB AUTO_INCREMENT=95 DEFAULT CHARSET=utf8mb4 COLLATE=utf8mb4_unicode_ci;
/*!40101 SET character_set_client = @saved_cs_client */;

--
-- Dumping data for table `slugs`
--

LOCK TABLES `slugs` WRITE;
/*!40000 ALTER TABLE `slugs` DISABLE KEYS */;
INSERT INTO `slugs` VALUES (1,'perxsion',1,'Botble\\Ecommerce\\Models\\Brand','brands','2023-11-08 01:37:26','2023-11-08 01:37:26'),(2,'hiching',2,'Botble\\Ecommerce\\Models\\Brand','brands','2023-11-08 01:37:26','2023-11-08 01:37:26'),(3,'kepslo',3,'Botble\\Ecommerce\\Models\\Brand','brands','2023-11-08 01:37:26','2023-11-08 01:37:26'),(4,'groneba',4,'Botble\\Ecommerce\\Models\\Brand','brands','2023-11-08 01:37:26','2023-11-08 01:37:26'),(5,'babian',5,'Botble\\Ecommerce\\Models\\Brand','brands','2023-11-08 01:37:26','2023-11-08 01:37:26'),(6,'valorant',6,'Botble\\Ecommerce\\Models\\Brand','brands','2023-11-08 01:37:26','2023-11-08 01:37:26'),(7,'pure',7,'Botble\\Ecommerce\\Models\\Brand','brands','2023-11-08 01:37:26','2023-11-08 01:37:26'),(8,'milks-and-dairies',1,'Botble\\Ecommerce\\Models\\ProductCategory','product-categories','2023-11-08 01:37:28','2023-11-08 01:37:28'),(9,'clothing-beauty',2,'Botble\\Ecommerce\\Models\\ProductCategory','product-categories','2023-11-08 01:37:28','2023-11-08 01:37:28'),(10,'pet-toy',3,'Botble\\Ecommerce\\Models\\ProductCategory','product-categories','2023-11-08 01:37:28','2023-11-08 01:37:28'),(11,'baking-material',4,'Botble\\Ecommerce\\Models\\ProductCategory','product-categories','2023-11-08 01:37:28','2023-11-08 01:37:28'),(12,'fresh-fruit',5,'Botble\\Ecommerce\\Models\\ProductCategory','product-categories','2023-11-08 01:37:28','2023-11-08 01:37:28'),(13,'wines-drinks',6,'Botble\\Ecommerce\\Models\\ProductCategory','product-categories','2023-11-08 01:37:28','2023-11-08 01:37:28'),(14,'fresh-seafood',7,'Botble\\Ecommerce\\Models\\ProductCategory','product-categories','2023-11-08 01:37:28','2023-11-08 01:37:28'),(15,'fast-food',8,'Botble\\Ecommerce\\Models\\ProductCategory','product-categories','2023-11-08 01:37:28','2023-11-08 01:37:28'),(16,'vegetables',9,'Botble\\Ecommerce\\Models\\ProductCategory','product-categories','2023-11-08 01:37:28','2023-11-08 01:37:28'),(17,'bread-and-juice',10,'Botble\\Ecommerce\\Models\\ProductCategory','product-categories','2023-11-08 01:37:28','2023-11-08 01:37:28'),(18,'cake-milk',11,'Botble\\Ecommerce\\Models\\ProductCategory','product-categories','2023-11-08 01:37:28','2023-11-08 01:37:28'),(19,'coffee-teas',12,'Botble\\Ecommerce\\Models\\ProductCategory','product-categories','2023-11-08 01:37:28','2023-11-08 01:37:28'),(20,'pet-foods',13,'Botble\\Ecommerce\\Models\\ProductCategory','product-categories','2023-11-08 01:37:28','2023-11-08 01:37:28'),(21,'diet-foods',14,'Botble\\Ecommerce\\Models\\ProductCategory','product-categories','2023-11-08 01:37:28','2023-11-08 01:37:28'),(22,'wallet',1,'Botble\\Ecommerce\\Models\\ProductTag','product-tags','2023-11-08 01:37:28','2023-11-08 01:37:28'),(23,'bags',2,'Botble\\Ecommerce\\Models\\ProductTag','product-tags','2023-11-08 01:37:28','2023-11-08 01:37:28'),(24,'shoes',3,'Botble\\Ecommerce\\Models\\ProductTag','product-tags','2023-11-08 01:37:28','2023-11-08 01:37:28'),(25,'clothes',4,'Botble\\Ecommerce\\Models\\ProductTag','product-tags','2023-11-08 01:37:28','2023-11-08 01:37:28'),(26,'hand-bag',5,'Botble\\Ecommerce\\Models\\ProductTag','product-tags','2023-11-08 01:37:28','2023-11-08 01:37:28'),(27,'seeds-of-change-organic-quinoe-digital',1,'Botble\\Ecommerce\\Models\\Product','products','2023-11-08 01:37:32','2023-11-08 01:37:32'),(28,'all-natural-italian-style-chicken-meatballs',2,'Botble\\Ecommerce\\Models\\Product','products','2023-11-08 01:37:32','2023-11-08 01:37:32'),(29,'angies-boomchickapop-sweet-salty-kettle-corn',3,'Botble\\Ecommerce\\Models\\Product','products','2023-11-08 01:37:32','2023-11-08 01:37:32'),(30,'foster-farms-takeout-crispy-classic',4,'Botble\\Ecommerce\\Models\\Product','products','2023-11-08 01:37:32','2023-11-08 01:37:32'),(31,'blue-diamond-almonds-lightly-digital',5,'Botble\\Ecommerce\\Models\\Product','products','2023-11-08 01:37:32','2023-11-08 01:37:32'),(32,'chobani-complete-vanilla-greek',6,'Botble\\Ecommerce\\Models\\Product','products','2023-11-08 01:37:32','2023-11-08 01:37:32'),(33,'canada-dry-ginger-ale-2-l-bottle',7,'Botble\\Ecommerce\\Models\\Product','products','2023-11-08 01:37:32','2023-11-08 01:37:32'),(34,'encore-seafoods-stuffed-alaskan',8,'Botble\\Ecommerce\\Models\\Product','products','2023-11-08 01:37:32','2023-11-08 01:37:32'),(35,'gortons-beer-battered-fish-fillets-digital',9,'Botble\\Ecommerce\\Models\\Product','products','2023-11-08 01:37:32','2023-11-08 01:37:32'),(36,'haagen-dazs-caramel-cone-ice-cream',10,'Botble\\Ecommerce\\Models\\Product','products','2023-11-08 01:37:32','2023-11-08 01:37:32'),(37,'nestle-original-coffee-mate-coffee-creamer',11,'Botble\\Ecommerce\\Models\\Product','products','2023-11-08 01:37:32','2023-11-08 01:37:32'),(38,'naturally-flavored-cinnamon-vanilla-light-roast-coffee',12,'Botble\\Ecommerce\\Models\\Product','products','2023-11-08 01:37:32','2023-11-08 01:37:32'),(39,'pepperidge-farm-farmhouse-hearty-white-bread-digital',13,'Botble\\Ecommerce\\Models\\Product','products','2023-11-08 01:37:32','2023-11-08 01:37:32'),(40,'organic-frozen-triple-berry-blend',14,'Botble\\Ecommerce\\Models\\Product','products','2023-11-08 01:37:32','2023-11-08 01:37:32'),(41,'oroweat-country-buttermilk-bread',15,'Botble\\Ecommerce\\Models\\Product','products','2023-11-08 01:37:32','2023-11-08 01:37:32'),(42,'foster-farms-takeout-crispy-classic-buffalo-wings',16,'Botble\\Ecommerce\\Models\\Product','products','2023-11-08 01:37:32','2023-11-08 01:37:32'),(43,'angies-boomchickapop-sweet-salty-kettle-corn-digital',17,'Botble\\Ecommerce\\Models\\Product','products','2023-11-08 01:37:32','2023-11-08 01:37:32'),(44,'all-natural-italian-style-chicken-meatballs',18,'Botble\\Ecommerce\\Models\\Product','products','2023-11-08 01:37:33','2023-11-08 01:37:33'),(45,'simply-lemonade-with-raspberry-juice',19,'Botble\\Ecommerce\\Models\\Product','products','2023-11-08 01:37:33','2023-11-08 01:37:33'),(46,'perdue-simply-smart-organics-gluten-free',20,'Botble\\Ecommerce\\Models\\Product','products','2023-11-08 01:37:33','2023-11-08 01:37:33'),(47,'chen-watermelon-digital',21,'Botble\\Ecommerce\\Models\\Product','products','2023-11-08 01:37:33','2023-11-08 01:37:33'),(48,'organic-cage-free-grade-a-large-brown-eggs',22,'Botble\\Ecommerce\\Models\\Product','products','2023-11-08 01:37:33','2023-11-08 01:37:33'),(49,'colorful-banana',23,'Botble\\Ecommerce\\Models\\Product','products','2023-11-08 01:37:33','2023-11-08 01:37:33'),(50,'signature-wood-fired-mushroom-and-caramelized',24,'Botble\\Ecommerce\\Models\\Product','products','2023-11-08 01:37:33','2023-11-08 01:37:33'),(51,'ecommerce',1,'Botble\\Blog\\Models\\Category','blog','2023-11-08 01:37:41','2023-11-08 01:37:42'),(52,'fashion',2,'Botble\\Blog\\Models\\Category','blog','2023-11-08 01:37:41','2023-11-08 01:37:42'),(53,'electronic',3,'Botble\\Blog\\Models\\Category','blog','2023-11-08 01:37:41','2023-11-08 01:37:42'),(54,'commercial',4,'Botble\\Blog\\Models\\Category','blog','2023-11-08 01:37:41','2023-11-08 01:37:42'),(55,'general',1,'Botble\\Blog\\Models\\Tag','tag','2023-11-08 01:37:41','2023-11-08 01:37:41'),(56,'design',2,'Botble\\Blog\\Models\\Tag','tag','2023-11-08 01:37:41','2023-11-08 01:37:41'),(57,'fashion',3,'Botble\\Blog\\Models\\Tag','tag','2023-11-08 01:37:41','2023-11-08 01:37:41'),(58,'branding',4,'Botble\\Blog\\Models\\Tag','tag','2023-11-08 01:37:41','2023-11-08 01:37:41'),(59,'modern',5,'Botble\\Blog\\Models\\Tag','tag','2023-11-08 01:37:41','2023-11-08 01:37:41'),(60,'4-expert-tips-on-how-to-choose-the-right-mens-wallet',1,'Botble\\Blog\\Models\\Post','blog','2023-11-08 01:37:41','2023-11-08 01:37:42'),(61,'sexy-clutches-how-to-buy-wear-a-designer-clutch-bag',2,'Botble\\Blog\\Models\\Post','blog','2023-11-08 01:37:41','2023-11-08 01:37:42'),(62,'the-top-2020-handbag-trends-to-know',3,'Botble\\Blog\\Models\\Post','blog','2023-11-08 01:37:41','2023-11-08 01:37:42'),(63,'how-to-match-the-color-of-your-handbag-with-an-outfit',4,'Botble\\Blog\\Models\\Post','blog','2023-11-08 01:37:41','2023-11-08 01:37:42'),(64,'how-to-care-for-leather-bags',5,'Botble\\Blog\\Models\\Post','blog','2023-11-08 01:37:41','2023-11-08 01:37:42'),(65,'were-crushing-hard-on-summers-10-biggest-bag-trends',6,'Botble\\Blog\\Models\\Post','blog','2023-11-08 01:37:41','2023-11-08 01:37:42'),(66,'essential-qualities-of-highly-successful-music',7,'Botble\\Blog\\Models\\Post','blog','2023-11-08 01:37:41','2023-11-08 01:37:42'),(67,'9-things-i-love-about-shaving-my-head',8,'Botble\\Blog\\Models\\Post','blog','2023-11-08 01:37:42','2023-11-08 01:37:42'),(68,'why-teamwork-really-makes-the-dream-work',9,'Botble\\Blog\\Models\\Post','blog','2023-11-08 01:37:42','2023-11-08 01:37:42'),(69,'the-world-caters-to-average-people',10,'Botble\\Blog\\Models\\Post','blog','2023-11-08 01:37:42','2023-11-08 01:37:42'),(70,'the-litigants-on-the-screen-are-not-actors',11,'Botble\\Blog\\Models\\Post','blog','2023-11-08 01:37:42','2023-11-08 01:37:42'),(71,'homepage',1,'Botble\\Page\\Models\\Page','','2023-11-08 01:37:42','2023-11-08 01:37:42'),(72,'homepage-2',2,'Botble\\Page\\Models\\Page','','2023-11-08 01:37:42','2023-11-08 01:37:42'),(73,'homepage-3',3,'Botble\\Page\\Models\\Page','','2023-11-08 01:37:42','2023-11-08 01:37:42'),(74,'homepage-4',4,'Botble\\Page\\Models\\Page','','2023-11-08 01:37:42','2023-11-08 01:37:42'),(75,'blog',5,'Botble\\Page\\Models\\Page','','2023-11-08 01:37:42','2023-11-08 01:37:42'),(76,'contact',6,'Botble\\Page\\Models\\Page','','2023-11-08 01:37:42','2023-11-08 01:37:42'),(77,'about-us',7,'Botble\\Page\\Models\\Page','','2023-11-08 01:37:42','2023-11-08 01:37:42'),(78,'cookie-policy',8,'Botble\\Page\\Models\\Page','','2023-11-08 01:37:42','2023-11-08 01:37:42'),(79,'terms-conditions',9,'Botble\\Page\\Models\\Page','','2023-11-08 01:37:42','2023-11-08 01:37:42'),(80,'returns-exchanges',10,'Botble\\Page\\Models\\Page','','2023-11-08 01:37:42','2023-11-08 01:37:42'),(81,'shipping-delivery',11,'Botble\\Page\\Models\\Page','','2023-11-08 01:37:42','2023-11-08 01:37:42'),(82,'privacy-policy',12,'Botble\\Page\\Models\\Page','','2023-11-08 01:37:42','2023-11-08 01:37:42'),(83,'blog-list',13,'Botble\\Page\\Models\\Page','','2023-11-08 01:37:42','2023-11-08 01:37:42'),(84,'blog-big',14,'Botble\\Page\\Models\\Page','','2023-11-08 01:37:42','2023-11-08 01:37:42'),(85,'blog-wide',15,'Botble\\Page\\Models\\Page','','2023-11-08 01:37:42','2023-11-08 01:37:42'),(86,'homepage-5',16,'Botble\\Page\\Models\\Page','','2023-11-08 01:37:42','2023-11-08 01:37:42'),(87,'homepage-6',17,'Botble\\Page\\Models\\Page','','2023-11-08 01:37:42','2023-11-08 01:37:42'),(88,'faq',18,'Botble\\Page\\Models\\Page','','2023-11-08 01:37:42','2023-11-08 01:37:42'),(89,'gopro',1,'Botble\\Marketplace\\Models\\Store','stores','2023-11-08 01:37:48','2023-11-08 01:37:48'),(90,'global-office',2,'Botble\\Marketplace\\Models\\Store','stores','2023-11-08 01:37:48','2023-11-08 01:37:48'),(91,'young-shop',3,'Botble\\Marketplace\\Models\\Store','stores','2023-11-08 01:37:48','2023-11-08 01:37:48'),(92,'global-store',4,'Botble\\Marketplace\\Models\\Store','stores','2023-11-08 01:37:48','2023-11-08 01:37:48'),(93,'roberts-store',5,'Botble\\Marketplace\\Models\\Store','stores','2023-11-08 01:37:48','2023-11-08 01:37:48'),(94,'stouffer',6,'Botble\\Marketplace\\Models\\Store','stores','2023-11-08 01:37:48','2023-11-08 01:37:48');
/*!40000 ALTER TABLE `slugs` ENABLE KEYS */;
UNLOCK TABLES;

--
-- Table structure for table `slugs_translations`
--

DROP TABLE IF EXISTS `slugs_translations`;
/*!40101 SET @saved_cs_client     = @@character_set_client */;
/*!50503 SET character_set_client = utf8mb4 */;
CREATE TABLE `slugs_translations` (
  `lang_code` varchar(191) COLLATE utf8mb4_unicode_ci NOT NULL,
  `slugs_id` bigint unsigned NOT NULL,
  `key` varchar(255) COLLATE utf8mb4_unicode_ci DEFAULT NULL,
  `prefix` varchar(120) COLLATE utf8mb4_unicode_ci DEFAULT '',
  PRIMARY KEY (`lang_code`,`slugs_id`)
) ENGINE=InnoDB DEFAULT CHARSET=utf8mb4 COLLATE=utf8mb4_unicode_ci;
/*!40101 SET character_set_client = @saved_cs_client */;

--
-- Dumping data for table `slugs_translations`
--

LOCK TABLES `slugs_translations` WRITE;
/*!40000 ALTER TABLE `slugs_translations` DISABLE KEYS */;
/*!40000 ALTER TABLE `slugs_translations` ENABLE KEYS */;
UNLOCK TABLES;

--
-- Table structure for table `states`
--

DROP TABLE IF EXISTS `states`;
/*!40101 SET @saved_cs_client     = @@character_set_client */;
/*!50503 SET character_set_client = utf8mb4 */;
CREATE TABLE `states` (
  `id` bigint unsigned NOT NULL AUTO_INCREMENT,
  `name` varchar(120) COLLATE utf8mb4_unicode_ci NOT NULL,
  `slug` varchar(120) COLLATE utf8mb4_unicode_ci DEFAULT NULL,
  `abbreviation` varchar(10) CHARACTER SET utf8mb4 COLLATE utf8mb4_unicode_ci DEFAULT NULL,
  `country_id` bigint unsigned DEFAULT NULL,
  `order` tinyint NOT NULL DEFAULT '0',
  `image` varchar(255) COLLATE utf8mb4_unicode_ci DEFAULT NULL,
  `is_default` tinyint unsigned NOT NULL DEFAULT '0',
  `status` varchar(60) COLLATE utf8mb4_unicode_ci NOT NULL DEFAULT 'published',
  `created_at` timestamp NULL DEFAULT NULL,
  `updated_at` timestamp NULL DEFAULT NULL,
  PRIMARY KEY (`id`),
  UNIQUE KEY `states_slug_unique` (`slug`)
) ENGINE=InnoDB DEFAULT CHARSET=utf8mb4 COLLATE=utf8mb4_unicode_ci;
/*!40101 SET character_set_client = @saved_cs_client */;

--
-- Dumping data for table `states`
--

LOCK TABLES `states` WRITE;
/*!40000 ALTER TABLE `states` DISABLE KEYS */;
/*!40000 ALTER TABLE `states` ENABLE KEYS */;
UNLOCK TABLES;

--
-- Table structure for table `states_translations`
--

DROP TABLE IF EXISTS `states_translations`;
/*!40101 SET @saved_cs_client     = @@character_set_client */;
/*!50503 SET character_set_client = utf8mb4 */;
CREATE TABLE `states_translations` (
  `lang_code` varchar(191) COLLATE utf8mb4_unicode_ci NOT NULL,
  `states_id` bigint unsigned NOT NULL,
  `name` varchar(120) COLLATE utf8mb4_unicode_ci DEFAULT NULL,
  `slug` varchar(120) CHARACTER SET utf8mb4 COLLATE utf8mb4_unicode_ci DEFAULT NULL,
  `abbreviation` varchar(10) CHARACTER SET utf8mb4 COLLATE utf8mb4_unicode_ci DEFAULT NULL,
  PRIMARY KEY (`lang_code`,`states_id`)
) ENGINE=InnoDB DEFAULT CHARSET=utf8mb4 COLLATE=utf8mb4_unicode_ci;
/*!40101 SET character_set_client = @saved_cs_client */;

--
-- Dumping data for table `states_translations`
--

LOCK TABLES `states_translations` WRITE;
/*!40000 ALTER TABLE `states_translations` DISABLE KEYS */;
/*!40000 ALTER TABLE `states_translations` ENABLE KEYS */;
UNLOCK TABLES;

--
-- Table structure for table `tags`
--

DROP TABLE IF EXISTS `tags`;
/*!40101 SET @saved_cs_client     = @@character_set_client */;
/*!50503 SET character_set_client = utf8mb4 */;
CREATE TABLE `tags` (
  `id` bigint unsigned NOT NULL AUTO_INCREMENT,
  `name` varchar(120) COLLATE utf8mb4_unicode_ci NOT NULL,
  `author_id` bigint unsigned DEFAULT NULL,
  `author_type` varchar(255) CHARACTER SET utf8mb4 COLLATE utf8mb4_unicode_ci NOT NULL DEFAULT 'Botble\\ACL\\Models\\User',
  `description` varchar(400) COLLATE utf8mb4_unicode_ci DEFAULT '',
  `status` varchar(60) COLLATE utf8mb4_unicode_ci NOT NULL DEFAULT 'published',
  `created_at` timestamp NULL DEFAULT NULL,
  `updated_at` timestamp NULL DEFAULT NULL,
  PRIMARY KEY (`id`)
) ENGINE=InnoDB AUTO_INCREMENT=6 DEFAULT CHARSET=utf8mb4 COLLATE=utf8mb4_unicode_ci;
/*!40101 SET character_set_client = @saved_cs_client */;

--
-- Dumping data for table `tags`
--

LOCK TABLES `tags` WRITE;
/*!40000 ALTER TABLE `tags` DISABLE KEYS */;
INSERT INTO `tags` VALUES (1,'General',NULL,'Botble\\ACL\\Models\\User','','published','2023-11-08 01:37:41','2023-11-08 01:37:41'),(2,'Design',NULL,'Botble\\ACL\\Models\\User','','published','2023-11-08 01:37:41','2023-11-08 01:37:41'),(3,'Fashion',NULL,'Botble\\ACL\\Models\\User','','published','2023-11-08 01:37:41','2023-11-08 01:37:41'),(4,'Branding',NULL,'Botble\\ACL\\Models\\User','','published','2023-11-08 01:37:41','2023-11-08 01:37:41'),(5,'Modern',NULL,'Botble\\ACL\\Models\\User','','published','2023-11-08 01:37:41','2023-11-08 01:37:41');
/*!40000 ALTER TABLE `tags` ENABLE KEYS */;
UNLOCK TABLES;

--
-- Table structure for table `tags_translations`
--

DROP TABLE IF EXISTS `tags_translations`;
/*!40101 SET @saved_cs_client     = @@character_set_client */;
/*!50503 SET character_set_client = utf8mb4 */;
CREATE TABLE `tags_translations` (
  `lang_code` varchar(191) COLLATE utf8mb4_unicode_ci NOT NULL,
  `tags_id` bigint unsigned NOT NULL,
  `name` varchar(255) COLLATE utf8mb4_unicode_ci DEFAULT NULL,
  `description` varchar(400) COLLATE utf8mb4_unicode_ci DEFAULT NULL,
  PRIMARY KEY (`lang_code`,`tags_id`)
) ENGINE=InnoDB DEFAULT CHARSET=utf8mb4 COLLATE=utf8mb4_unicode_ci;
/*!40101 SET character_set_client = @saved_cs_client */;

--
-- Dumping data for table `tags_translations`
--

LOCK TABLES `tags_translations` WRITE;
/*!40000 ALTER TABLE `tags_translations` DISABLE KEYS */;
/*!40000 ALTER TABLE `tags_translations` ENABLE KEYS */;
UNLOCK TABLES;

--
-- Table structure for table `translations`
--

DROP TABLE IF EXISTS `translations`;
/*!40101 SET @saved_cs_client     = @@character_set_client */;
/*!50503 SET character_set_client = utf8mb4 */;
CREATE TABLE `translations` (
  `id` bigint unsigned NOT NULL AUTO_INCREMENT,
  `status` int NOT NULL DEFAULT '0',
  `locale` varchar(191) COLLATE utf8mb4_unicode_ci NOT NULL,
  `group` varchar(191) COLLATE utf8mb4_unicode_ci NOT NULL,
  `key` varchar(191) COLLATE utf8mb4_unicode_ci NOT NULL,
  `value` text COLLATE utf8mb4_unicode_ci,
  `created_at` timestamp NULL DEFAULT NULL,
  `updated_at` timestamp NULL DEFAULT NULL,
  PRIMARY KEY (`id`)
) ENGINE=InnoDB AUTO_INCREMENT=3468 DEFAULT CHARSET=utf8mb4 COLLATE=utf8mb4_unicode_ci;
/*!40101 SET character_set_client = @saved_cs_client */;

--
-- Dumping data for table `translations`
--

LOCK TABLES `translations` WRITE;
/*!40000 ALTER TABLE `translations` DISABLE KEYS */;
INSERT INTO `translations` VALUES (1,1,'en','auth','failed','These credentials do not match our records.','2023-11-08 01:38:11','2023-11-08 01:38:11'),(2,1,'en','auth','password','The provided password is incorrect.','2023-11-08 01:38:11','2023-11-08 01:38:11'),(3,1,'en','auth','throttle','Too many login attempts. Please try again in :seconds seconds.','2023-11-08 01:38:11','2023-11-08 01:38:11'),(4,1,'en','pagination','previous','&laquo; Previous','2023-11-08 01:38:11','2023-11-08 01:38:11'),(5,1,'en','pagination','next','Next &raquo;','2023-11-08 01:38:11','2023-11-08 01:38:11'),(6,1,'en','passwords','reset','Your password has been reset!','2023-11-08 01:38:11','2023-11-08 01:38:11'),(7,1,'en','passwords','sent','We have emailed your password reset link!','2023-11-08 01:38:11','2023-11-08 01:38:11'),(8,1,'en','passwords','throttled','Please wait before retrying.','2023-11-08 01:38:11','2023-11-08 01:38:11'),(9,1,'en','passwords','token','This password reset token is invalid.','2023-11-08 01:38:11','2023-11-08 01:38:11'),(10,1,'en','passwords','user','We can\'t find a user with that email address.','2023-11-08 01:38:11','2023-11-08 01:38:11'),(11,1,'en','validation','accepted','The :attribute must be accepted.','2023-11-08 01:38:11','2023-11-08 01:38:11'),(12,1,'en','validation','accepted_if','The :attribute must be accepted when :other is :value.','2023-11-08 01:38:11','2023-11-08 01:38:11'),(13,1,'en','validation','active_url','The :attribute is not a valid URL.','2023-11-08 01:38:11','2023-11-08 01:38:11'),(14,1,'en','validation','after','The :attribute must be a date after :date.','2023-11-08 01:38:11','2023-11-08 01:38:11'),(15,1,'en','validation','after_or_equal','The :attribute must be a date after or equal to :date.','2023-11-08 01:38:11','2023-11-08 01:38:11'),(16,1,'en','validation','alpha','The :attribute must only contain letters.','2023-11-08 01:38:11','2023-11-08 01:38:11'),(17,1,'en','validation','alpha_dash','The :attribute must only contain letters, numbers, dashes and underscores.','2023-11-08 01:38:11','2023-11-08 01:38:11'),(18,1,'en','validation','alpha_num','The :attribute must only contain letters and numbers.','2023-11-08 01:38:11','2023-11-08 01:38:11'),(19,1,'en','validation','array','The :attribute must be an array.','2023-11-08 01:38:11','2023-11-08 01:38:11'),(20,1,'en','validation','before','The :attribute must be a date before :date.','2023-11-08 01:38:11','2023-11-08 01:38:11'),(21,1,'en','validation','before_or_equal','The :attribute must be a date before or equal to :date.','2023-11-08 01:38:11','2023-11-08 01:38:11'),(22,1,'en','validation','between.array','The :attribute must have between :min and :max items.','2023-11-08 01:38:11','2023-11-08 01:38:11'),(23,1,'en','validation','between.file','The :attribute must be between :min and :max kilobytes.','2023-11-08 01:38:11','2023-11-08 01:38:11'),(24,1,'en','validation','between.numeric','The :attribute must be between :min and :max.','2023-11-08 01:38:11','2023-11-08 01:38:11'),(25,1,'en','validation','between.string','The :attribute must be between :min and :max characters.','2023-11-08 01:38:11','2023-11-08 01:38:11'),(26,1,'en','validation','boolean','The :attribute field must be true or false.','2023-11-08 01:38:11','2023-11-08 01:38:11'),(27,1,'en','validation','confirmed','The :attribute confirmation does not match.','2023-11-08 01:38:11','2023-11-08 01:38:11'),(28,1,'en','validation','current_password','The password is incorrect.','2023-11-08 01:38:11','2023-11-08 01:38:11'),(29,1,'en','validation','date','The :attribute is not a valid date.','2023-11-08 01:38:11','2023-11-08 01:38:11'),(30,1,'en','validation','date_equals','The :attribute must be a date equal to :date.','2023-11-08 01:38:11','2023-11-08 01:38:11'),(31,1,'en','validation','date_format','The :attribute does not match the format :format.','2023-11-08 01:38:11','2023-11-08 01:38:11'),(32,1,'en','validation','declined','The :attribute must be declined.','2023-11-08 01:38:11','2023-11-08 01:38:11'),(33,1,'en','validation','declined_if','The :attribute must be declined when :other is :value.','2023-11-08 01:38:11','2023-11-08 01:38:11'),(34,1,'en','validation','different','The :attribute and :other must be different.','2023-11-08 01:38:11','2023-11-08 01:38:11'),(35,1,'en','validation','digits','The :attribute must be :digits digits.','2023-11-08 01:38:11','2023-11-08 01:38:11'),(36,1,'en','validation','digits_between','The :attribute must be between :min and :max digits.','2023-11-08 01:38:11','2023-11-08 01:38:11'),(37,1,'en','validation','dimensions','The :attribute has invalid image dimensions.','2023-11-08 01:38:11','2023-11-08 01:38:11'),(38,1,'en','validation','distinct','The :attribute field has a duplicate value.','2023-11-08 01:38:11','2023-11-08 01:38:11'),(39,1,'en','validation','doesnt_start_with','The :attribute may not start with one of the following: :values.','2023-11-08 01:38:11','2023-11-08 01:38:11'),(40,1,'en','validation','email','The :attribute must be a valid email address.','2023-11-08 01:38:11','2023-11-08 01:38:11'),(41,1,'en','validation','ends_with','The :attribute must end with one of the following: :values.','2023-11-08 01:38:11','2023-11-08 01:38:11'),(42,1,'en','validation','enum','The selected :attribute is invalid.','2023-11-08 01:38:11','2023-11-08 01:38:11'),(43,1,'en','validation','exists','The selected :attribute is invalid.','2023-11-08 01:38:11','2023-11-08 01:38:11'),(44,1,'en','validation','file','The :attribute must be a file.','2023-11-08 01:38:11','2023-11-08 01:38:11'),(45,1,'en','validation','filled','The :attribute field must have a value.','2023-11-08 01:38:11','2023-11-08 01:38:11'),(46,1,'en','validation','gt.array','The :attribute must have more than :value items.','2023-11-08 01:38:11','2023-11-08 01:38:11'),(47,1,'en','validation','gt.file','The :attribute must be greater than :value kilobytes.','2023-11-08 01:38:11','2023-11-08 01:38:11'),(48,1,'en','validation','gt.numeric','The :attribute must be greater than :value.','2023-11-08 01:38:11','2023-11-08 01:38:11'),(49,1,'en','validation','gt.string','The :attribute must be greater than :value characters.','2023-11-08 01:38:11','2023-11-08 01:38:11'),(50,1,'en','validation','gte.array','The :attribute must have :value items or more.','2023-11-08 01:38:11','2023-11-08 01:38:11'),(51,1,'en','validation','gte.file','The :attribute must be greater than or equal to :value kilobytes.','2023-11-08 01:38:11','2023-11-08 01:38:11'),(52,1,'en','validation','gte.numeric','The :attribute must be greater than or equal to :value.','2023-11-08 01:38:11','2023-11-08 01:38:11'),(53,1,'en','validation','gte.string','The :attribute must be greater than or equal to :value characters.','2023-11-08 01:38:11','2023-11-08 01:38:11'),(54,1,'en','validation','image','The :attribute must be an image.','2023-11-08 01:38:11','2023-11-08 01:38:11'),(55,1,'en','validation','in','The selected :attribute is invalid.','2023-11-08 01:38:11','2023-11-08 01:38:11'),(56,1,'en','validation','in_array','The :attribute field does not exist in :other.','2023-11-08 01:38:11','2023-11-08 01:38:11'),(57,1,'en','validation','integer','The :attribute must be an integer.','2023-11-08 01:38:11','2023-11-08 01:38:11'),(58,1,'en','validation','ip','The :attribute must be a valid IP address.','2023-11-08 01:38:11','2023-11-08 01:38:11'),(59,1,'en','validation','ipv4','The :attribute must be a valid IPv4 address.','2023-11-08 01:38:11','2023-11-08 01:38:11'),(60,1,'en','validation','ipv6','The :attribute must be a valid IPv6 address.','2023-11-08 01:38:11','2023-11-08 01:38:11'),(61,1,'en','validation','json','The :attribute must be a valid JSON string.','2023-11-08 01:38:11','2023-11-08 01:38:11'),(62,1,'en','validation','lt.array','The :attribute must have less than :value items.','2023-11-08 01:38:11','2023-11-08 01:38:11'),(63,1,'en','validation','lt.file','The :attribute must be less than :value kilobytes.','2023-11-08 01:38:11','2023-11-08 01:38:11'),(64,1,'en','validation','lt.numeric','The :attribute must be less than :value.','2023-11-08 01:38:11','2023-11-08 01:38:11'),(65,1,'en','validation','lt.string','The :attribute must be less than :value characters.','2023-11-08 01:38:11','2023-11-08 01:38:11'),(66,1,'en','validation','lte.array','The :attribute must not have more than :value items.','2023-11-08 01:38:11','2023-11-08 01:38:11'),(67,1,'en','validation','lte.file','The :attribute must be less than or equal to :value kilobytes.','2023-11-08 01:38:11','2023-11-08 01:38:11'),(68,1,'en','validation','lte.numeric','The :attribute must be less than or equal to :value.','2023-11-08 01:38:11','2023-11-08 01:38:11'),(69,1,'en','validation','lte.string','The :attribute must be less than or equal to :value characters.','2023-11-08 01:38:11','2023-11-08 01:38:11'),(70,1,'en','validation','mac_address','The :attribute must be a valid MAC address.','2023-11-08 01:38:11','2023-11-08 01:38:11'),(71,1,'en','validation','max.array','The :attribute must not have more than :max items.','2023-11-08 01:38:11','2023-11-08 01:38:11'),(72,1,'en','validation','max.file','The :attribute must not be greater than :max kilobytes.','2023-11-08 01:38:11','2023-11-08 01:38:11'),(73,1,'en','validation','max.numeric','The :attribute must not be greater than :max.','2023-11-08 01:38:11','2023-11-08 01:38:11'),(74,1,'en','validation','max.string','The :attribute must not be greater than :max characters.','2023-11-08 01:38:11','2023-11-08 01:38:11'),(75,1,'en','validation','mimes','The :attribute must be a file of type: :values.','2023-11-08 01:38:11','2023-11-08 01:38:11'),(76,1,'en','validation','mimetypes','The :attribute must be a file of type: :values.','2023-11-08 01:38:11','2023-11-08 01:38:11'),(77,1,'en','validation','min.array','The :attribute must have at least :min items.','2023-11-08 01:38:11','2023-11-08 01:38:11'),(78,1,'en','validation','min.file','The :attribute must be at least :min kilobytes.','2023-11-08 01:38:11','2023-11-08 01:38:11'),(79,1,'en','validation','min.numeric','The :attribute must be at least :min.','2023-11-08 01:38:11','2023-11-08 01:38:11'),(80,1,'en','validation','min.string','The :attribute must be at least :min characters.','2023-11-08 01:38:11','2023-11-08 01:38:11'),(81,1,'en','validation','multiple_of','The :attribute must be a multiple of :value.','2023-11-08 01:38:11','2023-11-08 01:38:11'),(82,1,'en','validation','not_in','The selected :attribute is invalid.','2023-11-08 01:38:11','2023-11-08 01:38:11'),(83,1,'en','validation','not_regex','The :attribute format is invalid.','2023-11-08 01:38:11','2023-11-08 01:38:11'),(84,1,'en','validation','numeric','The :attribute must be a number.','2023-11-08 01:38:11','2023-11-08 01:38:11'),(85,1,'en','validation','password.letters','The :attribute must contain at least one letter.','2023-11-08 01:38:11','2023-11-08 01:38:11'),(86,1,'en','validation','password.mixed','The :attribute must contain at least one uppercase and one lowercase letter.','2023-11-08 01:38:11','2023-11-08 01:38:11'),(87,1,'en','validation','password.numbers','The :attribute must contain at least one number.','2023-11-08 01:38:11','2023-11-08 01:38:11'),(88,1,'en','validation','password.symbols','The :attribute must contain at least one symbol.','2023-11-08 01:38:11','2023-11-08 01:38:11'),(89,1,'en','validation','password.uncompromised','The given :attribute has appeared in a data leak. Please choose a different :attribute.','2023-11-08 01:38:11','2023-11-08 01:38:11'),(90,1,'en','validation','present','The :attribute field must be present.','2023-11-08 01:38:11','2023-11-08 01:38:11'),(91,1,'en','validation','prohibited','The :attribute field is prohibited.','2023-11-08 01:38:11','2023-11-08 01:38:11'),(92,1,'en','validation','prohibited_if','The :attribute field is prohibited when :other is :value.','2023-11-08 01:38:11','2023-11-08 01:38:11'),(93,1,'en','validation','prohibited_unless','The :attribute field is prohibited unless :other is in :values.','2023-11-08 01:38:11','2023-11-08 01:38:11'),(94,1,'en','validation','prohibits','The :attribute field prohibits :other from being present.','2023-11-08 01:38:11','2023-11-08 01:38:11'),(95,1,'en','validation','regex','The :attribute format is invalid.','2023-11-08 01:38:11','2023-11-08 01:38:11'),(96,1,'en','validation','required','The :attribute field is required.','2023-11-08 01:38:11','2023-11-08 01:38:11'),(97,1,'en','validation','required_array_keys','The :attribute field must contain entries for: :values.','2023-11-08 01:38:11','2023-11-08 01:38:11'),(98,1,'en','validation','required_if','The :attribute field is required when :other is :value.','2023-11-08 01:38:11','2023-11-08 01:38:11'),(99,1,'en','validation','required_unless','The :attribute field is required unless :other is in :values.','2023-11-08 01:38:11','2023-11-08 01:38:11'),(100,1,'en','validation','required_with','The :attribute field is required when :values is present.','2023-11-08 01:38:11','2023-11-08 01:38:11'),(101,1,'en','validation','required_with_all','The :attribute field is required when :values are present.','2023-11-08 01:38:11','2023-11-08 01:38:11'),(102,1,'en','validation','required_without','The :attribute field is required when :values is not present.','2023-11-08 01:38:11','2023-11-08 01:38:11'),(103,1,'en','validation','required_without_all','The :attribute field is required when none of :values are present.','2023-11-08 01:38:11','2023-11-08 01:38:11'),(104,1,'en','validation','same','The :attribute and :other must match.','2023-11-08 01:38:11','2023-11-08 01:38:11'),(105,1,'en','validation','size.array','The :attribute must contain :size items.','2023-11-08 01:38:11','2023-11-08 01:38:11'),(106,1,'en','validation','size.file','The :attribute must be :size kilobytes.','2023-11-08 01:38:11','2023-11-08 01:38:11'),(107,1,'en','validation','size.numeric','The :attribute must be :size.','2023-11-08 01:38:11','2023-11-08 01:38:11'),(108,1,'en','validation','size.string','The :attribute must be :size characters.','2023-11-08 01:38:11','2023-11-08 01:38:11'),(109,1,'en','validation','starts_with','The :attribute must start with one of the following: :values.','2023-11-08 01:38:11','2023-11-08 01:38:11'),(110,1,'en','validation','string','The :attribute must be a string.','2023-11-08 01:38:11','2023-11-08 01:38:11'),(111,1,'en','validation','timezone','The :attribute must be a valid timezone.','2023-11-08 01:38:11','2023-11-08 01:38:11'),(112,1,'en','validation','unique','The :attribute has already been taken.','2023-11-08 01:38:11','2023-11-08 01:38:11'),(113,1,'en','validation','uploaded','The :attribute failed to upload.','2023-11-08 01:38:11','2023-11-08 01:38:11'),(114,1,'en','validation','url','The :attribute must be a valid URL.','2023-11-08 01:38:11','2023-11-08 01:38:11'),(115,1,'en','validation','uuid','The :attribute must be a valid UUID.','2023-11-08 01:38:11','2023-11-08 01:38:11'),(116,1,'en','validation','custom.attribute-name.rule-name','custom-message','2023-11-08 01:38:11','2023-11-08 01:38:11'),(117,1,'en','core/acl/auth','login.username','Email/Username','2023-11-08 01:38:11','2023-11-08 01:38:11'),(118,1,'en','core/acl/auth','login.email','Email','2023-11-08 01:38:11','2023-11-08 01:38:11'),(119,1,'en','core/acl/auth','login.password','Password','2023-11-08 01:38:11','2023-11-08 01:38:11'),(120,1,'en','core/acl/auth','login.title','User Login','2023-11-08 01:38:11','2023-11-08 01:38:11'),(121,1,'en','core/acl/auth','login.remember','Remember me?','2023-11-08 01:38:11','2023-11-08 01:38:11'),(122,1,'en','core/acl/auth','login.login','Sign in','2023-11-08 01:38:11','2023-11-08 01:38:11'),(123,1,'en','core/acl/auth','login.placeholder.username','Please enter your username','2023-11-08 01:38:11','2023-11-08 01:38:11'),(124,1,'en','core/acl/auth','login.placeholder.email','Please enter your email','2023-11-08 01:38:11','2023-11-08 01:38:11'),(125,1,'en','core/acl/auth','login.success','Login successfully!','2023-11-08 01:38:11','2023-11-08 01:38:11'),(126,1,'en','core/acl/auth','login.fail','Wrong username or password.','2023-11-08 01:38:11','2023-11-08 01:38:11'),(127,1,'en','core/acl/auth','login.not_active','Your account has not been activated yet!','2023-11-08 01:38:11','2023-11-08 01:38:11'),(128,1,'en','core/acl/auth','login.banned','This account is banned.','2023-11-08 01:38:11','2023-11-08 01:38:11'),(129,1,'en','core/acl/auth','login.logout_success','Logout successfully!','2023-11-08 01:38:11','2023-11-08 01:38:11'),(130,1,'en','core/acl/auth','login.dont_have_account','You don\'t have account on this system, please contact administrator for more information!','2023-11-08 01:38:11','2023-11-08 01:38:11'),(131,1,'en','core/acl/auth','forgot_password.title','Forgot Password','2023-11-08 01:38:11','2023-11-08 01:38:11'),(132,1,'en','core/acl/auth','forgot_password.message','<p>Have you forgotten your password?</p><p>Please enter your email account. System will send a email with active link to reset your password.</p>','2023-11-08 01:38:11','2023-11-08 01:38:11'),(133,1,'en','core/acl/auth','forgot_password.submit','Submit','2023-11-08 01:38:11','2023-11-08 01:38:11'),(134,1,'en','core/acl/auth','reset.new_password','New password','2023-11-08 01:38:11','2023-11-08 01:38:11'),(135,1,'en','core/acl/auth','reset.password_confirmation','Confirm new password','2023-11-08 01:38:11','2023-11-08 01:38:11'),(136,1,'en','core/acl/auth','reset.email','Email','2023-11-08 01:38:11','2023-11-08 01:38:11'),(137,1,'en','core/acl/auth','reset.title','Reset your password','2023-11-08 01:38:11','2023-11-08 01:38:11'),(138,1,'en','core/acl/auth','reset.update','Update','2023-11-08 01:38:11','2023-11-08 01:38:11'),(139,1,'en','core/acl/auth','reset.wrong_token','This link is invalid or expired. Please try using reset form again.','2023-11-08 01:38:11','2023-11-08 01:38:11'),(140,1,'en','core/acl/auth','reset.user_not_found','This username is not exist.','2023-11-08 01:38:11','2023-11-08 01:38:11'),(141,1,'en','core/acl/auth','reset.success','Reset password successfully!','2023-11-08 01:38:11','2023-11-08 01:38:11'),(142,1,'en','core/acl/auth','reset.fail','Token is invalid, the reset password link has been expired!','2023-11-08 01:38:11','2023-11-08 01:38:11'),(143,1,'en','core/acl/auth','reset.reset.title','Email reset password','2023-11-08 01:38:11','2023-11-08 01:38:11'),(144,1,'en','core/acl/auth','reset.send.success','A email was sent to your email account. Please check and complete this action.','2023-11-08 01:38:11','2023-11-08 01:38:11'),(145,1,'en','core/acl/auth','reset.send.fail','Can not send email in this time. Please try again later.','2023-11-08 01:38:11','2023-11-08 01:38:11'),(146,1,'en','core/acl/auth','reset.new-password','New password','2023-11-08 01:38:11','2023-11-08 01:38:11'),(147,1,'en','core/acl/auth','email.reminder.title','Email reset password','2023-11-08 01:38:11','2023-11-08 01:38:11'),(148,1,'en','core/acl/auth','password_confirmation','Password confirm','2023-11-08 01:38:11','2023-11-08 01:38:11'),(149,1,'en','core/acl/auth','failed','Failed','2023-11-08 01:38:11','2023-11-08 01:38:11'),(150,1,'en','core/acl/auth','throttle','Throttle','2023-11-08 01:38:11','2023-11-08 01:38:11'),(151,1,'en','core/acl/auth','not_member','Not a member yet?','2023-11-08 01:38:11','2023-11-08 01:38:11'),(152,1,'en','core/acl/auth','register_now','Register now','2023-11-08 01:38:11','2023-11-08 01:38:11'),(153,1,'en','core/acl/auth','lost_your_password','Lost your password?','2023-11-08 01:38:11','2023-11-08 01:38:11'),(154,1,'en','core/acl/auth','login_title','Admin','2023-11-08 01:38:11','2023-11-08 01:38:11'),(155,1,'en','core/acl/auth','login_via_social','Login with social networks','2023-11-08 01:38:11','2023-11-08 01:38:11'),(156,1,'en','core/acl/auth','back_to_login','Back to login page','2023-11-08 01:38:11','2023-11-08 01:38:11'),(157,1,'en','core/acl/auth','sign_in_below','Sign In Below','2023-11-08 01:38:11','2023-11-08 01:38:11'),(158,1,'en','core/acl/auth','languages','Languages','2023-11-08 01:38:11','2023-11-08 01:38:11'),(159,1,'en','core/acl/auth','reset_password','Reset Password','2023-11-08 01:38:11','2023-11-08 01:38:11'),(160,1,'en','core/acl/auth','settings.email.title','ACL','2023-11-08 01:38:11','2023-11-08 01:38:11'),(161,1,'en','core/acl/auth','settings.email.description','ACL email configuration','2023-11-08 01:38:11','2023-11-08 01:38:11'),(162,1,'en','core/acl/permissions','notices.role_in_use','Cannot delete this role, it is still in use!','2023-11-08 01:38:11','2023-11-08 01:38:11'),(163,1,'en','core/acl/permissions','notices.role_delete_belong_user','You are not able to delete this role; it belongs to someone else!','2023-11-08 01:38:11','2023-11-08 01:38:11'),(164,1,'en','core/acl/permissions','notices.role_edit_belong_user','You are not able to edit this role; it belongs to someone else!','2023-11-08 01:38:11','2023-11-08 01:38:11'),(165,1,'en','core/acl/permissions','notices.delete_global_role','You are not allowed to delete global roles!','2023-11-08 01:38:11','2023-11-08 01:38:11'),(166,1,'en','core/acl/permissions','notices.delete_success','The selected role was deleted successfully!','2023-11-08 01:38:11','2023-11-08 01:38:11'),(167,1,'en','core/acl/permissions','notices.modified_success','The selected role was modified successfully!','2023-11-08 01:38:11','2023-11-08 01:38:11'),(168,1,'en','core/acl/permissions','notices.create_success','The new role was successfully created','2023-11-08 01:38:11','2023-11-08 01:38:11'),(169,1,'en','core/acl/permissions','notices.duplicated_success','The selected role was duplicated successfully','2023-11-08 01:38:11','2023-11-08 01:38:11'),(170,1,'en','core/acl/permissions','notices.no_select','Please select at least one record to take this action!','2023-11-08 01:38:11','2023-11-08 01:38:11'),(171,1,'en','core/acl/permissions','notices.not_found','Role not found','2023-11-08 01:38:11','2023-11-08 01:38:11'),(172,1,'en','core/acl/permissions','name','Name','2023-11-08 01:38:11','2023-11-08 01:38:11'),(173,1,'en','core/acl/permissions','current_role','Current Role','2023-11-08 01:38:11','2023-11-08 01:38:11'),(174,1,'en','core/acl/permissions','no_role_assigned','No role assigned','2023-11-08 01:38:11','2023-11-08 01:38:11'),(175,1,'en','core/acl/permissions','role_assigned','Assigned Role','2023-11-08 01:38:11','2023-11-08 01:38:11'),(176,1,'en','core/acl/permissions','create_role','Create New Role','2023-11-08 01:38:11','2023-11-08 01:38:11'),(177,1,'en','core/acl/permissions','role_name','Name','2023-11-08 01:38:11','2023-11-08 01:38:11'),(178,1,'en','core/acl/permissions','role_description','Description','2023-11-08 01:38:11','2023-11-08 01:38:11'),(179,1,'en','core/acl/permissions','permission_flags','Permission Flags','2023-11-08 01:38:11','2023-11-08 01:38:11'),(180,1,'en','core/acl/permissions','cancel','Cancel','2023-11-08 01:38:11','2023-11-08 01:38:11'),(181,1,'en','core/acl/permissions','reset','Reset','2023-11-08 01:38:11','2023-11-08 01:38:11'),(182,1,'en','core/acl/permissions','save','Save','2023-11-08 01:38:11','2023-11-08 01:38:11'),(183,1,'en','core/acl/permissions','global_role_msg','This is a global role and cannot be modified.  You can use the Duplicate button to make a copy of this role that you can then modify.','2023-11-08 01:38:11','2023-11-08 01:38:11'),(184,1,'en','core/acl/permissions','details','Details \":name\"','2023-11-08 01:38:11','2023-11-08 01:38:11'),(185,1,'en','core/acl/permissions','duplicate','Duplicate','2023-11-08 01:38:11','2023-11-08 01:38:11'),(186,1,'en','core/acl/permissions','all','All Permissions','2023-11-08 01:38:11','2023-11-08 01:38:11'),(187,1,'en','core/acl/permissions','list_role','List Roles','2023-11-08 01:38:11','2023-11-08 01:38:11'),(188,1,'en','core/acl/permissions','created_on','Created On','2023-11-08 01:38:11','2023-11-08 01:38:11'),(189,1,'en','core/acl/permissions','created_by','Created By','2023-11-08 01:38:11','2023-11-08 01:38:11'),(190,1,'en','core/acl/permissions','actions','Actions','2023-11-08 01:38:11','2023-11-08 01:38:11'),(191,1,'en','core/acl/permissions','role_in_use','Cannot delete this role, it is still in use!','2023-11-08 01:38:11','2023-11-08 01:38:11'),(192,1,'en','core/acl/permissions','role_delete_belong_user','You are not able to delete this role; it belongs to someone else!','2023-11-08 01:38:11','2023-11-08 01:38:11'),(193,1,'en','core/acl/permissions','delete_global_role','Can not delete global role','2023-11-08 01:38:11','2023-11-08 01:38:11'),(194,1,'en','core/acl/permissions','delete_success','Delete role successfully','2023-11-08 01:38:11','2023-11-08 01:38:11'),(195,1,'en','core/acl/permissions','no_select','Please select at least one role to take this action!','2023-11-08 01:38:11','2023-11-08 01:38:11'),(196,1,'en','core/acl/permissions','not_found','No role found!','2023-11-08 01:38:11','2023-11-08 01:38:11'),(197,1,'en','core/acl/permissions','role_edit_belong_user','You are not able to edit this role; it belongs to someone else!','2023-11-08 01:38:11','2023-11-08 01:38:11'),(198,1,'en','core/acl/permissions','modified_success','Modified successfully','2023-11-08 01:38:11','2023-11-08 01:38:11'),(199,1,'en','core/acl/permissions','create_success','Create successfully','2023-11-08 01:38:11','2023-11-08 01:38:11'),(200,1,'en','core/acl/permissions','duplicated_success','Duplicated successfully','2023-11-08 01:38:11','2023-11-08 01:38:11'),(201,1,'en','core/acl/permissions','options','Options','2023-11-08 01:38:11','2023-11-08 01:38:11'),(202,1,'en','core/acl/permissions','access_denied_message','You are not allowed to do this action','2023-11-08 01:38:11','2023-11-08 01:38:11'),(203,1,'en','core/acl/permissions','roles','Roles','2023-11-08 01:38:11','2023-11-08 01:38:11'),(204,1,'en','core/acl/permissions','role_permission','Roles and Permissions','2023-11-08 01:38:11','2023-11-08 01:38:11'),(205,1,'en','core/acl/permissions','user_management','User Management','2023-11-08 01:38:11','2023-11-08 01:38:11'),(206,1,'en','core/acl/permissions','super_user_management','Super User Management','2023-11-08 01:38:11','2023-11-08 01:38:11'),(207,1,'en','core/acl/permissions','action_unauthorized','This action is unauthorized.','2023-11-08 01:38:11','2023-11-08 01:38:11'),(208,1,'en','core/acl/users','delete_user_logged_in','Can\'t delete this user. This user is logged on!','2023-11-08 01:38:11','2023-11-08 01:38:11'),(209,1,'en','core/acl/users','no_select','Please select at least one record to take this action!','2023-11-08 01:38:11','2023-11-08 01:38:11'),(210,1,'en','core/acl/users','lock_user_logged_in','Can\'t lock this user. This user is logged on!','2023-11-08 01:38:11','2023-11-08 01:38:11'),(211,1,'en','core/acl/users','update_success','Update status successfully!','2023-11-08 01:38:11','2023-11-08 01:38:11'),(212,1,'en','core/acl/users','save_setting_failed','Something went wrong when save your setting','2023-11-08 01:38:11','2023-11-08 01:38:11'),(213,1,'en','core/acl/users','not_found','User not found','2023-11-08 01:38:11','2023-11-08 01:38:11'),(214,1,'en','core/acl/users','email_exist','That email address already belongs to an existing account','2023-11-08 01:38:11','2023-11-08 01:38:11'),(215,1,'en','core/acl/users','username_exist','That username address already belongs to an existing account','2023-11-08 01:38:11','2023-11-08 01:38:11'),(216,1,'en','core/acl/users','update_profile_success','Your profile changes were successfully saved','2023-11-08 01:38:11','2023-11-08 01:38:11'),(217,1,'en','core/acl/users','password_update_success','Password successfully changed','2023-11-08 01:38:11','2023-11-08 01:38:11'),(218,1,'en','core/acl/users','current_password_not_valid','Current password is not valid','2023-11-08 01:38:11','2023-11-08 01:38:11'),(219,1,'en','core/acl/users','user_exist_in','User is already a member','2023-11-08 01:38:11','2023-11-08 01:38:11'),(220,1,'en','core/acl/users','email','Email','2023-11-08 01:38:11','2023-11-08 01:38:11'),(221,1,'en','core/acl/users','role','Role','2023-11-08 01:38:11','2023-11-08 01:38:11'),(222,1,'en','core/acl/users','username','Username','2023-11-08 01:38:11','2023-11-08 01:38:11'),(223,1,'en','core/acl/users','last_name','Last Name','2023-11-08 01:38:11','2023-11-08 01:38:11'),(224,1,'en','core/acl/users','first_name','First Name','2023-11-08 01:38:11','2023-11-08 01:38:11'),(225,1,'en','core/acl/users','message','Message','2023-11-08 01:38:11','2023-11-08 01:38:11'),(226,1,'en','core/acl/users','cancel_btn','Cancel','2023-11-08 01:38:11','2023-11-08 01:38:11'),(227,1,'en','core/acl/users','change_password','Change password','2023-11-08 01:38:11','2023-11-08 01:38:11'),(228,1,'en','core/acl/users','current_password','Current password','2023-11-08 01:38:11','2023-11-08 01:38:11'),(229,1,'en','core/acl/users','new_password','New Password','2023-11-08 01:38:11','2023-11-08 01:38:11'),(230,1,'en','core/acl/users','confirm_new_password','Confirm New Password','2023-11-08 01:38:11','2023-11-08 01:38:11'),(231,1,'en','core/acl/users','password','Password','2023-11-08 01:38:11','2023-11-08 01:38:11'),(232,1,'en','core/acl/users','save','Save','2023-11-08 01:38:11','2023-11-08 01:38:11'),(233,1,'en','core/acl/users','cannot_delete','User could not be deleted','2023-11-08 01:38:11','2023-11-08 01:38:11'),(234,1,'en','core/acl/users','deleted','User deleted','2023-11-08 01:38:11','2023-11-08 01:38:11'),(235,1,'en','core/acl/users','last_login','Last Login','2023-11-08 01:38:11','2023-11-08 01:38:11'),(236,1,'en','core/acl/users','error_update_profile_image','Error when update profile image','2023-11-08 01:38:11','2023-11-08 01:38:11'),(237,1,'en','core/acl/users','email_reminder_template','<h3>Hello :name</h3><p>The system has received a request to restore the password for your account, to complete this task please click the link below.</p><p><a href=\":link\">Reset password now</a></p><p>If not you ask recover password, please ignore this email.</p><p>This email is valid for 60 minutes after receiving the email.</p>','2023-11-08 01:38:11','2023-11-08 01:38:11'),(238,1,'en','core/acl/users','change_profile_image','Change Profile Image','2023-11-08 01:38:11','2023-11-08 01:38:11'),(239,1,'en','core/acl/users','new_image','New Image','2023-11-08 01:38:11','2023-11-08 01:38:11'),(240,1,'en','core/acl/users','loading','Loading','2023-11-08 01:38:11','2023-11-08 01:38:11'),(241,1,'en','core/acl/users','close','Close','2023-11-08 01:38:11','2023-11-08 01:38:11'),(242,1,'en','core/acl/users','update','Update','2023-11-08 01:38:11','2023-11-08 01:38:11'),(243,1,'en','core/acl/users','read_image_failed','Failed to read the image file','2023-11-08 01:38:11','2023-11-08 01:38:11'),(244,1,'en','core/acl/users','users','Users','2023-11-08 01:38:11','2023-11-08 01:38:11'),(245,1,'en','core/acl/users','update_avatar_success','Update profile image successfully!','2023-11-08 01:38:11','2023-11-08 01:38:11'),(246,1,'en','core/acl/users','info.title','User profile','2023-11-08 01:38:11','2023-11-08 01:38:11'),(247,1,'en','core/acl/users','info.first_name','First Name','2023-11-08 01:38:11','2023-11-08 01:38:11'),(248,1,'en','core/acl/users','info.last_name','Last Name','2023-11-08 01:38:11','2023-11-08 01:38:11'),(249,1,'en','core/acl/users','total_users','Total users','2023-11-08 01:38:11','2023-11-08 01:38:11'),(250,1,'en','core/acl/users','statuses.activated','Activated','2023-11-08 01:38:11','2023-11-08 01:38:11'),(251,1,'en','core/acl/users','statuses.deactivated','Deactivated','2023-11-08 01:38:11','2023-11-08 01:38:11'),(252,1,'en','core/acl/users','make_super','Make super','2023-11-08 01:38:11','2023-11-08 01:38:11'),(253,1,'en','core/acl/users','remove_super','Remove super','2023-11-08 01:38:11','2023-11-08 01:38:11'),(254,1,'en','core/acl/users','is_super','Is super?','2023-11-08 01:38:11','2023-11-08 01:38:11'),(255,1,'en','core/acl/users','email_placeholder','Ex: example@gmail.com','2023-11-08 01:38:11','2023-11-08 01:38:11'),(256,1,'en','core/acl/users','password_confirmation','Re-type password','2023-11-08 01:38:11','2023-11-08 01:38:11'),(257,1,'en','core/acl/users','select_role','Select role','2023-11-08 01:38:11','2023-11-08 01:38:11'),(258,1,'en','core/acl/users','create_new_user','Create a new user','2023-11-08 01:38:11','2023-11-08 01:38:11'),(259,1,'en','core/acl/users','cannot_delete_super_user','Permission denied. Cannot delete a super user!','2023-11-08 01:38:11','2023-11-08 01:38:11'),(260,1,'en','core/acl/users','assigned_role','Assigned Role','2023-11-08 01:38:11','2023-11-08 01:38:11'),(261,1,'en','core/acl/users','no_role_assigned','No role assigned','2023-11-08 01:38:11','2023-11-08 01:38:11'),(262,1,'en','core/acl/users','view_user_profile','View user\'s profile','2023-11-08 01:38:11','2023-11-08 01:38:11'),(263,1,'en','core/base/base','yes','Yes','2023-11-08 01:38:11','2023-11-08 01:38:11'),(264,1,'en','core/base/base','no','No','2023-11-08 01:38:11','2023-11-08 01:38:11'),(265,1,'en','core/base/base','is_default','Is default?','2023-11-08 01:38:11','2023-11-08 01:38:11'),(266,1,'en','core/base/base','proc_close_disabled_error','Function proc_close() is disabled. Please contact your hosting provider to enable\n    it. Or you can add to .env: CAN_EXECUTE_COMMAND=false to disable this feature.','2023-11-08 01:38:11','2023-11-08 01:38:11'),(267,1,'en','core/base/base','email_template.header','Email template header','2023-11-08 01:38:11','2023-11-08 01:38:11'),(268,1,'en','core/base/base','email_template.footer','Email template footer','2023-11-08 01:38:11','2023-11-08 01:38:11'),(269,1,'en','core/base/base','email_template.site_title','Site title','2023-11-08 01:38:11','2023-11-08 01:38:11'),(270,1,'en','core/base/base','email_template.site_url','Site URL','2023-11-08 01:38:11','2023-11-08 01:38:11'),(271,1,'en','core/base/base','email_template.site_logo','Site Logo','2023-11-08 01:38:11','2023-11-08 01:38:11'),(272,1,'en','core/base/base','email_template.date_time','Current date time','2023-11-08 01:38:11','2023-11-08 01:38:11'),(273,1,'en','core/base/base','email_template.date_year','Current year','2023-11-08 01:38:11','2023-11-08 01:38:11'),(274,1,'en','core/base/base','email_template.site_admin_email','Site admin email','2023-11-08 01:38:11','2023-11-08 01:38:11'),(275,1,'en','core/base/base','email_template.twig.tag.apply','The apply tag allows you to apply Twig filters','2023-11-08 01:38:11','2023-11-08 01:38:11'),(276,1,'en','core/base/base','email_template.twig.tag.for','Loop over each item in a sequence','2023-11-08 01:38:11','2023-11-08 01:38:11'),(277,1,'en','core/base/base','email_template.twig.tag.if','The if statement in Twig is comparable with the if statements of PHP','2023-11-08 01:38:11','2023-11-08 01:38:11'),(278,1,'en','core/base/base','change_image','Change image','2023-11-08 01:38:11','2023-11-08 01:38:11'),(279,1,'en','core/base/base','delete_image','Delete image','2023-11-08 01:38:11','2023-11-08 01:38:11'),(280,1,'en','core/base/base','preview_image','Preview image','2023-11-08 01:38:11','2023-11-08 01:38:11'),(281,1,'en','core/base/base','image','Image','2023-11-08 01:38:11','2023-11-08 01:38:11'),(282,1,'en','core/base/base','using_button','Using button','2023-11-08 01:38:11','2023-11-08 01:38:11'),(283,1,'en','core/base/base','select_image','Select image','2023-11-08 01:38:11','2023-11-08 01:38:11'),(284,1,'en','core/base/base','to_add_more_image','to add more images','2023-11-08 01:38:11','2023-11-08 01:38:11'),(285,1,'en','core/base/base','add_image','Add image','2023-11-08 01:38:11','2023-11-08 01:38:11'),(286,1,'en','core/base/base','tools','Tools','2023-11-08 01:38:11','2023-11-08 01:38:11'),(287,1,'en','core/base/cache','cache_management','Cache management','2023-11-08 01:38:11','2023-11-08 01:38:11'),(288,1,'en','core/base/cache','cache_commands','Clear cache commands','2023-11-08 01:38:11','2023-11-08 01:38:11'),(289,1,'en','core/base/cache','commands.clear_cms_cache.title','Clear all CMS cache','2023-11-08 01:38:11','2023-11-08 01:38:11'),(290,1,'en','core/base/cache','commands.clear_cms_cache.description','Clear CMS caching: database caching, static blocks... Run this command when you don\'t see the changes after updating data.','2023-11-08 01:38:12','2023-11-08 01:38:12'),(291,1,'en','core/base/cache','commands.clear_cms_cache.success_msg','Cache cleaned','2023-11-08 01:38:12','2023-11-08 01:38:12'),(292,1,'en','core/base/cache','commands.refresh_compiled_views.title','Refresh compiled views','2023-11-08 01:38:12','2023-11-08 01:38:12'),(293,1,'en','core/base/cache','commands.refresh_compiled_views.description','Clear compiled views to make views up to date.','2023-11-08 01:38:12','2023-11-08 01:38:12'),(294,1,'en','core/base/cache','commands.refresh_compiled_views.success_msg','Cache view refreshed','2023-11-08 01:38:12','2023-11-08 01:38:12'),(295,1,'en','core/base/cache','commands.clear_config_cache.title','Clear config cache','2023-11-08 01:38:12','2023-11-08 01:38:12'),(296,1,'en','core/base/cache','commands.clear_config_cache.description','You might need to refresh the config caching when you change something on production environment.','2023-11-08 01:38:12','2023-11-08 01:38:12'),(297,1,'en','core/base/cache','commands.clear_config_cache.success_msg','Config cache cleaned','2023-11-08 01:38:12','2023-11-08 01:38:12'),(298,1,'en','core/base/cache','commands.clear_route_cache.title','Clear route cache','2023-11-08 01:38:12','2023-11-08 01:38:12'),(299,1,'en','core/base/cache','commands.clear_route_cache.description','Clear cache routing.','2023-11-08 01:38:12','2023-11-08 01:38:12'),(300,1,'en','core/base/cache','commands.clear_route_cache.success_msg','The route cache has been cleaned','2023-11-08 01:38:12','2023-11-08 01:38:12'),(301,1,'en','core/base/cache','commands.clear_log.title','Clear log','2023-11-08 01:38:12','2023-11-08 01:38:12'),(302,1,'en','core/base/cache','commands.clear_log.description','Clear system log files','2023-11-08 01:38:12','2023-11-08 01:38:12'),(303,1,'en','core/base/cache','commands.clear_log.success_msg','The system log has been cleaned','2023-11-08 01:38:12','2023-11-08 01:38:12'),(304,1,'en','core/base/enums','statuses.draft','Draft','2023-11-08 01:38:12','2023-11-08 01:38:12'),(305,1,'en','core/base/enums','statuses.pending','Pending','2023-11-08 01:38:12','2023-11-08 01:38:12'),(306,1,'en','core/base/enums','statuses.published','Published','2023-11-08 01:38:12','2023-11-08 01:38:12'),(307,1,'en','core/base/enums','system_updater_steps.download','Download update files','2023-11-08 01:38:12','2023-11-08 01:38:12'),(308,1,'en','core/base/enums','system_updater_steps.update_files','Update system files','2023-11-08 01:38:12','2023-11-08 01:38:12'),(309,1,'en','core/base/enums','system_updater_steps.update_database','Update databases','2023-11-08 01:38:12','2023-11-08 01:38:12'),(310,1,'en','core/base/enums','system_updater_steps.publish_core_assets','Publish core assets','2023-11-08 01:38:12','2023-11-08 01:38:12'),(311,1,'en','core/base/enums','system_updater_steps.publish_packages_assets','Publish packages assets','2023-11-08 01:38:12','2023-11-08 01:38:12'),(312,1,'en','core/base/enums','system_updater_steps.clean_up','Clean up system update files','2023-11-08 01:38:12','2023-11-08 01:38:12'),(313,1,'en','core/base/enums','system_updater_steps.done','System updated successfully','2023-11-08 01:38:12','2023-11-08 01:38:12'),(314,1,'en','core/base/enums','system_updater_steps.messages.download','Downloading update files...','2023-11-08 01:38:12','2023-11-08 01:38:12'),(315,1,'en','core/base/enums','system_updater_steps.messages.update_files','Updating system files...','2023-11-08 01:38:12','2023-11-08 01:38:12'),(316,1,'en','core/base/enums','system_updater_steps.messages.update_database','Updating databases...','2023-11-08 01:38:12','2023-11-08 01:38:12'),(317,1,'en','core/base/enums','system_updater_steps.messages.publish_core_assets','Publishing core assets...','2023-11-08 01:38:12','2023-11-08 01:38:12'),(318,1,'en','core/base/enums','system_updater_steps.messages.publish_packages_assets','Publishing packages assets...','2023-11-08 01:38:12','2023-11-08 01:38:12'),(319,1,'en','core/base/enums','system_updater_steps.messages.clean_up','Cleaning up system update files...','2023-11-08 01:38:12','2023-11-08 01:38:12'),(320,1,'en','core/base/enums','system_updater_steps.messages.done','Done! Your browser will be refreshed in 30 seconds.','2023-11-08 01:38:12','2023-11-08 01:38:12'),(321,1,'en','core/base/enums','system_updater_steps.failed_messages.download','Could not download update files','2023-11-08 01:38:12','2023-11-08 01:38:12'),(322,1,'en','core/base/enums','system_updater_steps.failed_messages.update_files','Could not update system files','2023-11-08 01:38:12','2023-11-08 01:38:12'),(323,1,'en','core/base/enums','system_updater_steps.failed_messages.update_database','Could not update databases','2023-11-08 01:38:12','2023-11-08 01:38:12'),(324,1,'en','core/base/enums','system_updater_steps.failed_messages.publish_core_assets','Could not publish core assets','2023-11-08 01:38:12','2023-11-08 01:38:12'),(325,1,'en','core/base/enums','system_updater_steps.failed_messages.publish_packages_assets','Could not publish packages assets','2023-11-08 01:38:12','2023-11-08 01:38:12'),(326,1,'en','core/base/enums','system_updater_steps.failed_messages.clean_up','Could not clean up system update files','2023-11-08 01:38:12','2023-11-08 01:38:12'),(327,1,'en','core/base/enums','system_updater_steps.success_messages.download','Downloaded update files successfully.','2023-11-08 01:38:12','2023-11-08 01:38:12'),(328,1,'en','core/base/enums','system_updater_steps.success_messages.update_files','Updated system files successfully.','2023-11-08 01:38:12','2023-11-08 01:38:12'),(329,1,'en','core/base/enums','system_updater_steps.success_messages.update_database','Updated databases successfully.','2023-11-08 01:38:12','2023-11-08 01:38:12'),(330,1,'en','core/base/enums','system_updater_steps.success_messages.publish_core_assets','Published core assets successfully.','2023-11-08 01:38:12','2023-11-08 01:38:12'),(331,1,'en','core/base/enums','system_updater_steps.success_messages.publish_packages_assets','Published packages assets successfully.','2023-11-08 01:38:12','2023-11-08 01:38:12'),(332,1,'en','core/base/enums','system_updater_steps.success_messages.clean_up','Cleaned up system update files successfully.','2023-11-08 01:38:12','2023-11-08 01:38:12'),(333,1,'en','core/base/errors','401_title','Permission Denied','2023-11-08 01:38:12','2023-11-08 01:38:12'),(334,1,'en','core/base/errors','401_msg','<li>You have not been granted access to the section by the administrator.</li>\n	                <li>You may have the wrong account type.</li>\n	                <li>You are not authorized to view the requested resource.</li>\n	                <li>Your subscription may have expired.</li>','2023-11-08 01:38:12','2023-11-08 01:38:12'),(335,1,'en','core/base/errors','404_title','Page could not be found','2023-11-08 01:38:12','2023-11-08 01:38:12'),(336,1,'en','core/base/errors','404_msg','<li>The page you requested does not exist.</li>\n	                <li>The link you clicked is no longer.</li>\n	                <li>The page may have moved to a new location.</li>\n	                <li>An error may have occurred.</li>\n	                <li>You are not authorized to view the requested resource.</li>','2023-11-08 01:38:12','2023-11-08 01:38:12'),(337,1,'en','core/base/errors','500_title','Page could not be loaded','2023-11-08 01:38:12','2023-11-08 01:38:12'),(338,1,'en','core/base/errors','500_msg','<li>The page you requested does not exist.</li>\n	                <li>The link you clicked is no longer.</li>\n	                <li>The page may have moved to a new location.</li>\n	                <li>An error may have occurred.</li>\n	                <li>You are not authorized to view the requested resource.</li>','2023-11-08 01:38:12','2023-11-08 01:38:12'),(339,1,'en','core/base/errors','reasons','This may have occurred because of several reasons','2023-11-08 01:38:12','2023-11-08 01:38:12'),(340,1,'en','core/base/errors','try_again','Please try again in a few minutes, or alternatively return to the homepage by <a href=\":link\">clicking here</a>.','2023-11-08 01:38:12','2023-11-08 01:38:12'),(341,1,'en','core/base/errors','not_found','Not Found','2023-11-08 01:38:12','2023-11-08 01:38:12'),(342,1,'en','core/base/errors','results_not_found','Results not found!','2023-11-08 01:38:12','2023-11-08 01:38:12'),(343,1,'en','core/base/errors','error_when_sending_email','Error when sending email. Something wrong with your email settings in Admin → Settings → Email, please check your settings again.','2023-11-08 01:38:12','2023-11-08 01:38:12'),(344,1,'en','core/base/forms','choose_image','Choose image','2023-11-08 01:38:12','2023-11-08 01:38:12'),(345,1,'en','core/base/forms','actions','Actions','2023-11-08 01:38:12','2023-11-08 01:38:12'),(346,1,'en','core/base/forms','save','Save & Exit','2023-11-08 01:38:12','2023-11-08 01:38:12'),(347,1,'en','core/base/forms','save_and_continue','Save','2023-11-08 01:38:12','2023-11-08 01:38:12'),(348,1,'en','core/base/forms','image','Image','2023-11-08 01:38:12','2023-11-08 01:38:12'),(349,1,'en','core/base/forms','image_placeholder','Insert path of image or click upload button','2023-11-08 01:38:12','2023-11-08 01:38:12'),(350,1,'en','core/base/forms','create','Create','2023-11-08 01:38:12','2023-11-08 01:38:12'),(351,1,'en','core/base/forms','edit','Edit','2023-11-08 01:38:12','2023-11-08 01:38:12'),(352,1,'en','core/base/forms','permalink','Permalink','2023-11-08 01:38:12','2023-11-08 01:38:12'),(353,1,'en','core/base/forms','ok','OK','2023-11-08 01:38:12','2023-11-08 01:38:12'),(354,1,'en','core/base/forms','cancel','Cancel','2023-11-08 01:38:12','2023-11-08 01:38:12'),(355,1,'en','core/base/forms','character_remain','character(s) remain','2023-11-08 01:38:12','2023-11-08 01:38:12'),(356,1,'en','core/base/forms','template','Template','2023-11-08 01:38:12','2023-11-08 01:38:12'),(357,1,'en','core/base/forms','choose_file','Choose file','2023-11-08 01:38:12','2023-11-08 01:38:12'),(358,1,'en','core/base/forms','file','File','2023-11-08 01:38:12','2023-11-08 01:38:12'),(359,1,'en','core/base/forms','content','Content','2023-11-08 01:38:12','2023-11-08 01:38:12'),(360,1,'en','core/base/forms','description','Description','2023-11-08 01:38:12','2023-11-08 01:38:12'),(361,1,'en','core/base/forms','name','Name','2023-11-08 01:38:12','2023-11-08 01:38:12'),(362,1,'en','core/base/forms','slug','Slug','2023-11-08 01:38:12','2023-11-08 01:38:12'),(363,1,'en','core/base/forms','title','Title','2023-11-08 01:38:12','2023-11-08 01:38:12'),(364,1,'en','core/base/forms','value','Value','2023-11-08 01:38:12','2023-11-08 01:38:12'),(365,1,'en','core/base/forms','name_placeholder','Name','2023-11-08 01:38:12','2023-11-08 01:38:12'),(366,1,'en','core/base/forms','alias_placeholder','Alias','2023-11-08 01:38:12','2023-11-08 01:38:12'),(367,1,'en','core/base/forms','description_placeholder','Short description','2023-11-08 01:38:12','2023-11-08 01:38:12'),(368,1,'en','core/base/forms','parent','Parent','2023-11-08 01:38:12','2023-11-08 01:38:12'),(369,1,'en','core/base/forms','icon','Icon','2023-11-08 01:38:12','2023-11-08 01:38:12'),(370,1,'en','core/base/forms','icon_placeholder','Ex: fa fa-home','2023-11-08 01:38:12','2023-11-08 01:38:12'),(371,1,'en','core/base/forms','order_by','Order by','2023-11-08 01:38:12','2023-11-08 01:38:12'),(372,1,'en','core/base/forms','order_by_placeholder','Order by','2023-11-08 01:38:12','2023-11-08 01:38:12'),(373,1,'en','core/base/forms','is_featured','Is featured?','2023-11-08 01:38:12','2023-11-08 01:38:12'),(374,1,'en','core/base/forms','is_default','Is default?','2023-11-08 01:38:12','2023-11-08 01:38:12'),(375,1,'en','core/base/forms','update','Update','2023-11-08 01:38:12','2023-11-08 01:38:12'),(376,1,'en','core/base/forms','publish','Publish','2023-11-08 01:38:12','2023-11-08 01:38:12'),(377,1,'en','core/base/forms','remove_image','Remove image','2023-11-08 01:38:12','2023-11-08 01:38:12'),(378,1,'en','core/base/forms','remove_file','Remove file','2023-11-08 01:38:12','2023-11-08 01:38:12'),(379,1,'en','core/base/forms','order','Order','2023-11-08 01:38:12','2023-11-08 01:38:12'),(380,1,'en','core/base/forms','alias','Alias','2023-11-08 01:38:12','2023-11-08 01:38:12'),(381,1,'en','core/base/forms','basic_information','Basic information','2023-11-08 01:38:12','2023-11-08 01:38:12'),(382,1,'en','core/base/forms','short_code','Shortcode','2023-11-08 01:38:12','2023-11-08 01:38:12'),(383,1,'en','core/base/forms','add_short_code','Add a shortcode','2023-11-08 01:38:12','2023-11-08 01:38:12'),(384,1,'en','core/base/forms','add','Add','2023-11-08 01:38:12','2023-11-08 01:38:12'),(385,1,'en','core/base/forms','link','Link','2023-11-08 01:38:12','2023-11-08 01:38:12'),(386,1,'en','core/base/forms','show_hide_editor','Show/Hide Editor','2023-11-08 01:38:12','2023-11-08 01:38:12'),(387,1,'en','core/base/forms','basic_info_title','Basic information','2023-11-08 01:38:12','2023-11-08 01:38:12'),(388,1,'en','core/base/forms','expand_all','Expand all','2023-11-08 01:38:12','2023-11-08 01:38:12'),(389,1,'en','core/base/forms','collapse_all','Collapse all','2023-11-08 01:38:12','2023-11-08 01:38:12'),(390,1,'en','core/base/forms','view_new_tab','Open in new tab','2023-11-08 01:38:12','2023-11-08 01:38:12'),(391,1,'en','core/base/forms','view_preview_image','View preview image','2023-11-08 01:38:12','2023-11-08 01:38:12'),(392,1,'en','core/base/forms','edit_item','Edit \":name\"','2023-11-08 01:38:12','2023-11-08 01:38:12'),(393,1,'en','core/base/layouts','platform_admin','Platform Administration','2023-11-08 01:38:12','2023-11-08 01:38:12'),(394,1,'en','core/base/layouts','dashboard','Dashboard','2023-11-08 01:38:12','2023-11-08 01:38:12'),(395,1,'en','core/base/layouts','widgets','Widgets','2023-11-08 01:38:12','2023-11-08 01:38:12'),(396,1,'en','core/base/layouts','plugins','Plugins','2023-11-08 01:38:12','2023-11-08 01:38:12'),(397,1,'en','core/base/layouts','settings','Settings','2023-11-08 01:38:12','2023-11-08 01:38:12'),(398,1,'en','core/base/layouts','setting_general','General','2023-11-08 01:38:12','2023-11-08 01:38:12'),(399,1,'en','core/base/layouts','setting_email','Email','2023-11-08 01:38:12','2023-11-08 01:38:12'),(400,1,'en','core/base/layouts','system_information','System information','2023-11-08 01:38:12','2023-11-08 01:38:12'),(401,1,'en','core/base/layouts','theme','Theme','2023-11-08 01:38:12','2023-11-08 01:38:12'),(402,1,'en','core/base/layouts','copyright','Copyright :year &copy; :company. Version: <span>:version</span>','2023-11-08 01:38:12','2023-11-08 01:38:12'),(403,1,'en','core/base/layouts','profile','Profile','2023-11-08 01:38:12','2023-11-08 01:38:12'),(404,1,'en','core/base/layouts','logout','Logout','2023-11-08 01:38:12','2023-11-08 01:38:12'),(405,1,'en','core/base/layouts','no_search_result','No results found, please try with different keywords.','2023-11-08 01:38:12','2023-11-08 01:38:12'),(406,1,'en','core/base/layouts','home','Home','2023-11-08 01:38:12','2023-11-08 01:38:12'),(407,1,'en','core/base/layouts','search','Search','2023-11-08 01:38:12','2023-11-08 01:38:12'),(408,1,'en','core/base/layouts','add_new','Add new','2023-11-08 01:38:12','2023-11-08 01:38:12'),(409,1,'en','core/base/layouts','n_a','N/A','2023-11-08 01:38:12','2023-11-08 01:38:12'),(410,1,'en','core/base/layouts','page_loaded_time','Page loaded in','2023-11-08 01:38:12','2023-11-08 01:38:12'),(411,1,'en','core/base/layouts','view_website','View website','2023-11-08 01:38:12','2023-11-08 01:38:12'),(412,1,'en','core/base/notices','create_success_message','Created successfully','2023-11-08 01:38:12','2023-11-08 01:38:12'),(413,1,'en','core/base/notices','update_success_message','Updated successfully','2023-11-08 01:38:12','2023-11-08 01:38:12'),(414,1,'en','core/base/notices','delete_success_message','Deleted successfully','2023-11-08 01:38:12','2023-11-08 01:38:12'),(415,1,'en','core/base/notices','success_header','Success!','2023-11-08 01:38:12','2023-11-08 01:38:12'),(416,1,'en','core/base/notices','error_header','Error!','2023-11-08 01:38:12','2023-11-08 01:38:12'),(417,1,'en','core/base/notices','no_select','Please select at least one record to perform this action!','2023-11-08 01:38:12','2023-11-08 01:38:12'),(418,1,'en','core/base/notices','processing_request','We are processing your request.','2023-11-08 01:38:12','2023-11-08 01:38:12'),(419,1,'en','core/base/notices','error','Error!','2023-11-08 01:38:12','2023-11-08 01:38:12'),(420,1,'en','core/base/notices','success','Success!','2023-11-08 01:38:12','2023-11-08 01:38:12'),(421,1,'en','core/base/notices','info','Info!','2023-11-08 01:38:12','2023-11-08 01:38:12'),(422,1,'en','core/base/notices','enum.validate_message','The :attribute value you have entered is invalid.','2023-11-08 01:38:12','2023-11-08 01:38:12'),(423,1,'en','core/base/notifications','notifications','Notifications','2023-11-08 01:38:12','2023-11-08 01:38:12'),(424,1,'en','core/base/notifications','mark_as_read','Mark as read','2023-11-08 01:38:12','2023-11-08 01:38:12'),(425,1,'en','core/base/notifications','clear','Clear','2023-11-08 01:38:12','2023-11-08 01:38:12'),(426,1,'en','core/base/notifications','no_notification_here','No notifications here','2023-11-08 01:38:12','2023-11-08 01:38:12'),(427,1,'en','core/base/notifications','please_check_again_later','Please check again later','2023-11-08 01:38:12','2023-11-08 01:38:12'),(428,1,'en','core/base/notifications','view_more','View more...','2023-11-08 01:38:12','2023-11-08 01:38:12'),(429,1,'en','core/base/notifications','view','View','2023-11-08 01:38:12','2023-11-08 01:38:12'),(430,1,'en','core/base/notifications','show_more','Show more','2023-11-08 01:38:12','2023-11-08 01:38:12'),(431,1,'en','core/base/notifications','show_less','Show less','2023-11-08 01:38:12','2023-11-08 01:38:12'),(432,1,'en','core/base/system','no_select','Please select at least one record to take this action!','2023-11-08 01:38:12','2023-11-08 01:38:12'),(433,1,'en','core/base/system','cannot_find_user','Unable to find specified user','2023-11-08 01:38:12','2023-11-08 01:38:12'),(434,1,'en','core/base/system','supper_revoked','Super user access revoked','2023-11-08 01:38:12','2023-11-08 01:38:12'),(435,1,'en','core/base/system','cannot_revoke_yourself','Can not revoke supper user access permission yourself!','2023-11-08 01:38:12','2023-11-08 01:38:12'),(436,1,'en','core/base/system','cant_remove_supper','You don\'t has permission to remove this super user','2023-11-08 01:38:12','2023-11-08 01:38:12'),(437,1,'en','core/base/system','cant_find_user_with_email','Unable to find user with specified email address','2023-11-08 01:38:13','2023-11-08 01:38:13'),(438,1,'en','core/base/system','supper_granted','Super user access granted','2023-11-08 01:38:13','2023-11-08 01:38:13'),(439,1,'en','core/base/system','delete_log_success','Delete log file successfully!','2023-11-08 01:38:13','2023-11-08 01:38:13'),(440,1,'en','core/base/system','get_member_success','Member list retrieved successfully','2023-11-08 01:38:13','2023-11-08 01:38:13'),(441,1,'en','core/base/system','error_occur','The following errors occurred','2023-11-08 01:38:13','2023-11-08 01:38:13'),(442,1,'en','core/base/system','user_management','User Management','2023-11-08 01:38:13','2023-11-08 01:38:13'),(443,1,'en','core/base/system','user_management_description','Manage users.','2023-11-08 01:38:13','2023-11-08 01:38:13'),(444,1,'en','core/base/system','role_and_permission','Roles and Permissions','2023-11-08 01:38:13','2023-11-08 01:38:13'),(445,1,'en','core/base/system','role_and_permission_description','Manage the available roles.','2023-11-08 01:38:13','2023-11-08 01:38:13'),(446,1,'en','core/base/system','user.list_super','List Super Users','2023-11-08 01:38:13','2023-11-08 01:38:13'),(447,1,'en','core/base/system','user.email','Email','2023-11-08 01:38:13','2023-11-08 01:38:13'),(448,1,'en','core/base/system','user.last_login','Last Login','2023-11-08 01:38:13','2023-11-08 01:38:13'),(449,1,'en','core/base/system','user.username','Username','2023-11-08 01:38:13','2023-11-08 01:38:13'),(450,1,'en','core/base/system','user.add_user','Add Super User','2023-11-08 01:38:13','2023-11-08 01:38:13'),(451,1,'en','core/base/system','user.cancel','Cancel','2023-11-08 01:38:13','2023-11-08 01:38:13'),(452,1,'en','core/base/system','user.create','Create','2023-11-08 01:38:13','2023-11-08 01:38:13'),(453,1,'en','core/base/system','options.features','Feature Access Control','2023-11-08 01:38:13','2023-11-08 01:38:13'),(454,1,'en','core/base/system','options.feature_description','Manage the available.','2023-11-08 01:38:13','2023-11-08 01:38:13'),(455,1,'en','core/base/system','options.manage_super','Super User Management','2023-11-08 01:38:13','2023-11-08 01:38:13'),(456,1,'en','core/base/system','options.manage_super_description','Add/remove super users.','2023-11-08 01:38:13','2023-11-08 01:38:13'),(457,1,'en','core/base/system','options.info','System information','2023-11-08 01:38:13','2023-11-08 01:38:13'),(458,1,'en','core/base/system','options.info_description','All information about current system configuration.','2023-11-08 01:38:13','2023-11-08 01:38:13'),(459,1,'en','core/base/system','info.title','System information','2023-11-08 01:38:13','2023-11-08 01:38:13'),(460,1,'en','core/base/system','info.cache','Cache','2023-11-08 01:38:13','2023-11-08 01:38:13'),(461,1,'en','core/base/system','info.locale','Active locale','2023-11-08 01:38:13','2023-11-08 01:38:13'),(462,1,'en','core/base/system','info.environment','Environment','2023-11-08 01:38:13','2023-11-08 01:38:13'),(463,1,'en','core/base/system','disabled_in_demo_mode','You cannot do it in demo mode!','2023-11-08 01:38:13','2023-11-08 01:38:13'),(464,1,'en','core/base/system','report_description','Please share this information for troubleshooting','2023-11-08 01:38:13','2023-11-08 01:38:13'),(465,1,'en','core/base/system','get_system_report','Get System Report','2023-11-08 01:38:13','2023-11-08 01:38:13'),(466,1,'en','core/base/system','system_environment','System Environment','2023-11-08 01:38:13','2023-11-08 01:38:13'),(467,1,'en','core/base/system','framework_version','Framework Version','2023-11-08 01:38:13','2023-11-08 01:38:13'),(468,1,'en','core/base/system','timezone','Timezone','2023-11-08 01:38:13','2023-11-08 01:38:13'),(469,1,'en','core/base/system','debug_mode','Debug Mode','2023-11-08 01:38:13','2023-11-08 01:38:13'),(470,1,'en','core/base/system','debug_mode_off','Debug Mode Off','2023-11-08 01:38:13','2023-11-08 01:38:13'),(471,1,'en','core/base/system','storage_dir_writable','Storage Dir Writable','2023-11-08 01:38:13','2023-11-08 01:38:13'),(472,1,'en','core/base/system','cache_dir_writable','Cache Dir Writable','2023-11-08 01:38:13','2023-11-08 01:38:13'),(473,1,'en','core/base/system','app_size','App Size','2023-11-08 01:38:13','2023-11-08 01:38:13'),(474,1,'en','core/base/system','server_environment','Server Environment','2023-11-08 01:38:13','2023-11-08 01:38:13'),(475,1,'en','core/base/system','php_version','PHP Version','2023-11-08 01:38:13','2023-11-08 01:38:13'),(476,1,'en','core/base/system','php_version_error','PHP must be >= :version','2023-11-08 01:38:13','2023-11-08 01:38:13'),(477,1,'en','core/base/system','server_software','Server Software','2023-11-08 01:38:13','2023-11-08 01:38:13'),(478,1,'en','core/base/system','server_os','Server OS','2023-11-08 01:38:13','2023-11-08 01:38:13'),(479,1,'en','core/base/system','database','Database','2023-11-08 01:38:13','2023-11-08 01:38:13'),(480,1,'en','core/base/system','ssl_installed','SSL Installed','2023-11-08 01:38:13','2023-11-08 01:38:13'),(481,1,'en','core/base/system','cache_driver','Cache Driver','2023-11-08 01:38:13','2023-11-08 01:38:13'),(482,1,'en','core/base/system','session_driver','Session Driver','2023-11-08 01:38:13','2023-11-08 01:38:13'),(483,1,'en','core/base/system','queue_connection','Queue Connection','2023-11-08 01:38:13','2023-11-08 01:38:13'),(484,1,'en','core/base/system','mbstring_ext','Mbstring Ext','2023-11-08 01:38:13','2023-11-08 01:38:13'),(485,1,'en','core/base/system','openssl_ext','OpenSSL Ext','2023-11-08 01:38:13','2023-11-08 01:38:13'),(486,1,'en','core/base/system','pdo_ext','PDO Ext','2023-11-08 01:38:13','2023-11-08 01:38:13'),(487,1,'en','core/base/system','curl_ext','CURL Ext','2023-11-08 01:38:13','2023-11-08 01:38:13'),(488,1,'en','core/base/system','exif_ext','Exif Ext','2023-11-08 01:38:13','2023-11-08 01:38:13'),(489,1,'en','core/base/system','file_info_ext','File info Ext','2023-11-08 01:38:13','2023-11-08 01:38:13'),(490,1,'en','core/base/system','tokenizer_ext','Tokenizer Ext','2023-11-08 01:38:13','2023-11-08 01:38:13'),(491,1,'en','core/base/system','extra_stats','Extra Stats','2023-11-08 01:38:13','2023-11-08 01:38:13'),(492,1,'en','core/base/system','installed_packages','Installed packages and their version numbers','2023-11-08 01:38:13','2023-11-08 01:38:13'),(493,1,'en','core/base/system','extra_information','Extra Information','2023-11-08 01:38:13','2023-11-08 01:38:13'),(494,1,'en','core/base/system','copy_report','Copy Report','2023-11-08 01:38:13','2023-11-08 01:38:13'),(495,1,'en','core/base/system','package_name','Package Name','2023-11-08 01:38:13','2023-11-08 01:38:13'),(496,1,'en','core/base/system','dependency_name','Dependency Name','2023-11-08 01:38:13','2023-11-08 01:38:13'),(497,1,'en','core/base/system','version','Version','2023-11-08 01:38:13','2023-11-08 01:38:13'),(498,1,'en','core/base/system','cms_version','CMS Version','2023-11-08 01:38:13','2023-11-08 01:38:13'),(499,1,'en','core/base/system','imagick_or_gd_ext','Imagick/GD Ext','2023-11-08 01:38:13','2023-11-08 01:38:13'),(500,1,'en','core/base/system','updater','System Updater','2023-11-08 01:38:13','2023-11-08 01:38:13'),(501,1,'en','core/base/system','zip','Zip Ext','2023-11-08 01:38:13','2023-11-08 01:38:13'),(502,1,'en','core/base/system','iconv','Iconv Ext','2023-11-08 01:38:13','2023-11-08 01:38:13'),(503,1,'en','core/base/system','memory_limit','Memory limit','2023-11-08 01:38:13','2023-11-08 01:38:13'),(504,1,'en','core/base/system','max_execution_time','Max execution time (s)','2023-11-08 01:38:13','2023-11-08 01:38:13'),(505,1,'en','core/base/system','allow_url_fopen_enabled','allow_url_fopen enabled','2023-11-08 01:38:13','2023-11-08 01:38:13'),(506,1,'en','core/base/system','cleanup.title','Cleanup System','2023-11-08 01:38:13','2023-11-08 01:38:13'),(507,1,'en','core/base/system','cleanup.table.name','Table Name','2023-11-08 01:38:13','2023-11-08 01:38:13'),(508,1,'en','core/base/system','cleanup.table.count','Records','2023-11-08 01:38:13','2023-11-08 01:38:13'),(509,1,'en','core/base/system','cleanup.backup_alert','Please backup your database and script files before cleanup, it will clear your data in database.','2023-11-08 01:38:13','2023-11-08 01:38:13'),(510,1,'en','core/base/system','cleanup.messenger_choose_without_table','Please choose to ignore tables that do not want to be cleaned','2023-11-08 01:38:13','2023-11-08 01:38:13'),(511,1,'en','core/base/system','cleanup.messenger_confirm_cleanup','Are you sure you want to database cleanup action, it will clear your data in database?','2023-11-08 01:38:13','2023-11-08 01:38:13'),(512,1,'en','core/base/system','cleanup.submit_button','Cleanup','2023-11-08 01:38:13','2023-11-08 01:38:13'),(513,1,'en','core/base/system','cleanup.success_message','Cleaned data successfully','2023-11-08 01:38:13','2023-11-08 01:38:13'),(514,1,'en','core/base/system','cleanup.not_enabled_yet','This featured is not enabled yet. <br />Please add into .env: <code>CMS_ENABLED_CLEANUP_DATABASE=true</code> to enable this feature!','2023-11-08 01:38:13','2023-11-08 01:38:13'),(515,1,'en','core/base/tables','id','ID','2023-11-08 01:38:13','2023-11-08 01:38:13'),(516,1,'en','core/base/tables','name','Name','2023-11-08 01:38:13','2023-11-08 01:38:13'),(517,1,'en','core/base/tables','slug','Slug','2023-11-08 01:38:13','2023-11-08 01:38:13'),(518,1,'en','core/base/tables','title','Title','2023-11-08 01:38:13','2023-11-08 01:38:13'),(519,1,'en','core/base/tables','order_by','Order By','2023-11-08 01:38:13','2023-11-08 01:38:13'),(520,1,'en','core/base/tables','order','Order','2023-11-08 01:38:13','2023-11-08 01:38:13'),(521,1,'en','core/base/tables','status','Status','2023-11-08 01:38:13','2023-11-08 01:38:13'),(522,1,'en','core/base/tables','created_at','Created At','2023-11-08 01:38:13','2023-11-08 01:38:13'),(523,1,'en','core/base/tables','updated_at','Updated At','2023-11-08 01:38:13','2023-11-08 01:38:13'),(524,1,'en','core/base/tables','description','Description','2023-11-08 01:38:13','2023-11-08 01:38:13'),(525,1,'en','core/base/tables','operations','Operations','2023-11-08 01:38:13','2023-11-08 01:38:13'),(526,1,'en','core/base/tables','url','URL','2023-11-08 01:38:13','2023-11-08 01:38:13'),(527,1,'en','core/base/tables','author','Author','2023-11-08 01:38:13','2023-11-08 01:38:13'),(528,1,'en','core/base/tables','notes','Notes','2023-11-08 01:38:13','2023-11-08 01:38:13'),(529,1,'en','core/base/tables','column','Column','2023-11-08 01:38:13','2023-11-08 01:38:13'),(530,1,'en','core/base/tables','origin','Origin','2023-11-08 01:38:13','2023-11-08 01:38:13'),(531,1,'en','core/base/tables','after_change','After changes','2023-11-08 01:38:13','2023-11-08 01:38:13'),(532,1,'en','core/base/tables','views','Views','2023-11-08 01:38:13','2023-11-08 01:38:13'),(533,1,'en','core/base/tables','browser','Browser','2023-11-08 01:38:13','2023-11-08 01:38:13'),(534,1,'en','core/base/tables','session','Session','2023-11-08 01:38:13','2023-11-08 01:38:13'),(535,1,'en','core/base/tables','activated','activated','2023-11-08 01:38:13','2023-11-08 01:38:13'),(536,1,'en','core/base/tables','deactivated','deactivated','2023-11-08 01:38:13','2023-11-08 01:38:13'),(537,1,'en','core/base/tables','is_featured','Is featured','2023-11-08 01:38:13','2023-11-08 01:38:13'),(538,1,'en','core/base/tables','edit','Edit','2023-11-08 01:38:13','2023-11-08 01:38:13'),(539,1,'en','core/base/tables','delete','Delete','2023-11-08 01:38:13','2023-11-08 01:38:13'),(540,1,'en','core/base/tables','restore','Restore','2023-11-08 01:38:13','2023-11-08 01:38:13'),(541,1,'en','core/base/tables','activate','Activate','2023-11-08 01:38:13','2023-11-08 01:38:13'),(542,1,'en','core/base/tables','deactivate','Deactivate','2023-11-08 01:38:13','2023-11-08 01:38:13'),(543,1,'en','core/base/tables','excel','Excel','2023-11-08 01:38:13','2023-11-08 01:38:13'),(544,1,'en','core/base/tables','export','Export','2023-11-08 01:38:13','2023-11-08 01:38:13'),(545,1,'en','core/base/tables','csv','CSV','2023-11-08 01:38:13','2023-11-08 01:38:13'),(546,1,'en','core/base/tables','pdf','PDF','2023-11-08 01:38:13','2023-11-08 01:38:13'),(547,1,'en','core/base/tables','print','Print','2023-11-08 01:38:13','2023-11-08 01:38:13'),(548,1,'en','core/base/tables','reset','Reset','2023-11-08 01:38:13','2023-11-08 01:38:13'),(549,1,'en','core/base/tables','reload','Reload','2023-11-08 01:38:13','2023-11-08 01:38:13'),(550,1,'en','core/base/tables','display','Display','2023-11-08 01:38:13','2023-11-08 01:38:13'),(551,1,'en','core/base/tables','all','All','2023-11-08 01:38:13','2023-11-08 01:38:13'),(552,1,'en','core/base/tables','add_new','Add New','2023-11-08 01:38:13','2023-11-08 01:38:13'),(553,1,'en','core/base/tables','action','Actions','2023-11-08 01:38:13','2023-11-08 01:38:13'),(554,1,'en','core/base/tables','delete_entry','Delete','2023-11-08 01:38:13','2023-11-08 01:38:13'),(555,1,'en','core/base/tables','view','View Detail','2023-11-08 01:38:13','2023-11-08 01:38:13'),(556,1,'en','core/base/tables','save','Save','2023-11-08 01:38:13','2023-11-08 01:38:13'),(557,1,'en','core/base/tables','show_from','Show from','2023-11-08 01:38:13','2023-11-08 01:38:13'),(558,1,'en','core/base/tables','to','to','2023-11-08 01:38:13','2023-11-08 01:38:13'),(559,1,'en','core/base/tables','in','in','2023-11-08 01:38:13','2023-11-08 01:38:13'),(560,1,'en','core/base/tables','records','records','2023-11-08 01:38:13','2023-11-08 01:38:13'),(561,1,'en','core/base/tables','no_data','No data to display','2023-11-08 01:38:13','2023-11-08 01:38:13'),(562,1,'en','core/base/tables','no_record','No record','2023-11-08 01:38:13','2023-11-08 01:38:13'),(563,1,'en','core/base/tables','confirm_delete','Confirm delete','2023-11-08 01:38:13','2023-11-08 01:38:13'),(564,1,'en','core/base/tables','confirm_delete_msg','Do you really want to delete this record?','2023-11-08 01:38:13','2023-11-08 01:38:13'),(565,1,'en','core/base/tables','confirm_delete_many_msg','Do you really want to delete selected record(s)?','2023-11-08 01:38:13','2023-11-08 01:38:13'),(566,1,'en','core/base/tables','cancel','Cancel','2023-11-08 01:38:13','2023-11-08 01:38:13'),(567,1,'en','core/base/tables','template','Template','2023-11-08 01:38:13','2023-11-08 01:38:13'),(568,1,'en','core/base/tables','email','Email','2023-11-08 01:38:13','2023-11-08 01:38:13'),(569,1,'en','core/base/tables','last_login','Last login','2023-11-08 01:38:13','2023-11-08 01:38:13'),(570,1,'en','core/base/tables','shortcode','Shortcode','2023-11-08 01:38:13','2023-11-08 01:38:13'),(571,1,'en','core/base/tables','image','Image','2023-11-08 01:38:13','2023-11-08 01:38:13'),(572,1,'en','core/base/tables','bulk_changes','Bulk changes','2023-11-08 01:38:13','2023-11-08 01:38:13'),(573,1,'en','core/base/tables','submit','Submit','2023-11-08 01:38:13','2023-11-08 01:38:13'),(574,1,'en','core/base/tables','please_select_record','Please select at least one record to perform this action!','2023-11-08 01:38:13','2023-11-08 01:38:13'),(575,1,'en','core/base/tables','checkbox','Checkbox','2023-11-08 01:38:13','2023-11-08 01:38:13'),(576,1,'en','core/base/tabs','detail','Detail','2023-11-08 01:38:13','2023-11-08 01:38:13'),(577,1,'en','core/base/tabs','file','Files','2023-11-08 01:38:13','2023-11-08 01:38:13'),(578,1,'en','core/base/tabs','record_note','Record Note','2023-11-08 01:38:13','2023-11-08 01:38:13'),(579,1,'en','core/base/tabs','revision','Revision History','2023-11-08 01:38:13','2023-11-08 01:38:13'),(580,1,'en','core/dashboard/dashboard','update_position_success','Update widget position successfully!','2023-11-08 01:38:13','2023-11-08 01:38:13'),(581,1,'en','core/dashboard/dashboard','hide_success','Update widget successfully!','2023-11-08 01:38:13','2023-11-08 01:38:13'),(582,1,'en','core/dashboard/dashboard','confirm_hide','Are you sure?','2023-11-08 01:38:13','2023-11-08 01:38:13'),(583,1,'en','core/dashboard/dashboard','hide_message','Do you really want to hide this widget? It will be disappear on Dashboard!','2023-11-08 01:38:13','2023-11-08 01:38:13'),(584,1,'en','core/dashboard/dashboard','confirm_hide_btn','Yes, hide this widget','2023-11-08 01:38:13','2023-11-08 01:38:13'),(585,1,'en','core/dashboard/dashboard','cancel_hide_btn','Cancel','2023-11-08 01:38:13','2023-11-08 01:38:13'),(586,1,'en','core/dashboard/dashboard','collapse_expand','Collapse/Expand','2023-11-08 01:38:13','2023-11-08 01:38:13'),(587,1,'en','core/dashboard/dashboard','hide','Hide','2023-11-08 01:38:13','2023-11-08 01:38:13'),(588,1,'en','core/dashboard/dashboard','reload','Reload','2023-11-08 01:38:13','2023-11-08 01:38:13'),(589,1,'en','core/dashboard/dashboard','save_setting_success','Save widget settings successfully!','2023-11-08 01:38:13','2023-11-08 01:38:13'),(590,1,'en','core/dashboard/dashboard','widget_not_exists','Widget is not exits!','2023-11-08 01:38:13','2023-11-08 01:38:13'),(591,1,'en','core/dashboard/dashboard','manage_widgets','Manage Widgets','2023-11-08 01:38:13','2023-11-08 01:38:13'),(592,1,'en','core/dashboard/dashboard','fullscreen','Full screen','2023-11-08 01:38:13','2023-11-08 01:38:13'),(593,1,'en','core/dashboard/dashboard','title','Dashboard','2023-11-08 01:38:13','2023-11-08 01:38:13'),(594,1,'en','core/dashboard/dashboard','predefined_ranges.today','Today','2023-11-08 01:38:13','2023-11-08 01:38:13'),(595,1,'en','core/dashboard/dashboard','predefined_ranges.yesterday','Yesterday','2023-11-08 01:38:13','2023-11-08 01:38:13'),(596,1,'en','core/dashboard/dashboard','predefined_ranges.this_week','This Week','2023-11-08 01:38:13','2023-11-08 01:38:13'),(597,1,'en','core/dashboard/dashboard','predefined_ranges.last_7_days','Last 7 Days','2023-11-08 01:38:13','2023-11-08 01:38:13'),(598,1,'en','core/dashboard/dashboard','predefined_ranges.this_month','This Month','2023-11-08 01:38:13','2023-11-08 01:38:13'),(599,1,'en','core/dashboard/dashboard','predefined_ranges.last_30_days','Last 30 Days','2023-11-08 01:38:13','2023-11-08 01:38:13'),(600,1,'en','core/dashboard/dashboard','predefined_ranges.this_year','This Year','2023-11-08 01:38:13','2023-11-08 01:38:13'),(601,1,'en','core/media/media','filter','Filter','2023-11-08 01:38:13','2023-11-08 01:38:13'),(602,1,'en','core/media/media','everything','Everything','2023-11-08 01:38:13','2023-11-08 01:38:13'),(603,1,'en','core/media/media','image','Image','2023-11-08 01:38:13','2023-11-08 01:38:13'),(604,1,'en','core/media/media','video','Video','2023-11-08 01:38:13','2023-11-08 01:38:13'),(605,1,'en','core/media/media','document','Document','2023-11-08 01:38:13','2023-11-08 01:38:13'),(606,1,'en','core/media/media','view_in','View in','2023-11-08 01:38:13','2023-11-08 01:38:13'),(607,1,'en','core/media/media','all_media','All media','2023-11-08 01:38:13','2023-11-08 01:38:13'),(608,1,'en','core/media/media','trash','Trash','2023-11-08 01:38:13','2023-11-08 01:38:13'),(609,1,'en','core/media/media','recent','Recent','2023-11-08 01:38:13','2023-11-08 01:38:13'),(610,1,'en','core/media/media','favorites','Favorites','2023-11-08 01:38:14','2023-11-08 01:38:14'),(611,1,'en','core/media/media','upload','Upload','2023-11-08 01:38:14','2023-11-08 01:38:14'),(612,1,'en','core/media/media','create_folder','Create folder','2023-11-08 01:38:14','2023-11-08 01:38:14'),(613,1,'en','core/media/media','refresh','Refresh','2023-11-08 01:38:14','2023-11-08 01:38:14'),(614,1,'en','core/media/media','empty_trash','Empty trash','2023-11-08 01:38:14','2023-11-08 01:38:14'),(615,1,'en','core/media/media','search_file_and_folder','Search in current folder','2023-11-08 01:38:14','2023-11-08 01:38:14'),(616,1,'en','core/media/media','sort','Sort','2023-11-08 01:38:14','2023-11-08 01:38:14'),(617,1,'en','core/media/media','file_name_asc','File name - ASC','2023-11-08 01:38:14','2023-11-08 01:38:14'),(618,1,'en','core/media/media','file_name_desc','File name - DESC','2023-11-08 01:38:14','2023-11-08 01:38:14'),(619,1,'en','core/media/media','uploaded_date_asc','Uploaded date - ASC','2023-11-08 01:38:14','2023-11-08 01:38:14'),(620,1,'en','core/media/media','uploaded_date_desc','Uploaded date - DESC','2023-11-08 01:38:14','2023-11-08 01:38:14'),(621,1,'en','core/media/media','size_asc','Size - ASC','2023-11-08 01:38:14','2023-11-08 01:38:14'),(622,1,'en','core/media/media','size_desc','Size - DESC','2023-11-08 01:38:14','2023-11-08 01:38:14'),(623,1,'en','core/media/media','actions','Actions','2023-11-08 01:38:14','2023-11-08 01:38:14'),(624,1,'en','core/media/media','nothing_is_selected','Nothing is selected','2023-11-08 01:38:14','2023-11-08 01:38:14'),(625,1,'en','core/media/media','insert','Insert','2023-11-08 01:38:14','2023-11-08 01:38:14'),(626,1,'en','core/media/media','folder_name','Folder name','2023-11-08 01:38:14','2023-11-08 01:38:14'),(627,1,'en','core/media/media','create','Create','2023-11-08 01:38:14','2023-11-08 01:38:14'),(628,1,'en','core/media/media','rename','Rename','2023-11-08 01:38:14','2023-11-08 01:38:14'),(629,1,'en','core/media/media','crop','Crop','2023-11-08 01:38:14','2023-11-08 01:38:14'),(630,1,'en','core/media/media','close','Close','2023-11-08 01:38:14','2023-11-08 01:38:14'),(631,1,'en','core/media/media','save_changes','Save changes','2023-11-08 01:38:14','2023-11-08 01:38:14'),(632,1,'en','core/media/media','move_to_trash','Move items to trash','2023-11-08 01:38:14','2023-11-08 01:38:14'),(633,1,'en','core/media/media','confirm_trash','Are you sure you want to move these items to trash?','2023-11-08 01:38:14','2023-11-08 01:38:14'),(634,1,'en','core/media/media','confirm','Confirm','2023-11-08 01:38:14','2023-11-08 01:38:14'),(635,1,'en','core/media/media','confirm_delete','Delete item(s)','2023-11-08 01:38:14','2023-11-08 01:38:14'),(636,1,'en','core/media/media','confirm_delete_description','Your request cannot rollback. Are you sure you wanna delete these items?','2023-11-08 01:38:14','2023-11-08 01:38:14'),(637,1,'en','core/media/media','empty_trash_title','Empty trash','2023-11-08 01:38:14','2023-11-08 01:38:14'),(638,1,'en','core/media/media','empty_trash_description','Your request cannot rollback. Are you sure you wanna remove all items in trash?','2023-11-08 01:38:14','2023-11-08 01:38:14'),(639,1,'en','core/media/media','up_level','Up one level','2023-11-08 01:38:14','2023-11-08 01:38:14'),(640,1,'en','core/media/media','upload_progress','Upload progress','2023-11-08 01:38:14','2023-11-08 01:38:14'),(641,1,'en','core/media/media','alt_text','Alt text','2023-11-08 01:38:14','2023-11-08 01:38:14'),(642,1,'en','core/media/media','folder_created','Folder is created successfully!','2023-11-08 01:38:14','2023-11-08 01:38:14'),(643,1,'en','core/media/media','gallery','Media gallery','2023-11-08 01:38:14','2023-11-08 01:38:14'),(644,1,'en','core/media/media','trash_error','Error when delete selected item(s)','2023-11-08 01:38:14','2023-11-08 01:38:14'),(645,1,'en','core/media/media','trash_success','Moved selected item(s) to trash successfully!','2023-11-08 01:38:14','2023-11-08 01:38:14'),(646,1,'en','core/media/media','restore_error','Error when restore selected item(s)','2023-11-08 01:38:14','2023-11-08 01:38:14'),(647,1,'en','core/media/media','restore_success','Restore selected item(s) successfully!','2023-11-08 01:38:14','2023-11-08 01:38:14'),(648,1,'en','core/media/media','copy_success','Copied selected item(s) successfully!','2023-11-08 01:38:14','2023-11-08 01:38:14'),(649,1,'en','core/media/media','delete_success','Deleted selected item(s) successfully!','2023-11-08 01:38:14','2023-11-08 01:38:14'),(650,1,'en','core/media/media','favorite_success','Favorite selected item(s) successfully!','2023-11-08 01:38:14','2023-11-08 01:38:14'),(651,1,'en','core/media/media','remove_favorite_success','Remove selected item(s) from favorites successfully!','2023-11-08 01:38:14','2023-11-08 01:38:14'),(652,1,'en','core/media/media','rename_error','Error when rename item(s)','2023-11-08 01:38:14','2023-11-08 01:38:14'),(653,1,'en','core/media/media','rename_success','Rename selected item(s) successfully!','2023-11-08 01:38:14','2023-11-08 01:38:14'),(654,1,'en','core/media/media','crop_success','Crop image successfully!','2023-11-08 01:38:14','2023-11-08 01:38:14'),(655,1,'en','core/media/media','empty_trash_success','Empty trash successfully!','2023-11-08 01:38:14','2023-11-08 01:38:14'),(656,1,'en','core/media/media','invalid_action','Invalid action!','2023-11-08 01:38:14','2023-11-08 01:38:14'),(657,1,'en','core/media/media','file_not_exists','File is not exists!','2023-11-08 01:38:14','2023-11-08 01:38:14'),(658,1,'en','core/media/media','download_file_error','Error when downloading files!','2023-11-08 01:38:14','2023-11-08 01:38:14'),(659,1,'en','core/media/media','missing_zip_archive_extension','Please enable ZipArchive extension to download file!','2023-11-08 01:38:14','2023-11-08 01:38:14'),(660,1,'en','core/media/media','can_not_download_file','Can not download this file!','2023-11-08 01:38:14','2023-11-08 01:38:14'),(661,1,'en','core/media/media','invalid_request','Invalid request!','2023-11-08 01:38:14','2023-11-08 01:38:14'),(662,1,'en','core/media/media','add_success','Add item successfully!','2023-11-08 01:38:14','2023-11-08 01:38:14'),(663,1,'en','core/media/media','file_too_big','File too big. Max file upload is :size bytes','2023-11-08 01:38:14','2023-11-08 01:38:14'),(664,1,'en','core/media/media','file_too_big_readable_size','File too big. Max file upload is :size.','2023-11-08 01:38:14','2023-11-08 01:38:14'),(665,1,'en','core/media/media','can_not_detect_file_type','File type is not allowed or can not detect file type!','2023-11-08 01:38:14','2023-11-08 01:38:14'),(666,1,'en','core/media/media','upload_failed','The file is NOT uploaded completely. The server allows max upload file size is :size . Please check your file size OR try to upload again in case of having network errors','2023-11-08 01:38:14','2023-11-08 01:38:14'),(667,1,'en','core/media/media','failed_to_crop_image','The file cropping must be image type','2023-11-08 01:38:14','2023-11-08 01:38:14'),(668,1,'en','core/media/media','menu_name','Media','2023-11-08 01:38:14','2023-11-08 01:38:14'),(669,1,'en','core/media/media','add','Add media','2023-11-08 01:38:14','2023-11-08 01:38:14'),(670,1,'en','core/media/media','javascript.name','Name','2023-11-08 01:38:14','2023-11-08 01:38:14'),(671,1,'en','core/media/media','javascript.url','URL','2023-11-08 01:38:14','2023-11-08 01:38:14'),(672,1,'en','core/media/media','javascript.full_url','Full URL','2023-11-08 01:38:14','2023-11-08 01:38:14'),(673,1,'en','core/media/media','javascript.alt','Alt text','2023-11-08 01:38:14','2023-11-08 01:38:14'),(674,1,'en','core/media/media','javascript.size','Size','2023-11-08 01:38:14','2023-11-08 01:38:14'),(675,1,'en','core/media/media','javascript.mime_type','Type','2023-11-08 01:38:14','2023-11-08 01:38:14'),(676,1,'en','core/media/media','javascript.created_at','Uploaded at','2023-11-08 01:38:14','2023-11-08 01:38:14'),(677,1,'en','core/media/media','javascript.updated_at','Modified at','2023-11-08 01:38:14','2023-11-08 01:38:14'),(678,1,'en','core/media/media','javascript.nothing_selected','Nothing is selected','2023-11-08 01:38:14','2023-11-08 01:38:14'),(679,1,'en','core/media/media','javascript.visit_link','Open link','2023-11-08 01:38:14','2023-11-08 01:38:14'),(680,1,'en','core/media/media','javascript.no_item.all_media.icon','fas fa-cloud-upload-alt','2023-11-08 01:38:14','2023-11-08 01:38:14'),(681,1,'en','core/media/media','javascript.no_item.all_media.title','Drop files and folders here','2023-11-08 01:38:14','2023-11-08 01:38:14'),(682,1,'en','core/media/media','javascript.no_item.all_media.message','Or use the upload button above','2023-11-08 01:38:14','2023-11-08 01:38:14'),(683,1,'en','core/media/media','javascript.no_item.trash.icon','fas fa-trash-alt','2023-11-08 01:38:14','2023-11-08 01:38:14'),(684,1,'en','core/media/media','javascript.no_item.trash.title','There is nothing in your trash currently','2023-11-08 01:38:14','2023-11-08 01:38:14'),(685,1,'en','core/media/media','javascript.no_item.trash.message','Delete files to move them to trash automatically. Delete files from trash to remove them permanently','2023-11-08 01:38:14','2023-11-08 01:38:14'),(686,1,'en','core/media/media','javascript.no_item.favorites.icon','fas fa-star','2023-11-08 01:38:14','2023-11-08 01:38:14'),(687,1,'en','core/media/media','javascript.no_item.favorites.title','You have not added anything to your favorites yet','2023-11-08 01:38:14','2023-11-08 01:38:14'),(688,1,'en','core/media/media','javascript.no_item.favorites.message','Add files to favorites to easily find them later','2023-11-08 01:38:14','2023-11-08 01:38:14'),(689,1,'en','core/media/media','javascript.no_item.recent.icon','far fa-clock','2023-11-08 01:38:14','2023-11-08 01:38:14'),(690,1,'en','core/media/media','javascript.no_item.recent.title','You did not opened anything yet','2023-11-08 01:38:14','2023-11-08 01:38:14'),(691,1,'en','core/media/media','javascript.no_item.recent.message','All recent files that you opened will be appeared here','2023-11-08 01:38:14','2023-11-08 01:38:14'),(692,1,'en','core/media/media','javascript.no_item.default.icon','fas fa-sync','2023-11-08 01:38:14','2023-11-08 01:38:14'),(693,1,'en','core/media/media','javascript.no_item.default.title','No items','2023-11-08 01:38:14','2023-11-08 01:38:14'),(694,1,'en','core/media/media','javascript.no_item.default.message','This directory has no item','2023-11-08 01:38:14','2023-11-08 01:38:14'),(695,1,'en','core/media/media','javascript.clipboard.success','These file links have been copied to clipboard','2023-11-08 01:38:14','2023-11-08 01:38:14'),(696,1,'en','core/media/media','javascript.message.error_header','Error','2023-11-08 01:38:14','2023-11-08 01:38:14'),(697,1,'en','core/media/media','javascript.message.success_header','Success','2023-11-08 01:38:14','2023-11-08 01:38:14'),(698,1,'en','core/media/media','javascript.download.error','No files selected or cannot download these files','2023-11-08 01:38:14','2023-11-08 01:38:14'),(699,1,'en','core/media/media','javascript.actions_list.basic.preview','Preview','2023-11-08 01:38:14','2023-11-08 01:38:14'),(700,1,'en','core/media/media','javascript.actions_list.basic.crop','Crop','2023-11-08 01:38:14','2023-11-08 01:38:14'),(701,1,'en','core/media/media','javascript.actions_list.file.copy_link','Copy link','2023-11-08 01:38:14','2023-11-08 01:38:14'),(702,1,'en','core/media/media','javascript.actions_list.file.rename','Rename','2023-11-08 01:38:14','2023-11-08 01:38:14'),(703,1,'en','core/media/media','javascript.actions_list.file.make_copy','Make a copy','2023-11-08 01:38:14','2023-11-08 01:38:14'),(704,1,'en','core/media/media','javascript.actions_list.file.alt_text','ALT text','2023-11-08 01:38:14','2023-11-08 01:38:14'),(705,1,'en','core/media/media','javascript.actions_list.user.favorite','Add to favorite','2023-11-08 01:38:14','2023-11-08 01:38:14'),(706,1,'en','core/media/media','javascript.actions_list.user.remove_favorite','Remove favorite','2023-11-08 01:38:14','2023-11-08 01:38:14'),(707,1,'en','core/media/media','javascript.actions_list.other.download','Download','2023-11-08 01:38:14','2023-11-08 01:38:14'),(708,1,'en','core/media/media','javascript.actions_list.other.trash','Move to trash','2023-11-08 01:38:14','2023-11-08 01:38:14'),(709,1,'en','core/media/media','javascript.actions_list.other.delete','Delete permanently','2023-11-08 01:38:14','2023-11-08 01:38:14'),(710,1,'en','core/media/media','javascript.actions_list.other.restore','Restore','2023-11-08 01:38:14','2023-11-08 01:38:14'),(711,1,'en','core/media/media','javascript.change_image','Change image','2023-11-08 01:38:14','2023-11-08 01:38:14'),(712,1,'en','core/media/media','javascript.delete_image','Delete image','2023-11-08 01:38:14','2023-11-08 01:38:14'),(713,1,'en','core/media/media','javascript.choose_image','Choose image','2023-11-08 01:38:14','2023-11-08 01:38:14'),(714,1,'en','core/media/media','javascript.preview_image','Preview image','2023-11-08 01:38:14','2023-11-08 01:38:14'),(715,1,'en','core/media/media','name_invalid','The folder name has invalid character(s).','2023-11-08 01:38:14','2023-11-08 01:38:14'),(716,1,'en','core/media/media','url_invalid','Please provide a valid URL','2023-11-08 01:38:14','2023-11-08 01:38:14'),(717,1,'en','core/media/media','path_invalid','Please provide a valid path','2023-11-08 01:38:14','2023-11-08 01:38:14'),(718,1,'en','core/media/media','download_link','Download','2023-11-08 01:38:14','2023-11-08 01:38:14'),(719,1,'en','core/media/media','url','URL','2023-11-08 01:38:14','2023-11-08 01:38:14'),(720,1,'en','core/media/media','download_explain','Enter one URL per line.','2023-11-08 01:38:14','2023-11-08 01:38:14'),(721,1,'en','core/media/media','downloading','Downloading...','2023-11-08 01:38:14','2023-11-08 01:38:14'),(722,1,'en','core/media/media','prepare_file_to_download','Preparing file to download...','2023-11-08 01:38:14','2023-11-08 01:38:14'),(723,1,'en','core/media/media','update_alt_text_success','Update alt text successfully!','2023-11-08 01:38:14','2023-11-08 01:38:14'),(724,1,'en','core/media/media','cropper.height','Height','2023-11-08 01:38:14','2023-11-08 01:38:14'),(725,1,'en','core/media/media','cropper.width','Width','2023-11-08 01:38:14','2023-11-08 01:38:14'),(726,1,'en','core/media/media','cropper.aspect_ratio','Aspect ratio?','2023-11-08 01:38:14','2023-11-08 01:38:14'),(727,1,'en','core/media/media','unable_to_write','Unable to write file. Please chmod folder \":folder\" to make it writeable!','2023-11-08 01:38:14','2023-11-08 01:38:14'),(728,1,'en','core/setting/setting','title','Settings','2023-11-08 01:38:14','2023-11-08 01:38:14'),(729,1,'en','core/setting/setting','email_setting_title','Email settings','2023-11-08 01:38:14','2023-11-08 01:38:14'),(730,1,'en','core/setting/setting','general.theme','Theme','2023-11-08 01:38:14','2023-11-08 01:38:14'),(731,1,'en','core/setting/setting','general.description','Setting site information','2023-11-08 01:38:14','2023-11-08 01:38:14'),(732,1,'en','core/setting/setting','general.title','General','2023-11-08 01:38:14','2023-11-08 01:38:14'),(733,1,'en','core/setting/setting','general.general_block','General Information','2023-11-08 01:38:14','2023-11-08 01:38:14'),(734,1,'en','core/setting/setting','general.rich_editor','Rich Editor','2023-11-08 01:38:14','2023-11-08 01:38:14'),(735,1,'en','core/setting/setting','general.site_title','Site title','2023-11-08 01:38:14','2023-11-08 01:38:14'),(736,1,'en','core/setting/setting','general.admin_email','Admin Email','2023-11-08 01:38:14','2023-11-08 01:38:14'),(737,1,'en','core/setting/setting','general.seo_block','SEO Configuration','2023-11-08 01:38:14','2023-11-08 01:38:14'),(738,1,'en','core/setting/setting','general.seo_title','SEO Title','2023-11-08 01:38:14','2023-11-08 01:38:14'),(739,1,'en','core/setting/setting','general.seo_description','SEO Description','2023-11-08 01:38:14','2023-11-08 01:38:14'),(740,1,'en','core/setting/setting','general.webmaster_tools_block','Google Webmaster Tools','2023-11-08 01:38:14','2023-11-08 01:38:14'),(741,1,'en','core/setting/setting','general.placeholder.site_title','Site Title (maximum 120 characters)','2023-11-08 01:38:14','2023-11-08 01:38:14'),(742,1,'en','core/setting/setting','general.placeholder.admin_email','Admin Email','2023-11-08 01:38:14','2023-11-08 01:38:14'),(743,1,'en','core/setting/setting','general.placeholder.seo_title','SEO Title (maximum 120 characters)','2023-11-08 01:38:14','2023-11-08 01:38:14'),(744,1,'en','core/setting/setting','general.placeholder.seo_description','SEO Description (maximum 120 characters)','2023-11-08 01:38:14','2023-11-08 01:38:14'),(745,1,'en','core/setting/setting','general.placeholder.google_analytics','Google Analytics','2023-11-08 01:38:14','2023-11-08 01:38:14'),(746,1,'en','core/setting/setting','general.cache_admin_menu','Cache admin menu?','2023-11-08 01:38:14','2023-11-08 01:38:14'),(747,1,'en','core/setting/setting','general.enable_send_error_reporting_via_email','Enable to send error reporting via email?','2023-11-08 01:38:14','2023-11-08 01:38:14'),(748,1,'en','core/setting/setting','general.time_zone','Timezone','2023-11-08 01:38:14','2023-11-08 01:38:14'),(749,1,'en','core/setting/setting','general.default_admin_theme','Default admin theme','2023-11-08 01:38:14','2023-11-08 01:38:14'),(750,1,'en','core/setting/setting','general.enable_change_admin_theme','Enable change admin theme?','2023-11-08 01:38:14','2023-11-08 01:38:14'),(751,1,'en','core/setting/setting','general.enable','Enable','2023-11-08 01:38:14','2023-11-08 01:38:14'),(752,1,'en','core/setting/setting','general.disable','Disable','2023-11-08 01:38:14','2023-11-08 01:38:14'),(753,1,'en','core/setting/setting','general.enable_cache','Enable cache?','2023-11-08 01:38:14','2023-11-08 01:38:14'),(754,1,'en','core/setting/setting','general.disable_cache_in_the_admin_panel','Disable cache in the admin panel?','2023-11-08 01:38:14','2023-11-08 01:38:14'),(755,1,'en','core/setting/setting','general.cache_time','Cache time (minutes)','2023-11-08 01:38:14','2023-11-08 01:38:14'),(756,1,'en','core/setting/setting','general.enable_cache_site_map','Enable cache site map?','2023-11-08 01:38:14','2023-11-08 01:38:14'),(757,1,'en','core/setting/setting','general.cache_time_site_map','Cache Time Site map (minutes)','2023-11-08 01:38:14','2023-11-08 01:38:14'),(758,1,'en','core/setting/setting','general.admin_logo','Admin logo','2023-11-08 01:38:14','2023-11-08 01:38:14'),(759,1,'en','core/setting/setting','general.admin_favicon','Admin favicon','2023-11-08 01:38:14','2023-11-08 01:38:14'),(760,1,'en','core/setting/setting','general.admin_title','Admin title','2023-11-08 01:38:14','2023-11-08 01:38:14'),(761,1,'en','core/setting/setting','general.admin_title_placeholder','Title show to tab of browser','2023-11-08 01:38:14','2023-11-08 01:38:14'),(762,1,'en','core/setting/setting','general.cache_block','Cache','2023-11-08 01:38:14','2023-11-08 01:38:14'),(763,1,'en','core/setting/setting','general.admin_appearance_title','Admin appearance','2023-11-08 01:38:14','2023-11-08 01:38:14'),(764,1,'en','core/setting/setting','general.admin_appearance_description','Setting admin appearance such as editor, language...','2023-11-08 01:38:14','2023-11-08 01:38:14'),(765,1,'en','core/setting/setting','general.seo_block_description','Setting site title, site meta description, site keyword for optimize SEO','2023-11-08 01:38:14','2023-11-08 01:38:14'),(766,1,'en','core/setting/setting','general.webmaster_tools_description','Google Webmaster Tools (GWT) is free software that helps you manage the technical side of your website','2023-11-08 01:38:14','2023-11-08 01:38:14'),(767,1,'en','core/setting/setting','general.cache_description','Config cache for system for optimize speed','2023-11-08 01:38:14','2023-11-08 01:38:14'),(768,1,'en','core/setting/setting','general.yes','Yes','2023-11-08 01:38:14','2023-11-08 01:38:14'),(769,1,'en','core/setting/setting','general.no','No','2023-11-08 01:38:14','2023-11-08 01:38:14'),(770,1,'en','core/setting/setting','general.show_on_front','Your homepage displays','2023-11-08 01:38:14','2023-11-08 01:38:14'),(771,1,'en','core/setting/setting','general.select','— Select —','2023-11-08 01:38:14','2023-11-08 01:38:14'),(772,1,'en','core/setting/setting','general.show_site_name','Show site name after page title, separate with \"-\"?','2023-11-08 01:38:14','2023-11-08 01:38:14'),(773,1,'en','core/setting/setting','general.locale','Site language','2023-11-08 01:38:14','2023-11-08 01:38:14'),(774,1,'en','core/setting/setting','general.locale_direction','Front site language direction','2023-11-08 01:38:14','2023-11-08 01:38:14'),(775,1,'en','core/setting/setting','general.admin_locale_direction','Admin language direction','2023-11-08 01:38:14','2023-11-08 01:38:14'),(776,1,'en','core/setting/setting','general.admin_login_screen_backgrounds','Login screen backgrounds (~1366x768)','2023-11-08 01:38:14','2023-11-08 01:38:14'),(777,1,'en','core/setting/setting','general.minutes','minutes','2023-11-08 01:38:14','2023-11-08 01:38:14'),(778,1,'en','core/setting/setting','general.datatables.title','Datatables','2023-11-08 01:38:14','2023-11-08 01:38:14'),(779,1,'en','core/setting/setting','general.datatables.description','Settings for datatables','2023-11-08 01:38:14','2023-11-08 01:38:14'),(780,1,'en','core/setting/setting','general.datatables.show_column_visibility','Default show column visibility?','2023-11-08 01:38:14','2023-11-08 01:38:14'),(781,1,'en','core/setting/setting','general.datatables.show_export_button','Default show export button?','2023-11-08 01:38:14','2023-11-08 01:38:14'),(782,1,'en','core/setting/setting','email.subject','Subject','2023-11-08 01:38:14','2023-11-08 01:38:14'),(783,1,'en','core/setting/setting','email.content','Content','2023-11-08 01:38:14','2023-11-08 01:38:14'),(784,1,'en','core/setting/setting','email.title','Setting for email template','2023-11-08 01:38:14','2023-11-08 01:38:14'),(785,1,'en','core/setting/setting','email.description','Email template using HTML & system variables.','2023-11-08 01:38:14','2023-11-08 01:38:14'),(786,1,'en','core/setting/setting','email.reset_to_default','Reset to default','2023-11-08 01:38:14','2023-11-08 01:38:14'),(787,1,'en','core/setting/setting','email.back','Back to settings','2023-11-08 01:38:14','2023-11-08 01:38:14'),(788,1,'en','core/setting/setting','email.reset_success','Reset back to default successfully','2023-11-08 01:38:15','2023-11-08 01:38:15'),(789,1,'en','core/setting/setting','email.confirm_reset','Confirm reset email template?','2023-11-08 01:38:15','2023-11-08 01:38:15'),(790,1,'en','core/setting/setting','email.confirm_message','Do you really want to reset this email template to default?','2023-11-08 01:38:15','2023-11-08 01:38:15'),(791,1,'en','core/setting/setting','email.continue','Continue','2023-11-08 01:38:15','2023-11-08 01:38:15'),(792,1,'en','core/setting/setting','email.sender_name','Sender name','2023-11-08 01:38:15','2023-11-08 01:38:15'),(793,1,'en','core/setting/setting','email.sender_name_placeholder','Name','2023-11-08 01:38:15','2023-11-08 01:38:15'),(794,1,'en','core/setting/setting','email.sender_email','Sender email','2023-11-08 01:38:15','2023-11-08 01:38:15'),(795,1,'en','core/setting/setting','email.mailer','Mailer','2023-11-08 01:38:15','2023-11-08 01:38:15'),(796,1,'en','core/setting/setting','email.port','Port','2023-11-08 01:38:15','2023-11-08 01:38:15'),(797,1,'en','core/setting/setting','email.port_placeholder','Ex: 587','2023-11-08 01:38:15','2023-11-08 01:38:15'),(798,1,'en','core/setting/setting','email.host','Host','2023-11-08 01:38:15','2023-11-08 01:38:15'),(799,1,'en','core/setting/setting','email.host_placeholder','Ex: smtp.gmail.com','2023-11-08 01:38:15','2023-11-08 01:38:15'),(800,1,'en','core/setting/setting','email.username','Username','2023-11-08 01:38:15','2023-11-08 01:38:15'),(801,1,'en','core/setting/setting','email.username_placeholder','Username to login to mail server','2023-11-08 01:38:15','2023-11-08 01:38:15'),(802,1,'en','core/setting/setting','email.password','Password','2023-11-08 01:38:15','2023-11-08 01:38:15'),(803,1,'en','core/setting/setting','email.password_placeholder','Password to login to mail server','2023-11-08 01:38:15','2023-11-08 01:38:15'),(804,1,'en','core/setting/setting','email.encryption','Encryption','2023-11-08 01:38:15','2023-11-08 01:38:15'),(805,1,'en','core/setting/setting','email.mail_gun_domain','Domain','2023-11-08 01:38:15','2023-11-08 01:38:15'),(806,1,'en','core/setting/setting','email.mail_gun_domain_placeholder','Domain','2023-11-08 01:38:15','2023-11-08 01:38:15'),(807,1,'en','core/setting/setting','email.mail_gun_secret','Secret','2023-11-08 01:38:15','2023-11-08 01:38:15'),(808,1,'en','core/setting/setting','email.mail_gun_secret_placeholder','Secret','2023-11-08 01:38:15','2023-11-08 01:38:15'),(809,1,'en','core/setting/setting','email.mail_gun_endpoint','Endpoint','2023-11-08 01:38:15','2023-11-08 01:38:15'),(810,1,'en','core/setting/setting','email.mail_gun_endpoint_placeholder','Endpoint','2023-11-08 01:38:15','2023-11-08 01:38:15'),(811,1,'en','core/setting/setting','email.log_channel','Log channel','2023-11-08 01:38:15','2023-11-08 01:38:15'),(812,1,'en','core/setting/setting','email.sendmail_path','Sendmail Path','2023-11-08 01:38:15','2023-11-08 01:38:15'),(813,1,'en','core/setting/setting','email.encryption_placeholder','Encryption: ssl or tls','2023-11-08 01:38:15','2023-11-08 01:38:15'),(814,1,'en','core/setting/setting','email.ses_key','Key','2023-11-08 01:38:15','2023-11-08 01:38:15'),(815,1,'en','core/setting/setting','email.ses_key_placeholder','Key','2023-11-08 01:38:15','2023-11-08 01:38:15'),(816,1,'en','core/setting/setting','email.ses_secret','Secret','2023-11-08 01:38:15','2023-11-08 01:38:15'),(817,1,'en','core/setting/setting','email.ses_secret_placeholder','Secret','2023-11-08 01:38:15','2023-11-08 01:38:15'),(818,1,'en','core/setting/setting','email.ses_region','Region','2023-11-08 01:38:15','2023-11-08 01:38:15'),(819,1,'en','core/setting/setting','email.ses_region_placeholder','Region','2023-11-08 01:38:15','2023-11-08 01:38:15'),(820,1,'en','core/setting/setting','email.postmark_token','Token','2023-11-08 01:38:15','2023-11-08 01:38:15'),(821,1,'en','core/setting/setting','email.postmark_token_placeholder','Token','2023-11-08 01:38:15','2023-11-08 01:38:15'),(822,1,'en','core/setting/setting','email.template_title','Email templates','2023-11-08 01:38:15','2023-11-08 01:38:15'),(823,1,'en','core/setting/setting','email.template_description','Base templates for all emails','2023-11-08 01:38:15','2023-11-08 01:38:15'),(824,1,'en','core/setting/setting','email.template_header','Email template header','2023-11-08 01:38:15','2023-11-08 01:38:15'),(825,1,'en','core/setting/setting','email.template_header_description','Template for header of emails','2023-11-08 01:38:15','2023-11-08 01:38:15'),(826,1,'en','core/setting/setting','email.template_footer','Email template footer','2023-11-08 01:38:15','2023-11-08 01:38:15'),(827,1,'en','core/setting/setting','email.template_footer_description','Template for footer of emails','2023-11-08 01:38:15','2023-11-08 01:38:15'),(828,1,'en','core/setting/setting','email.default','Default','2023-11-08 01:38:15','2023-11-08 01:38:15'),(829,1,'en','core/setting/setting','media.title','Media','2023-11-08 01:38:15','2023-11-08 01:38:15'),(830,1,'en','core/setting/setting','media.driver','Driver','2023-11-08 01:38:15','2023-11-08 01:38:15'),(831,1,'en','core/setting/setting','media.description','Settings for media','2023-11-08 01:38:15','2023-11-08 01:38:15'),(832,1,'en','core/setting/setting','media.aws_access_key_id','AWS Access Key ID','2023-11-08 01:38:15','2023-11-08 01:38:15'),(833,1,'en','core/setting/setting','media.aws_secret_key','AWS Secret Key','2023-11-08 01:38:15','2023-11-08 01:38:15'),(834,1,'en','core/setting/setting','media.aws_default_region','AWS Default Region','2023-11-08 01:38:15','2023-11-08 01:38:15'),(835,1,'en','core/setting/setting','media.aws_bucket','AWS Bucket','2023-11-08 01:38:15','2023-11-08 01:38:15'),(836,1,'en','core/setting/setting','media.aws_url','AWS URL','2023-11-08 01:38:15','2023-11-08 01:38:15'),(837,1,'en','core/setting/setting','media.aws_endpoint','AWS Endpoint (Optional)','2023-11-08 01:38:15','2023-11-08 01:38:15'),(838,1,'en','core/setting/setting','media.r2_access_key_id','R2 Access Key ID','2023-11-08 01:38:15','2023-11-08 01:38:15'),(839,1,'en','core/setting/setting','media.r2_secret_key','R2 Secret Key','2023-11-08 01:38:15','2023-11-08 01:38:15'),(840,1,'en','core/setting/setting','media.r2_bucket','R2 Bucket','2023-11-08 01:38:15','2023-11-08 01:38:15'),(841,1,'en','core/setting/setting','media.r2_url','R2 URL','2023-11-08 01:38:15','2023-11-08 01:38:15'),(842,1,'en','core/setting/setting','media.r2_endpoint','R2 Endpoint','2023-11-08 01:38:15','2023-11-08 01:38:15'),(843,1,'en','core/setting/setting','media.do_spaces_access_key_id','DO Spaces Access Key ID','2023-11-08 01:38:15','2023-11-08 01:38:15'),(844,1,'en','core/setting/setting','media.do_spaces_secret_key','DO Spaces Secret Key','2023-11-08 01:38:15','2023-11-08 01:38:15'),(845,1,'en','core/setting/setting','media.do_spaces_default_region','DO Spaces Default Region','2023-11-08 01:38:15','2023-11-08 01:38:15'),(846,1,'en','core/setting/setting','media.do_spaces_bucket','DO Spaces Bucket','2023-11-08 01:38:15','2023-11-08 01:38:15'),(847,1,'en','core/setting/setting','media.do_spaces_endpoint','DO Spaces Endpoint','2023-11-08 01:38:15','2023-11-08 01:38:15'),(848,1,'en','core/setting/setting','media.do_spaces_cdn_enabled','Is DO Spaces CDN enabled?','2023-11-08 01:38:15','2023-11-08 01:38:15'),(849,1,'en','core/setting/setting','media.media_do_spaces_cdn_custom_domain','Do Spaces CDN custom domain','2023-11-08 01:38:15','2023-11-08 01:38:15'),(850,1,'en','core/setting/setting','media.media_do_spaces_cdn_custom_domain_placeholder','https://your-custom-domain.com','2023-11-08 01:38:15','2023-11-08 01:38:15'),(851,1,'en','core/setting/setting','media.wasabi_access_key_id','Wasabi Access Key ID','2023-11-08 01:38:15','2023-11-08 01:38:15'),(852,1,'en','core/setting/setting','media.wasabi_secret_key','Wasabi Secret Key','2023-11-08 01:38:15','2023-11-08 01:38:15'),(853,1,'en','core/setting/setting','media.wasabi_default_region','Wasabi Default Region','2023-11-08 01:38:15','2023-11-08 01:38:15'),(854,1,'en','core/setting/setting','media.wasabi_bucket','Wasabi Bucket','2023-11-08 01:38:15','2023-11-08 01:38:15'),(855,1,'en','core/setting/setting','media.wasabi_root','Wasabi Root','2023-11-08 01:38:15','2023-11-08 01:38:15'),(856,1,'en','core/setting/setting','media.default_placeholder_image','Default placeholder image','2023-11-08 01:38:15','2023-11-08 01:38:15'),(857,1,'en','core/setting/setting','media.enable_chunk','Enable chunk size upload?','2023-11-08 01:38:15','2023-11-08 01:38:15'),(858,1,'en','core/setting/setting','media.chunk_size','Chunk size (Bytes)','2023-11-08 01:38:15','2023-11-08 01:38:15'),(859,1,'en','core/setting/setting','media.chunk_size_placeholder','Default: 1048576 ~ 1MB','2023-11-08 01:38:15','2023-11-08 01:38:15'),(860,1,'en','core/setting/setting','media.max_file_size','Chunk max file size (MB)','2023-11-08 01:38:15','2023-11-08 01:38:15'),(861,1,'en','core/setting/setting','media.max_file_size_placeholder','Default: 1048576 ~ 1GB','2023-11-08 01:38:15','2023-11-08 01:38:15'),(862,1,'en','core/setting/setting','media.enable_watermark','Enable watermark?','2023-11-08 01:38:15','2023-11-08 01:38:15'),(863,1,'en','core/setting/setting','media.watermark_source','Watermark image','2023-11-08 01:38:15','2023-11-08 01:38:15'),(864,1,'en','core/setting/setting','media.watermark_size','Size of watermark (%)','2023-11-08 01:38:15','2023-11-08 01:38:15'),(865,1,'en','core/setting/setting','media.watermark_size_placeholder','Default: 10 (%)','2023-11-08 01:38:15','2023-11-08 01:38:15'),(866,1,'en','core/setting/setting','media.watermark_opacity','Watermark Opacity (%)','2023-11-08 01:38:15','2023-11-08 01:38:15'),(867,1,'en','core/setting/setting','media.watermark_opacity_placeholder','Default: 70 (%)','2023-11-08 01:38:15','2023-11-08 01:38:15'),(868,1,'en','core/setting/setting','media.watermark_position','Watermark position','2023-11-08 01:38:15','2023-11-08 01:38:15'),(869,1,'en','core/setting/setting','media.watermark_position_x','Watermark position X','2023-11-08 01:38:15','2023-11-08 01:38:15'),(870,1,'en','core/setting/setting','media.watermark_position_y','Watermark position Y','2023-11-08 01:38:15','2023-11-08 01:38:15'),(871,1,'en','core/setting/setting','media.watermark_position_top_left','Top left','2023-11-08 01:38:15','2023-11-08 01:38:15'),(872,1,'en','core/setting/setting','media.watermark_position_top_right','Top right','2023-11-08 01:38:15','2023-11-08 01:38:15'),(873,1,'en','core/setting/setting','media.watermark_position_bottom_left','Bottom left','2023-11-08 01:38:15','2023-11-08 01:38:15'),(874,1,'en','core/setting/setting','media.watermark_position_bottom_right','Bottom right','2023-11-08 01:38:15','2023-11-08 01:38:15'),(875,1,'en','core/setting/setting','media.watermark_position_center','Center','2023-11-08 01:38:15','2023-11-08 01:38:15'),(876,1,'en','core/setting/setting','media.turn_off_automatic_url_translation_into_latin','Turn off automatic URL translation into Latin?','2023-11-08 01:38:15','2023-11-08 01:38:15'),(877,1,'en','core/setting/setting','media.bunnycdn_hostname','Hostname','2023-11-08 01:38:15','2023-11-08 01:38:15'),(878,1,'en','core/setting/setting','media.bunnycdn_zone','Zone Name (The name of your storage zone)','2023-11-08 01:38:15','2023-11-08 01:38:15'),(879,1,'en','core/setting/setting','media.bunnycdn_key','FTP & API Access Password (The storage zone API Access Password)','2023-11-08 01:38:15','2023-11-08 01:38:15'),(880,1,'en','core/setting/setting','media.bunnycdn_region','Region (The storage zone region)','2023-11-08 01:38:15','2023-11-08 01:38:15'),(881,1,'en','core/setting/setting','media.optional','Optional','2023-11-08 01:38:15','2023-11-08 01:38:15'),(882,1,'en','core/setting/setting','media.sizes','Media thumbnails sizes','2023-11-08 01:38:15','2023-11-08 01:38:15'),(883,1,'en','core/setting/setting','media.media_sizes_helper','Set width or height to 0 if you just want to crop by width or height. Need to click on \"Generate thumbnails\" to apply changes.','2023-11-08 01:38:15','2023-11-08 01:38:15'),(884,1,'en','core/setting/setting','media.width','Width','2023-11-08 01:38:15','2023-11-08 01:38:15'),(885,1,'en','core/setting/setting','media.height','Height','2023-11-08 01:38:15','2023-11-08 01:38:15'),(886,1,'en','core/setting/setting','media.default_size_value','Default: :size','2023-11-08 01:38:15','2023-11-08 01:38:15'),(887,1,'en','core/setting/setting','media.all','All','2023-11-08 01:38:15','2023-11-08 01:38:15'),(888,1,'en','core/setting/setting','media.media_folders_can_add_watermark','Add watermark for images in folders:','2023-11-08 01:38:15','2023-11-08 01:38:15'),(889,1,'en','core/setting/setting','media.max_upload_filesize','Max upload filesize (MB)','2023-11-08 01:38:15','2023-11-08 01:38:15'),(890,1,'en','core/setting/setting','media.max_upload_filesize_placeholder','Default: :size, must less than :size.','2023-11-08 01:38:15','2023-11-08 01:38:15'),(891,1,'en','core/setting/setting','media.max_upload_filesize_helper','Your server allows to upload files maximum :size, you can change this value to limit upload filesize.','2023-11-08 01:38:15','2023-11-08 01:38:15'),(892,1,'en','core/setting/setting','media.image_processing_library','Image processing library','2023-11-08 01:38:15','2023-11-08 01:38:15'),(893,1,'en','core/setting/setting','license.purchase_code','Purchase code','2023-11-08 01:38:15','2023-11-08 01:38:15'),(894,1,'en','core/setting/setting','license.buyer','Buyer','2023-11-08 01:38:15','2023-11-08 01:38:15'),(895,1,'en','core/setting/setting','field_type_not_exists','This field type does not exist','2023-11-08 01:38:15','2023-11-08 01:38:15'),(896,1,'en','core/setting/setting','save_settings','Save settings','2023-11-08 01:38:15','2023-11-08 01:38:15'),(897,1,'en','core/setting/setting','template','Template','2023-11-08 01:38:15','2023-11-08 01:38:15'),(898,1,'en','core/setting/setting','description','Description','2023-11-08 01:38:15','2023-11-08 01:38:15'),(899,1,'en','core/setting/setting','enable','Enable','2023-11-08 01:38:15','2023-11-08 01:38:15'),(900,1,'en','core/setting/setting','send','Send','2023-11-08 01:38:15','2023-11-08 01:38:15'),(901,1,'en','core/setting/setting','test_email_description','To send test email, please make sure you are updated configuration to send mail!','2023-11-08 01:38:15','2023-11-08 01:38:15'),(902,1,'en','core/setting/setting','test_email_input_placeholder','Enter the email which you want to send test email.','2023-11-08 01:38:15','2023-11-08 01:38:15'),(903,1,'en','core/setting/setting','test_email_modal_title','Send a test email','2023-11-08 01:38:15','2023-11-08 01:38:15'),(904,1,'en','core/setting/setting','test_send_mail','Send test mail','2023-11-08 01:38:15','2023-11-08 01:38:15'),(905,1,'en','core/setting/setting','test_email_send_success','Send email successfully!','2023-11-08 01:38:15','2023-11-08 01:38:15'),(906,1,'en','core/setting/setting','locale_direction_ltr','Left to Right','2023-11-08 01:38:15','2023-11-08 01:38:15'),(907,1,'en','core/setting/setting','locale_direction_rtl','Right to Left','2023-11-08 01:38:15','2023-11-08 01:38:15'),(908,1,'en','core/setting/setting','saving','Saving...','2023-11-08 01:38:15','2023-11-08 01:38:15'),(909,1,'en','core/setting/setting','emails_warning','You can add up to :count emails','2023-11-08 01:38:15','2023-11-08 01:38:15'),(910,1,'en','core/setting/setting','email_add_more','Add more','2023-11-08 01:38:15','2023-11-08 01:38:15'),(911,1,'en','core/setting/setting','generate','Generate','2023-11-08 01:38:15','2023-11-08 01:38:15'),(912,1,'en','core/setting/setting','generate_thumbnails','Generate thumbnails','2023-11-08 01:38:15','2023-11-08 01:38:15'),(913,1,'en','core/setting/setting','generate_thumbnails_success','Generate thumbnails successfully. :count files are generated!','2023-11-08 01:38:15','2023-11-08 01:38:15'),(914,1,'en','core/setting/setting','generate_thumbnails_error','We are unable to regenerate thumbnail for these files :count files!','2023-11-08 01:38:15','2023-11-08 01:38:15'),(915,1,'en','core/setting/setting','generate_thumbnails_description','Are you sure you want to re-generate thumbnails for all images? It will take time so please DO NOT leave this page, wait until it is finished.','2023-11-08 01:38:15','2023-11-08 01:38:15'),(916,1,'en','core/setting/setting','enable_chunk_description','Chunk size upload is used to upload large file size.','2023-11-08 01:38:15','2023-11-08 01:38:15'),(917,1,'en','core/setting/setting','watermark_description','WARNING: Watermark is just added to new uploaded images, it won\'t be added to existing images. Disable watermark won\'t remove watermark from existing images.','2023-11-08 01:38:15','2023-11-08 01:38:15'),(918,1,'en','core/setting/setting','submit','Submit','2023-11-08 01:38:15','2023-11-08 01:38:15'),(919,1,'en','core/setting/setting','back','Back','2023-11-08 01:38:15','2023-11-08 01:38:15'),(920,1,'en','core/setting/setting','enter_sample_value','Enter sample values for testing','2023-11-08 01:38:15','2023-11-08 01:38:15'),(921,1,'en','core/setting/setting','preview','Preview','2023-11-08 01:38:15','2023-11-08 01:38:15'),(922,1,'en','core/setting/setting','media_size_width',':size size width must be greater than 0','2023-11-08 01:38:15','2023-11-08 01:38:15'),(923,1,'en','core/setting/setting','media_size_height',':size size height must be greater than 0','2023-11-08 01:38:15','2023-11-08 01:38:15'),(924,1,'en','core/setting/setting','cronjob.name','Cronjob','2023-11-08 01:38:15','2023-11-08 01:38:15'),(925,1,'en','core/setting/setting','cronjob.description','Cronjob allow you to automate certain commands or scripts on your site.','2023-11-08 01:38:15','2023-11-08 01:38:15'),(926,1,'en','core/setting/setting','cronjob.is_not_ready','To run the cronjob, follow the instructions below.','2023-11-08 01:38:15','2023-11-08 01:38:15'),(927,1,'en','core/setting/setting','cronjob.is_working','Congratulations! Your cronjob is running.','2023-11-08 01:38:15','2023-11-08 01:38:15'),(928,1,'en','core/setting/setting','cronjob.is_not_working','Your cronjob is not running. Please check your server\'s cronjob.','2023-11-08 01:38:15','2023-11-08 01:38:15'),(929,1,'en','core/setting/setting','cronjob.last_checked','Last checked at :time.','2023-11-08 01:38:16','2023-11-08 01:38:16'),(930,1,'en','core/setting/setting','cronjob.copy_button','Copy','2023-11-08 01:38:16','2023-11-08 01:38:16'),(931,1,'en','core/setting/setting','cronjob.setup.name','Setting up the Cronjob','2023-11-08 01:38:16','2023-11-08 01:38:16'),(932,1,'en','core/setting/setting','cronjob.setup.connect_to_server','Connect to your server via SSH or any preferred method.','2023-11-08 01:38:16','2023-11-08 01:38:16'),(933,1,'en','core/setting/setting','cronjob.setup.open_crontab','Open the crontab file using a text editor (e.g., `crontab -e`).','2023-11-08 01:38:16','2023-11-08 01:38:16'),(934,1,'en','core/setting/setting','cronjob.setup.add_cronjob','Add the above command to the crontab file and save it.','2023-11-08 01:38:16','2023-11-08 01:38:16'),(935,1,'en','core/setting/setting','cronjob.setup.done','The cronjob will now run at every minute and execute the specified command.','2023-11-08 01:38:16','2023-11-08 01:38:16'),(936,1,'en','core/setting/setting','cronjob.setup.learn_more','You can learn more about cronjob from the Laravel :documentation','2023-11-08 01:38:16','2023-11-08 01:38:16'),(937,1,'en','core/setting/setting','cronjob.setup.documentation','documentation','2023-11-08 01:38:16','2023-11-08 01:38:16'),(938,1,'en','core/setting/setting','cronjob.setup.copied','Copied','2023-11-08 01:38:16','2023-11-08 01:38:16'),(939,1,'en','core/table/table','operations','Operations','2023-11-08 01:38:16','2023-11-08 01:38:16'),(940,1,'en','core/table/table','loading_data','Loading data from server','2023-11-08 01:38:16','2023-11-08 01:38:16'),(941,1,'en','core/table/table','display','Display','2023-11-08 01:38:16','2023-11-08 01:38:16'),(942,1,'en','core/table/table','all','All','2023-11-08 01:38:16','2023-11-08 01:38:16'),(943,1,'en','core/table/table','edit_entry','Edit','2023-11-08 01:38:16','2023-11-08 01:38:16'),(944,1,'en','core/table/table','delete_entry','Delete','2023-11-08 01:38:16','2023-11-08 01:38:16'),(945,1,'en','core/table/table','show_from','Showing from','2023-11-08 01:38:16','2023-11-08 01:38:16'),(946,1,'en','core/table/table','to','to','2023-11-08 01:38:16','2023-11-08 01:38:16'),(947,1,'en','core/table/table','in','in','2023-11-08 01:38:16','2023-11-08 01:38:16'),(948,1,'en','core/table/table','records','records','2023-11-08 01:38:16','2023-11-08 01:38:16'),(949,1,'en','core/table/table','no_data','No data to display','2023-11-08 01:38:16','2023-11-08 01:38:16'),(950,1,'en','core/table/table','no_record','No record','2023-11-08 01:38:16','2023-11-08 01:38:16'),(951,1,'en','core/table/table','loading','Loading data from server','2023-11-08 01:38:16','2023-11-08 01:38:16'),(952,1,'en','core/table/table','confirm_delete','Confirm delete','2023-11-08 01:38:16','2023-11-08 01:38:16'),(953,1,'en','core/table/table','confirm_delete_msg','Do you really want to delete this record?','2023-11-08 01:38:16','2023-11-08 01:38:16'),(954,1,'en','core/table/table','cancel','Cancel','2023-11-08 01:38:16','2023-11-08 01:38:16'),(955,1,'en','core/table/table','delete','Delete','2023-11-08 01:38:16','2023-11-08 01:38:16'),(956,1,'en','core/table/table','close','Close','2023-11-08 01:38:16','2023-11-08 01:38:16'),(957,1,'en','core/table/table','contains','Contains','2023-11-08 01:38:16','2023-11-08 01:38:16'),(958,1,'en','core/table/table','is_equal_to','Is equal to','2023-11-08 01:38:16','2023-11-08 01:38:16'),(959,1,'en','core/table/table','greater_than','Greater than','2023-11-08 01:38:16','2023-11-08 01:38:16'),(960,1,'en','core/table/table','less_than','Less than','2023-11-08 01:38:16','2023-11-08 01:38:16'),(961,1,'en','core/table/table','value','Value','2023-11-08 01:38:16','2023-11-08 01:38:16'),(962,1,'en','core/table/table','select_field','Select field','2023-11-08 01:38:16','2023-11-08 01:38:16'),(963,1,'en','core/table/table','reset','Reset','2023-11-08 01:38:16','2023-11-08 01:38:16'),(964,1,'en','core/table/table','add_additional_filter','Add additional filter','2023-11-08 01:38:16','2023-11-08 01:38:16'),(965,1,'en','core/table/table','apply','Apply','2023-11-08 01:38:16','2023-11-08 01:38:16'),(966,1,'en','core/table/table','filters','Filters','2023-11-08 01:38:16','2023-11-08 01:38:16'),(967,1,'en','core/table/table','bulk_change','Bulk changes','2023-11-08 01:38:16','2023-11-08 01:38:16'),(968,1,'en','core/table/table','select_option','Select option','2023-11-08 01:38:16','2023-11-08 01:38:16'),(969,1,'en','core/table/table','bulk_actions','Bulk Actions','2023-11-08 01:38:16','2023-11-08 01:38:16'),(970,1,'en','core/table/table','invalid_bulk_action','Invalid bulk action','2023-11-08 01:38:16','2023-11-08 01:38:16'),(971,1,'en','core/table/table','confirm_bulk_action','Confirm to perform this action','2023-11-08 01:38:16','2023-11-08 01:38:16'),(972,1,'en','core/table/table','confirm_bulk_message','Are you sure you want to do this action? This cannot be undone.','2023-11-08 01:38:16','2023-11-08 01:38:16'),(973,1,'en','core/table/table','yes','Yes','2023-11-08 01:38:16','2023-11-08 01:38:16'),(974,1,'en','core/table/table','save_bulk_change_success','Update data for selected record(s) successfully!','2023-11-08 01:38:16','2023-11-08 01:38:16'),(975,1,'en','core/table/table','please_select_record','Please select at least one record to perform this action!','2023-11-08 01:38:16','2023-11-08 01:38:16'),(976,1,'en','core/table/table','filtered','(filtered from _MAX_ total records)','2023-11-08 01:38:16','2023-11-08 01:38:16'),(977,1,'en','core/table/table','search','Search...','2023-11-08 01:38:16','2023-11-08 01:38:16'),(978,1,'en','packages/api/api','settings','API Settings','2023-11-08 01:38:16','2023-11-08 01:38:16'),(979,1,'en','packages/api/api','save_settings','Save settings','2023-11-08 01:38:16','2023-11-08 01:38:16'),(980,1,'en','packages/api/api','setting_title','API settings','2023-11-08 01:38:16','2023-11-08 01:38:16'),(981,1,'en','packages/api/api','setting_description','Settings for API','2023-11-08 01:38:16','2023-11-08 01:38:16'),(982,1,'en','packages/api/api','api_enabled','API enabled?','2023-11-08 01:38:16','2023-11-08 01:38:16'),(983,1,'en','packages/get-started/get-started','welcome_title','Welcome to your admin dashboard!','2023-11-08 01:38:16','2023-11-08 01:38:16'),(984,1,'en','packages/get-started/get-started','welcome_description','In a few short steps, you can have your new dashboard up and running!','2023-11-08 01:38:16','2023-11-08 01:38:16'),(985,1,'en','packages/get-started/get-started','get_started','Get Started!','2023-11-08 01:38:16','2023-11-08 01:38:16'),(986,1,'en','packages/get-started/get-started','customize_branding_title','Customize branding','2023-11-08 01:38:16','2023-11-08 01:38:16'),(987,1,'en','packages/get-started/get-started','customize_branding_description','Customize your site with colors, logo and subdomain to match your business unique branding and identity.','2023-11-08 01:38:16','2023-11-08 01:38:16'),(988,1,'en','packages/get-started/get-started','colors','Colors','2023-11-08 01:38:16','2023-11-08 01:38:16'),(989,1,'en','packages/get-started/get-started','fonts','Fonts','2023-11-08 01:38:16','2023-11-08 01:38:16'),(990,1,'en','packages/get-started/get-started','primary_color','Primary color','2023-11-08 01:38:16','2023-11-08 01:38:16'),(991,1,'en','packages/get-started/get-started','primary_font','Primary font','2023-11-08 01:38:16','2023-11-08 01:38:16'),(992,1,'en','packages/get-started/get-started','setup_wizard_button',':link to finish Quick setup Wizard!','2023-11-08 01:38:16','2023-11-08 01:38:16'),(993,1,'en','packages/get-started/get-started','click_here','Click here','2023-11-08 01:38:16','2023-11-08 01:38:16'),(994,1,'en','packages/get-started/get-started','site_title','Site title','2023-11-08 01:38:16','2023-11-08 01:38:16'),(995,1,'en','packages/get-started/get-started','identify','Identify','2023-11-08 01:38:16','2023-11-08 01:38:16'),(996,1,'en','packages/get-started/get-started','logo','Logo','2023-11-08 01:38:16','2023-11-08 01:38:16'),(997,1,'en','packages/get-started/get-started','admin_logo','Admin logo','2023-11-08 01:38:16','2023-11-08 01:38:16'),(998,1,'en','packages/get-started/get-started','favicon','Favicon','2023-11-08 01:38:16','2023-11-08 01:38:16'),(999,1,'en','packages/get-started/get-started','admin_favicon','Admin favicon','2023-11-08 01:38:16','2023-11-08 01:38:16'),(1000,1,'en','packages/get-started/get-started','next_step','Next step','2023-11-08 01:38:16','2023-11-08 01:38:16'),(1001,1,'en','packages/get-started/get-started','site_ready_title','Your site is ready!','2023-11-08 01:38:16','2023-11-08 01:38:16'),(1002,1,'en','packages/get-started/get-started','site_ready_description','Welcome to your new site! Your website has been created and populated with sample data. You are in the admin area of your site where you can set up everything else needed to complete your site.','2023-11-08 01:38:16','2023-11-08 01:38:16'),(1003,1,'en','packages/get-started/get-started','finish','Finish','2023-11-08 01:38:16','2023-11-08 01:38:16'),(1004,1,'en','packages/get-started/get-started','exit_wizard_title','Are you sure you want to exit the Quick Setup Wizard?','2023-11-08 01:38:16','2023-11-08 01:38:16'),(1005,1,'en','packages/get-started/get-started','exit_wizard_confirm','Yes, I\'ll finish it later','2023-11-08 01:38:16','2023-11-08 01:38:16'),(1006,1,'en','packages/get-started/get-started','exit_wizard_cancel','No, take me back to the wizard','2023-11-08 01:38:16','2023-11-08 01:38:16'),(1007,1,'en','packages/get-started/get-started','change_default_account_info_title','Change default account info','2023-11-08 01:38:16','2023-11-08 01:38:16'),(1008,1,'en','packages/get-started/get-started','change_default_account_info_description','The default account is using a weak password. You need to change it to a complex password for better security.','2023-11-08 01:38:16','2023-11-08 01:38:16'),(1009,1,'en','packages/get-started/get-started','username','Username','2023-11-08 01:38:16','2023-11-08 01:38:16'),(1010,1,'en','packages/get-started/get-started','email','Email','2023-11-08 01:38:16','2023-11-08 01:38:16'),(1011,1,'en','packages/get-started/get-started','password','Password','2023-11-08 01:38:16','2023-11-08 01:38:16'),(1012,1,'en','packages/get-started/get-started','password_confirmation','Password confirmation','2023-11-08 01:38:16','2023-11-08 01:38:16'),(1013,1,'en','packages/installer/installer','title','Installer','2023-11-08 01:38:16','2023-11-08 01:38:16'),(1014,1,'en','packages/installer/installer','next','Next Step','2023-11-08 01:38:16','2023-11-08 01:38:16'),(1015,1,'en','packages/installer/installer','back','Previous','2023-11-08 01:38:16','2023-11-08 01:38:16'),(1016,1,'en','packages/installer/installer','finish','Install','2023-11-08 01:38:16','2023-11-08 01:38:16'),(1017,1,'en','packages/installer/installer','installation','Installation','2023-11-08 01:38:16','2023-11-08 01:38:16'),(1018,1,'en','packages/installer/installer','forms.errorTitle','The following errors occurred:','2023-11-08 01:38:16','2023-11-08 01:38:16'),(1019,1,'en','packages/installer/installer','welcome.templateTitle','Welcome','2023-11-08 01:38:16','2023-11-08 01:38:16'),(1020,1,'en','packages/installer/installer','welcome.title','Welcome','2023-11-08 01:38:16','2023-11-08 01:38:16'),(1021,1,'en','packages/installer/installer','welcome.message','Before getting started, we need some information on the database. You will need to know the following items before proceeding.','2023-11-08 01:38:16','2023-11-08 01:38:16'),(1022,1,'en','packages/installer/installer','welcome.next','Let\'s go','2023-11-08 01:38:16','2023-11-08 01:38:16'),(1023,1,'en','packages/installer/installer','requirements.templateTitle','Step 1 | Server Requirements','2023-11-08 01:38:16','2023-11-08 01:38:16'),(1024,1,'en','packages/installer/installer','requirements.title','Server Requirements','2023-11-08 01:38:16','2023-11-08 01:38:16'),(1025,1,'en','packages/installer/installer','requirements.next','Check Permissions','2023-11-08 01:38:16','2023-11-08 01:38:16'),(1026,1,'en','packages/installer/installer','permissions.templateTitle','Step 2 | Permissions','2023-11-08 01:38:16','2023-11-08 01:38:16'),(1027,1,'en','packages/installer/installer','permissions.title','Permissions','2023-11-08 01:38:16','2023-11-08 01:38:16'),(1028,1,'en','packages/installer/installer','permissions.next','Configure Environment','2023-11-08 01:38:16','2023-11-08 01:38:16'),(1029,1,'en','packages/installer/installer','environment.wizard.templateTitle','Environment Settings','2023-11-08 01:38:16','2023-11-08 01:38:16'),(1030,1,'en','packages/installer/installer','environment.wizard.title','Environment Settings','2023-11-08 01:38:16','2023-11-08 01:38:16'),(1031,1,'en','packages/installer/installer','environment.wizard.form.name_required','An environment name is required.','2023-11-08 01:38:16','2023-11-08 01:38:16'),(1032,1,'en','packages/installer/installer','environment.wizard.form.app_name_label','Site title','2023-11-08 01:38:16','2023-11-08 01:38:16'),(1033,1,'en','packages/installer/installer','environment.wizard.form.app_name_placeholder','Site title','2023-11-08 01:38:16','2023-11-08 01:38:16'),(1034,1,'en','packages/installer/installer','environment.wizard.form.app_url_label','URL','2023-11-08 01:38:16','2023-11-08 01:38:16'),(1035,1,'en','packages/installer/installer','environment.wizard.form.app_url_placeholder','URL','2023-11-08 01:38:16','2023-11-08 01:38:16'),(1036,1,'en','packages/installer/installer','environment.wizard.form.db_connection_label','Database Connection','2023-11-08 01:38:16','2023-11-08 01:38:16'),(1037,1,'en','packages/installer/installer','environment.wizard.form.db_connection_label_mysql','MySQL','2023-11-08 01:38:16','2023-11-08 01:38:16'),(1038,1,'en','packages/installer/installer','environment.wizard.form.db_connection_label_sqlite','SQLite','2023-11-08 01:38:16','2023-11-08 01:38:16'),(1039,1,'en','packages/installer/installer','environment.wizard.form.db_connection_label_pgsql','PostgreSQL','2023-11-08 01:38:17','2023-11-08 01:38:17'),(1040,1,'en','packages/installer/installer','environment.wizard.form.db_host_label','Database host','2023-11-08 01:38:17','2023-11-08 01:38:17'),(1041,1,'en','packages/installer/installer','environment.wizard.form.db_host_placeholder','Database host','2023-11-08 01:38:17','2023-11-08 01:38:17'),(1042,1,'en','packages/installer/installer','environment.wizard.form.db_port_label','Database port','2023-11-08 01:38:17','2023-11-08 01:38:17'),(1043,1,'en','packages/installer/installer','environment.wizard.form.db_port_placeholder','Database port','2023-11-08 01:38:17','2023-11-08 01:38:17'),(1044,1,'en','packages/installer/installer','environment.wizard.form.db_name_label','Database name','2023-11-08 01:38:17','2023-11-08 01:38:17'),(1045,1,'en','packages/installer/installer','environment.wizard.form.db_name_placeholder','Database name','2023-11-08 01:38:17','2023-11-08 01:38:17'),(1046,1,'en','packages/installer/installer','environment.wizard.form.db_username_label','Database username','2023-11-08 01:38:17','2023-11-08 01:38:17'),(1047,1,'en','packages/installer/installer','environment.wizard.form.db_username_placeholder','Database username','2023-11-08 01:38:17','2023-11-08 01:38:17'),(1048,1,'en','packages/installer/installer','environment.wizard.form.db_password_label','Database password','2023-11-08 01:38:17','2023-11-08 01:38:17'),(1049,1,'en','packages/installer/installer','environment.wizard.form.db_password_placeholder','Database password','2023-11-08 01:38:17','2023-11-08 01:38:17'),(1050,1,'en','packages/installer/installer','environment.wizard.form.buttons.install','Install','2023-11-08 01:38:17','2023-11-08 01:38:17'),(1051,1,'en','packages/installer/installer','environment.wizard.form.db_host_helper','If you use Laravel Sail, just change DB_HOST to DB_HOST=mysql. On some hosting DB_HOST can be localhost instead of 127.0.0.1','2023-11-08 01:38:17','2023-11-08 01:38:17'),(1052,1,'en','packages/installer/installer','environment.wizard.form.db_connections.mysql','MySQL','2023-11-08 01:38:17','2023-11-08 01:38:17'),(1053,1,'en','packages/installer/installer','environment.wizard.form.db_connections.sqlite','SQLite','2023-11-08 01:38:17','2023-11-08 01:38:17'),(1054,1,'en','packages/installer/installer','environment.wizard.form.db_connections.pgsql','PostgreSQL','2023-11-08 01:38:17','2023-11-08 01:38:17'),(1055,1,'en','packages/installer/installer','environment.success','Your .env file settings have been saved.','2023-11-08 01:38:17','2023-11-08 01:38:17'),(1056,1,'en','packages/installer/installer','environment.errors','Unable to save the .env file, Please create it manually.','2023-11-08 01:38:17','2023-11-08 01:38:17'),(1057,1,'en','packages/installer/installer','install','Install','2023-11-08 01:38:17','2023-11-08 01:38:17'),(1058,1,'en','packages/installer/installer','final.title','Installation Finished','2023-11-08 01:38:17','2023-11-08 01:38:17'),(1059,1,'en','packages/installer/installer','final.templateTitle','Installation Finished','2023-11-08 01:38:17','2023-11-08 01:38:17'),(1060,1,'en','packages/installer/installer','final.finished','Application has been successfully installed.','2023-11-08 01:38:17','2023-11-08 01:38:17'),(1061,1,'en','packages/installer/installer','final.exit','Click here to exit','2023-11-08 01:38:17','2023-11-08 01:38:17'),(1062,1,'en','packages/installer/installer','create_account','Create account','2023-11-08 01:38:17','2023-11-08 01:38:17'),(1063,1,'en','packages/installer/installer','first_name','First name','2023-11-08 01:38:17','2023-11-08 01:38:17'),(1064,1,'en','packages/installer/installer','last_name','Last name','2023-11-08 01:38:17','2023-11-08 01:38:17'),(1065,1,'en','packages/installer/installer','username','Username','2023-11-08 01:38:17','2023-11-08 01:38:17'),(1066,1,'en','packages/installer/installer','email','Email','2023-11-08 01:38:17','2023-11-08 01:38:17'),(1067,1,'en','packages/installer/installer','password','Password','2023-11-08 01:38:17','2023-11-08 01:38:17'),(1068,1,'en','packages/installer/installer','password_confirmation','Password confirmation','2023-11-08 01:38:17','2023-11-08 01:38:17'),(1069,1,'en','packages/installer/installer','create','Create','2023-11-08 01:38:17','2023-11-08 01:38:17'),(1070,1,'en','packages/installer/installer','install_success','Installed successfully!','2023-11-08 01:38:17','2023-11-08 01:38:17'),(1071,1,'en','packages/menu/menu','name','Menus','2023-11-08 01:38:17','2023-11-08 01:38:17'),(1072,1,'en','packages/menu/menu','key_name','Menu name (key: :key)','2023-11-08 01:38:17','2023-11-08 01:38:17'),(1073,1,'en','packages/menu/menu','basic_info','Basic information','2023-11-08 01:38:17','2023-11-08 01:38:17'),(1074,1,'en','packages/menu/menu','add_to_menu','Add to menu','2023-11-08 01:38:17','2023-11-08 01:38:17'),(1075,1,'en','packages/menu/menu','custom_link','Custom link','2023-11-08 01:38:17','2023-11-08 01:38:17'),(1076,1,'en','packages/menu/menu','add_link','Add link','2023-11-08 01:38:17','2023-11-08 01:38:17'),(1077,1,'en','packages/menu/menu','structure','Menu structure','2023-11-08 01:38:17','2023-11-08 01:38:17'),(1078,1,'en','packages/menu/menu','remove','Remove','2023-11-08 01:38:17','2023-11-08 01:38:17'),(1079,1,'en','packages/menu/menu','cancel','Cancel','2023-11-08 01:38:17','2023-11-08 01:38:17'),(1080,1,'en','packages/menu/menu','title','Title','2023-11-08 01:38:17','2023-11-08 01:38:17'),(1081,1,'en','packages/menu/menu','icon','Icon','2023-11-08 01:38:17','2023-11-08 01:38:17'),(1082,1,'en','packages/menu/menu','url','URL','2023-11-08 01:38:17','2023-11-08 01:38:17'),(1083,1,'en','packages/menu/menu','target','Target','2023-11-08 01:38:17','2023-11-08 01:38:17'),(1084,1,'en','packages/menu/menu','css_class','CSS class','2023-11-08 01:38:17','2023-11-08 01:38:17'),(1085,1,'en','packages/menu/menu','self_open_link','Open link directly','2023-11-08 01:38:17','2023-11-08 01:38:17'),(1086,1,'en','packages/menu/menu','blank_open_link','Open link in new tab','2023-11-08 01:38:17','2023-11-08 01:38:17'),(1087,1,'en','packages/menu/menu','create','Create menu','2023-11-08 01:38:17','2023-11-08 01:38:17'),(1088,1,'en','packages/menu/menu','menu_settings','Menu settings','2023-11-08 01:38:17','2023-11-08 01:38:17'),(1089,1,'en','packages/menu/menu','display_location','Display location','2023-11-08 01:38:17','2023-11-08 01:38:17'),(1090,1,'en','packages/menu/menu','title_placeholder','Title','2023-11-08 01:38:17','2023-11-08 01:38:17'),(1091,1,'en','packages/menu/menu','icon_placeholder','Icon','2023-11-08 01:38:17','2023-11-08 01:38:17'),(1092,1,'en','packages/menu/menu','url_placeholder','URL','2023-11-08 01:38:17','2023-11-08 01:38:17'),(1093,1,'en','packages/menu/menu','css_class_placeholder','CSS class','2023-11-08 01:38:17','2023-11-08 01:38:17'),(1094,1,'en','packages/menu/menu','menu_id','Menu ID','2023-11-08 01:38:17','2023-11-08 01:38:17'),(1095,1,'en','packages/optimize/optimize','settings.title','Optimize page speed','2023-11-08 01:38:17','2023-11-08 01:38:17'),(1096,1,'en','packages/optimize/optimize','settings.description','Minify HTML output, inline CSS, remove comments...','2023-11-08 01:38:17','2023-11-08 01:38:17'),(1097,1,'en','packages/optimize/optimize','settings.enable','Enable optimize page speed?','2023-11-08 01:38:17','2023-11-08 01:38:17'),(1098,1,'en','packages/optimize/optimize','collapse_white_space','Collapse white space','2023-11-08 01:38:17','2023-11-08 01:38:17'),(1099,1,'en','packages/optimize/optimize','collapse_white_space_description','This filter reduces bytes transmitted in an HTML file by removing unnecessary whitespace.','2023-11-08 01:38:17','2023-11-08 01:38:17'),(1100,1,'en','packages/optimize/optimize','elide_attributes','Elide attributes','2023-11-08 01:38:17','2023-11-08 01:38:17'),(1101,1,'en','packages/optimize/optimize','elide_attributes_description','This filter reduces the transfer size of HTML files by removing attributes from tags when the specified value is equal to the default value for that attribute. This can save a modest number of bytes, and may make the document more compressible by canonicalizing the affected tags.','2023-11-08 01:38:17','2023-11-08 01:38:17'),(1102,1,'en','packages/optimize/optimize','inline_css','Inline CSS','2023-11-08 01:38:17','2023-11-08 01:38:17'),(1103,1,'en','packages/optimize/optimize','inline_css_description','This filter transforms the inline \"style\" attribute of tags into classes by moving the CSS to the header.','2023-11-08 01:38:17','2023-11-08 01:38:17'),(1104,1,'en','packages/optimize/optimize','insert_dns_prefetch','Insert DNS prefetch','2023-11-08 01:38:17','2023-11-08 01:38:17'),(1105,1,'en','packages/optimize/optimize','insert_dns_prefetch_description','This filter injects tags in the HEAD to enable the browser to do DNS prefetching.','2023-11-08 01:38:17','2023-11-08 01:38:17'),(1106,1,'en','packages/optimize/optimize','remove_comments','Remove comments','2023-11-08 01:38:17','2023-11-08 01:38:17'),(1107,1,'en','packages/optimize/optimize','remove_comments_description','This filter eliminates HTML, JS and CSS comments. The filter reduces the transfer size of HTML files by removing the comments. Depending on the HTML file, this filter can significantly reduce the number of bytes transmitted on the network.','2023-11-08 01:38:17','2023-11-08 01:38:17'),(1108,1,'en','packages/optimize/optimize','remove_quotes','Remove quotes','2023-11-08 01:38:17','2023-11-08 01:38:17'),(1109,1,'en','packages/optimize/optimize','remove_quotes_description','This filter eliminates unnecessary quotation marks from HTML attributes. While required by the various HTML specifications, browsers permit their omission when the value of an attribute is composed of a certain subset of characters (alphanumerics and some punctuation characters).','2023-11-08 01:38:17','2023-11-08 01:38:17'),(1110,1,'en','packages/optimize/optimize','defer_javascript','Defer javascript','2023-11-08 01:38:17','2023-11-08 01:38:17'),(1111,1,'en','packages/optimize/optimize','defer_javascript_description','Defers the execution of javascript in the HTML. If necessary cancel deferring in some script, use data-pagespeed-no-defer as script attribute to cancel deferring.','2023-11-08 01:38:17','2023-11-08 01:38:17'),(1112,1,'en','packages/page/pages','create','Create new page','2023-11-08 01:38:17','2023-11-08 01:38:17'),(1113,1,'en','packages/page/pages','form.name','Name','2023-11-08 01:38:17','2023-11-08 01:38:17'),(1114,1,'en','packages/page/pages','form.name_placeholder','Page\'s name (Maximum 120 characters)','2023-11-08 01:38:17','2023-11-08 01:38:17'),(1115,1,'en','packages/page/pages','form.content','Content','2023-11-08 01:38:17','2023-11-08 01:38:17'),(1116,1,'en','packages/page/pages','form.note','Note content','2023-11-08 01:38:17','2023-11-08 01:38:17'),(1117,1,'en','packages/page/pages','notices.no_select','Please select at least one record to take this action!','2023-11-08 01:38:17','2023-11-08 01:38:17'),(1118,1,'en','packages/page/pages','notices.update_success_message','Update successfully','2023-11-08 01:38:17','2023-11-08 01:38:17'),(1119,1,'en','packages/page/pages','cannot_delete','Page could not be deleted','2023-11-08 01:38:17','2023-11-08 01:38:17'),(1120,1,'en','packages/page/pages','deleted','Page deleted','2023-11-08 01:38:17','2023-11-08 01:38:17'),(1121,1,'en','packages/page/pages','pages','Pages','2023-11-08 01:38:17','2023-11-08 01:38:17'),(1122,1,'en','packages/page/pages','menu','Pages','2023-11-08 01:38:17','2023-11-08 01:38:17'),(1123,1,'en','packages/page/pages','menu_name','Pages','2023-11-08 01:38:17','2023-11-08 01:38:17'),(1124,1,'en','packages/page/pages','edit_this_page','Edit this page','2023-11-08 01:38:17','2023-11-08 01:38:17'),(1125,1,'en','packages/page/pages','total_pages','Total pages','2023-11-08 01:38:17','2023-11-08 01:38:17'),(1126,1,'en','packages/page/pages','settings.show_on_front','Your homepage displays','2023-11-08 01:38:17','2023-11-08 01:38:17'),(1127,1,'en','packages/page/pages','settings.select','— Select —','2023-11-08 01:38:17','2023-11-08 01:38:17'),(1128,1,'en','packages/page/pages','front_page','Front Page','2023-11-08 01:38:17','2023-11-08 01:38:17'),(1129,1,'en','packages/plugin-management/marketplace','previous','&laquo; Previous','2023-11-08 01:38:17','2023-11-08 01:38:17'),(1130,1,'en','packages/plugin-management/marketplace','next','Next &raquo;','2023-11-08 01:38:17','2023-11-08 01:38:17'),(1131,1,'en','packages/plugin-management/marketplace','showing','Showing','2023-11-08 01:38:17','2023-11-08 01:38:17'),(1132,1,'en','packages/plugin-management/marketplace','to','to','2023-11-08 01:38:17','2023-11-08 01:38:17'),(1133,1,'en','packages/plugin-management/marketplace','of','of','2023-11-08 01:38:17','2023-11-08 01:38:17'),(1134,1,'en','packages/plugin-management/marketplace','results','results','2023-11-08 01:38:17','2023-11-08 01:38:17'),(1135,1,'en','packages/plugin-management/marketplace','add_new','Add new','2023-11-08 01:38:17','2023-11-08 01:38:17'),(1136,1,'en','packages/plugin-management/marketplace','installed','Installed','2023-11-08 01:38:17','2023-11-08 01:38:17'),(1137,1,'en','packages/plugin-management/marketplace','install_now','Install now','2023-11-08 01:38:17','2023-11-08 01:38:17'),(1138,1,'en','packages/plugin-management/marketplace','installing','Installing...','2023-11-08 01:38:17','2023-11-08 01:38:17'),(1139,1,'en','packages/plugin-management/marketplace','detail','Details','2023-11-08 01:38:17','2023-11-08 01:38:17'),(1140,1,'en','packages/plugin-management/marketplace','version','Version','2023-11-08 01:38:17','2023-11-08 01:38:17'),(1141,1,'en','packages/plugin-management/marketplace','minimum_core_version','Minimum core version','2023-11-08 01:38:17','2023-11-08 01:38:17'),(1142,1,'en','packages/plugin-management/marketplace','last_update','Last update','2023-11-08 01:38:18','2023-11-08 01:38:18'),(1143,1,'en','packages/plugin-management/marketplace','compatible_version','Compatible with your version','2023-11-08 01:38:18','2023-11-08 01:38:18'),(1144,1,'en','packages/plugin-management/marketplace','incompatible_version','Incompatible with your version','2023-11-08 01:38:18','2023-11-08 01:38:18'),(1145,1,'en','packages/plugin-management/marketplace','deactivate','Deactivate','2023-11-08 01:38:18','2023-11-08 01:38:18'),(1146,1,'en','packages/plugin-management/marketplace','activate','Activate','2023-11-08 01:38:18','2023-11-08 01:38:18'),(1147,1,'en','packages/plugin-management/marketplace','activating','Activating...','2023-11-08 01:38:18','2023-11-08 01:38:18'),(1148,1,'en','packages/plugin-management/marketplace','activated','Activated','2023-11-08 01:38:18','2023-11-08 01:38:18'),(1149,1,'en','packages/plugin-management/marketplace','connection_aborted','Connection Aborted','2023-11-08 01:38:18','2023-11-08 01:38:18'),(1150,1,'en','packages/plugin-management/marketplace','connection_aborted_description','Connection Aborted Description','2023-11-08 01:38:18','2023-11-08 01:38:18'),(1151,1,'en','packages/plugin-management/marketplace','api_connect_error','Connect to Marketplace API Error, please contact support','2023-11-08 01:38:18','2023-11-08 01:38:18'),(1152,1,'en','packages/plugin-management/marketplace','keyword','Keyword','2023-11-08 01:38:18','2023-11-08 01:38:18'),(1153,1,'en','packages/plugin-management/marketplace','search','Search','2023-11-08 01:38:18','2023-11-08 01:38:18'),(1154,1,'en','packages/plugin-management/marketplace','all','All','2023-11-08 01:38:18','2023-11-08 01:38:18'),(1155,1,'en','packages/plugin-management/marketplace','featured','Featured','2023-11-08 01:38:18','2023-11-08 01:38:18'),(1156,1,'en','packages/plugin-management/marketplace','popular','Popular','2023-11-08 01:38:18','2023-11-08 01:38:18'),(1157,1,'en','packages/plugin-management/marketplace','top_rated','Top Rated','2023-11-08 01:38:18','2023-11-08 01:38:18'),(1158,1,'en','packages/plugin-management/marketplace','install_plugin','Install plugin','2023-11-08 01:38:18','2023-11-08 01:38:18'),(1159,1,'en','packages/plugin-management/marketplace','cancel','Cancel','2023-11-08 01:38:18','2023-11-08 01:38:18'),(1160,1,'en','packages/plugin-management/marketplace','yes_install',' Yes! Install','2023-11-08 01:38:18','2023-11-08 01:38:18'),(1161,1,'en','packages/plugin-management/marketplace','message_alert','Are you sure you want to install this plugin?','2023-11-08 01:38:18','2023-11-08 01:38:18'),(1162,1,'en','packages/plugin-management/marketplace','folder_permissions','Folder does not have permission to write file or the update file path could not be resolved, please contact support','2023-11-08 01:38:18','2023-11-08 01:38:18'),(1163,1,'en','packages/plugin-management/marketplace','unzip_failed','Unzip extraction failed','2023-11-08 01:38:18','2023-11-08 01:38:18'),(1164,1,'en','packages/plugin-management/marketplace','unzip_success','Download file extracted','2023-11-08 01:38:18','2023-11-08 01:38:18'),(1165,1,'en','packages/plugin-management/marketplace','install_success','Installed plugin successfully!','2023-11-08 01:38:18','2023-11-08 01:38:18'),(1166,1,'en','packages/plugin-management/marketplace','update_success','Updated plugin successfully!','2023-11-08 01:38:18','2023-11-08 01:38:18'),(1167,1,'en','packages/plugin-management/marketplace','minimum_core_version_error','Cannot install this plugin. Minimum core version is :version.','2023-11-08 01:38:18','2023-11-08 01:38:18'),(1168,1,'en','packages/plugin-management/plugin','enabled','Enabled','2023-11-08 01:38:18','2023-11-08 01:38:18'),(1169,1,'en','packages/plugin-management/plugin','deactivated','Deactivated','2023-11-08 01:38:18','2023-11-08 01:38:18'),(1170,1,'en','packages/plugin-management/plugin','activated','Activated','2023-11-08 01:38:18','2023-11-08 01:38:18'),(1171,1,'en','packages/plugin-management/plugin','activate','Activate','2023-11-08 01:38:18','2023-11-08 01:38:18'),(1172,1,'en','packages/plugin-management/plugin','deactivate','Deactivate','2023-11-08 01:38:18','2023-11-08 01:38:18'),(1173,1,'en','packages/plugin-management/plugin','author','By','2023-11-08 01:38:18','2023-11-08 01:38:18'),(1174,1,'en','packages/plugin-management/plugin','update_plugin_status_success','Update plugin successfully','2023-11-08 01:38:18','2023-11-08 01:38:18'),(1175,1,'en','packages/plugin-management/plugin','plugins','Plugins','2023-11-08 01:38:18','2023-11-08 01:38:18'),(1176,1,'en','packages/plugin-management/plugin','missing_required_plugins','Please activate plugin(s): :plugins before activate this plugin!','2023-11-08 01:38:18','2023-11-08 01:38:18'),(1177,1,'en','packages/plugin-management/plugin','remove','Remove','2023-11-08 01:38:18','2023-11-08 01:38:18'),(1178,1,'en','packages/plugin-management/plugin','remove_plugin_success','Remove plugin successfully!','2023-11-08 01:38:18','2023-11-08 01:38:18'),(1179,1,'en','packages/plugin-management/plugin','remove_plugin','Remove plugin','2023-11-08 01:38:18','2023-11-08 01:38:18'),(1180,1,'en','packages/plugin-management/plugin','remove_plugin_confirm_message','Do you really want to remove this plugin?','2023-11-08 01:38:18','2023-11-08 01:38:18'),(1181,1,'en','packages/plugin-management/plugin','remove_plugin_confirm_yes','Yes, remove it!','2023-11-08 01:38:18','2023-11-08 01:38:18'),(1182,1,'en','packages/plugin-management/plugin','total_plugins','Total plugins','2023-11-08 01:38:18','2023-11-08 01:38:18'),(1183,1,'en','packages/plugin-management/plugin','invalid_plugin','This plugin is not a valid plugin, please check it again!','2023-11-08 01:38:18','2023-11-08 01:38:18'),(1184,1,'en','packages/plugin-management/plugin','version','Version','2023-11-08 01:38:18','2023-11-08 01:38:18'),(1185,1,'en','packages/plugin-management/plugin','invalid_json','Invalid plugin.json!','2023-11-08 01:38:18','2023-11-08 01:38:18'),(1186,1,'en','packages/plugin-management/plugin','activate_success','Activate plugin successfully!','2023-11-08 01:38:18','2023-11-08 01:38:18'),(1187,1,'en','packages/plugin-management/plugin','activated_already','This plugin is activated already!','2023-11-08 01:38:18','2023-11-08 01:38:18'),(1188,1,'en','packages/plugin-management/plugin','plugin_not_exist','This plugin is not exists.','2023-11-08 01:38:18','2023-11-08 01:38:18'),(1189,1,'en','packages/plugin-management/plugin','missing_json_file','Missing file plugin.json!','2023-11-08 01:38:18','2023-11-08 01:38:18'),(1190,1,'en','packages/plugin-management/plugin','plugin_invalid','Plugin is valid!','2023-11-08 01:38:18','2023-11-08 01:38:18'),(1191,1,'en','packages/plugin-management/plugin','published_assets_success','Publish assets for plugin :name successfully!','2023-11-08 01:38:18','2023-11-08 01:38:18'),(1192,1,'en','packages/plugin-management/plugin','plugin_removed','Plugin has been removed!','2023-11-08 01:38:18','2023-11-08 01:38:18'),(1193,1,'en','packages/plugin-management/plugin','deactivated_success','Deactivate plugin successfully!','2023-11-08 01:38:18','2023-11-08 01:38:18'),(1194,1,'en','packages/plugin-management/plugin','deactivated_already','This plugin is deactivated already!','2023-11-08 01:38:18','2023-11-08 01:38:18'),(1195,1,'en','packages/plugin-management/plugin','folder_is_not_writeable','Cannot write files! Folder :name is not writable. Please chmod to make it writable!','2023-11-08 01:38:18','2023-11-08 01:38:18'),(1196,1,'en','packages/plugin-management/plugin','plugin_is_not_ready','Plugin :name is not ready to use','2023-11-08 01:38:18','2023-11-08 01:38:18'),(1197,1,'en','packages/plugin-management/plugin','plugins_installed','Installed Plugins','2023-11-08 01:38:18','2023-11-08 01:38:18'),(1198,1,'en','packages/plugin-management/plugin','plugins_add_new','Add new','2023-11-08 01:38:18','2023-11-08 01:38:18'),(1199,1,'en','packages/plugin-management/plugin','update','Update','2023-11-08 01:38:18','2023-11-08 01:38:18'),(1200,1,'en','packages/plugin-management/plugin','requirement_not_met','Plugin :plugin requires plugin(s): :required_plugins. Do you want to install them and activate :plugin now?','2023-11-08 01:38:18','2023-11-08 01:38:18'),(1201,1,'en','packages/plugin-management/plugin','install','Install now','2023-11-08 01:38:18','2023-11-08 01:38:18'),(1202,1,'en','packages/plugin-management/plugin','install_plugin','Install Plugin','2023-11-08 01:38:18','2023-11-08 01:38:18'),(1203,1,'en','packages/plugin-management/plugin','minimum_core_version_not_met','Plugin :plugin requires :minimum_core_version version of core, but your core version is :current_core_version. Please upgrade your core to use this plugin!','2023-11-08 01:38:18','2023-11-08 01:38:18'),(1204,1,'en','packages/seo-helper/seo-helper','meta_box_header','Search Engine Optimize','2023-11-08 01:38:18','2023-11-08 01:38:18'),(1205,1,'en','packages/seo-helper/seo-helper','edit_seo_meta','Edit SEO meta','2023-11-08 01:38:18','2023-11-08 01:38:18'),(1206,1,'en','packages/seo-helper/seo-helper','default_description','Setup meta title & description to make your site easy to discovered on search engines such as Google','2023-11-08 01:38:18','2023-11-08 01:38:18'),(1207,1,'en','packages/seo-helper/seo-helper','seo_title','SEO Title','2023-11-08 01:38:18','2023-11-08 01:38:18'),(1208,1,'en','packages/seo-helper/seo-helper','seo_description','SEO description','2023-11-08 01:38:18','2023-11-08 01:38:18'),(1209,1,'en','packages/slug/slug','permalink_settings','Permalink','2023-11-08 01:38:18','2023-11-08 01:38:18'),(1210,1,'en','packages/slug/slug','settings.title','Permalink settings','2023-11-08 01:38:18','2023-11-08 01:38:18'),(1211,1,'en','packages/slug/slug','settings.description','Manage permalink for all modules.','2023-11-08 01:38:18','2023-11-08 01:38:18'),(1212,1,'en','packages/slug/slug','settings.preview','Preview','2023-11-08 01:38:18','2023-11-08 01:38:18'),(1213,1,'en','packages/slug/slug','settings.turn_off_automatic_url_translation_into_latin','Turn off automatic URL translation into Latin?','2023-11-08 01:38:18','2023-11-08 01:38:18'),(1214,1,'en','packages/slug/slug','settings.available_variables','Available variables','2023-11-08 01:38:18','2023-11-08 01:38:18'),(1215,1,'en','packages/slug/slug','preview','Preview','2023-11-08 01:38:18','2023-11-08 01:38:18'),(1216,1,'en','packages/slug/slug','prefix_for','Prefix for :name','2023-11-08 01:38:18','2023-11-08 01:38:18'),(1217,1,'en','packages/slug/slug','public_single_ending_url','Postfix for single page URL','2023-11-08 01:38:18','2023-11-08 01:38:18'),(1218,1,'en','packages/slug/slug','current_year','Current year','2023-11-08 01:38:18','2023-11-08 01:38:18'),(1219,1,'en','packages/slug/slug','current_month','Current month','2023-11-08 01:38:18','2023-11-08 01:38:18'),(1220,1,'en','packages/slug/slug','current_day','Current day','2023-11-08 01:38:18','2023-11-08 01:38:18'),(1221,1,'en','packages/theme/theme','name','Themes','2023-11-08 01:38:18','2023-11-08 01:38:18'),(1222,1,'en','packages/theme/theme','theme','Theme','2023-11-08 01:38:18','2023-11-08 01:38:18'),(1223,1,'en','packages/theme/theme','author','Author','2023-11-08 01:38:18','2023-11-08 01:38:18'),(1224,1,'en','packages/theme/theme','version','Version','2023-11-08 01:38:18','2023-11-08 01:38:18'),(1225,1,'en','packages/theme/theme','description','Description','2023-11-08 01:38:18','2023-11-08 01:38:18'),(1226,1,'en','packages/theme/theme','active_success','Activate theme :name successfully!','2023-11-08 01:38:18','2023-11-08 01:38:18'),(1227,1,'en','packages/theme/theme','active','Active','2023-11-08 01:38:18','2023-11-08 01:38:18'),(1228,1,'en','packages/theme/theme','activated','Activated','2023-11-08 01:38:18','2023-11-08 01:38:18'),(1229,1,'en','packages/theme/theme','appearance','Appearance','2023-11-08 01:38:18','2023-11-08 01:38:18'),(1230,1,'en','packages/theme/theme','theme_options','Theme options','2023-11-08 01:38:18','2023-11-08 01:38:18'),(1231,1,'en','packages/theme/theme','save_changes','Save Changes','2023-11-08 01:38:18','2023-11-08 01:38:18'),(1232,1,'en','packages/theme/theme','custom_css','Custom CSS','2023-11-08 01:38:18','2023-11-08 01:38:18'),(1233,1,'en','packages/theme/theme','custom_js','Custom JS','2023-11-08 01:38:18','2023-11-08 01:38:18'),(1234,1,'en','packages/theme/theme','custom_header_js','Header JS','2023-11-08 01:38:18','2023-11-08 01:38:18'),(1235,1,'en','packages/theme/theme','custom_header_js_placeholder','JS in header of page, wrap it inside &#x3C;script&#x3E;&#x3C;/script&#x3E;','2023-11-08 01:38:18','2023-11-08 01:38:18'),(1236,1,'en','packages/theme/theme','custom_body_js','Body JS','2023-11-08 01:38:18','2023-11-08 01:38:18'),(1237,1,'en','packages/theme/theme','custom_body_js_placeholder','JS in body of page, wrap it inside &#x3C;script&#x3E;&#x3C;/script&#x3E;','2023-11-08 01:38:18','2023-11-08 01:38:18'),(1238,1,'en','packages/theme/theme','custom_footer_js','Footer JS','2023-11-08 01:38:18','2023-11-08 01:38:18'),(1239,1,'en','packages/theme/theme','custom_footer_js_placeholder','JS in footer of page, wrap it inside &#x3C;script&#x3E;&#x3C;/script&#x3E;','2023-11-08 01:38:18','2023-11-08 01:38:18'),(1240,1,'en','packages/theme/theme','custom_html','Custom HTML','2023-11-08 01:38:18','2023-11-08 01:38:18'),(1241,1,'en','packages/theme/theme','custom_header_html','Header HTML','2023-11-08 01:38:18','2023-11-08 01:38:18'),(1242,1,'en','packages/theme/theme','custom_header_html_placeholder','HTML in header of page, no special tags: script, style, iframe...','2023-11-08 01:38:18','2023-11-08 01:38:18'),(1243,1,'en','packages/theme/theme','custom_body_html','Body HTML','2023-11-08 01:38:18','2023-11-08 01:38:18'),(1244,1,'en','packages/theme/theme','custom_body_html_placeholder','HTML in body of page, no special tags: script, style, iframe...','2023-11-08 01:38:18','2023-11-08 01:38:18'),(1245,1,'en','packages/theme/theme','custom_footer_html','Footer HTML','2023-11-08 01:38:18','2023-11-08 01:38:18'),(1246,1,'en','packages/theme/theme','custom_footer_html_placeholder','HTML in footer of page, no special tags: script, style, iframe...','2023-11-08 01:38:18','2023-11-08 01:38:18'),(1247,1,'en','packages/theme/theme','remove_theme_success','Remove theme successfully!','2023-11-08 01:38:18','2023-11-08 01:38:18'),(1248,1,'en','packages/theme/theme','theme_is_not_existed','This theme is not existed!','2023-11-08 01:38:18','2023-11-08 01:38:18'),(1249,1,'en','packages/theme/theme','remove','Remove','2023-11-08 01:38:18','2023-11-08 01:38:18'),(1250,1,'en','packages/theme/theme','remove_theme','Remove theme','2023-11-08 01:38:18','2023-11-08 01:38:18'),(1251,1,'en','packages/theme/theme','remove_theme_confirm_message','Do you really want to remove this theme?','2023-11-08 01:38:18','2023-11-08 01:38:18'),(1252,1,'en','packages/theme/theme','remove_theme_confirm_yes','Yes, remove it!','2023-11-08 01:38:18','2023-11-08 01:38:18'),(1253,1,'en','packages/theme/theme','total_themes','Total themes','2023-11-08 01:38:18','2023-11-08 01:38:18'),(1254,1,'en','packages/theme/theme','show_admin_bar','Show admin bar (When admin logged in, still show admin bar in website)?','2023-11-08 01:38:19','2023-11-08 01:38:19'),(1255,1,'en','packages/theme/theme','settings.title','Theme','2023-11-08 01:38:19','2023-11-08 01:38:19'),(1256,1,'en','packages/theme/theme','settings.description','Setting for theme','2023-11-08 01:38:19','2023-11-08 01:38:19'),(1257,1,'en','packages/theme/theme','settings.redirect_404_to_homepage','Redirect all not found requests to homepage?','2023-11-08 01:38:19','2023-11-08 01:38:19'),(1258,1,'en','packages/theme/theme','settings.show_guidelines','Show guidelines?','2023-11-08 01:38:19','2023-11-08 01:38:19'),(1259,1,'en','packages/theme/theme','add_new','Add new','2023-11-08 01:38:19','2023-11-08 01:38:19'),(1260,1,'en','packages/theme/theme','theme_activated_already','Theme \":name\" is activated already!','2023-11-08 01:38:19','2023-11-08 01:38:19'),(1261,1,'en','packages/theme/theme','missing_json_file','Missing file theme.json!','2023-11-08 01:38:19','2023-11-08 01:38:19'),(1262,1,'en','packages/theme/theme','theme_invalid','Theme is valid!','2023-11-08 01:38:19','2023-11-08 01:38:19'),(1263,1,'en','packages/theme/theme','published_assets_success','Publish assets for :themes successfully!','2023-11-08 01:38:19','2023-11-08 01:38:19'),(1264,1,'en','packages/theme/theme','cannot_remove_theme','Cannot remove activated theme, please activate another theme before removing \":name\"!','2023-11-08 01:38:19','2023-11-08 01:38:19'),(1265,1,'en','packages/theme/theme','theme_deleted','Theme \":name\" has been destroyed.','2023-11-08 01:38:19','2023-11-08 01:38:19'),(1266,1,'en','packages/theme/theme','removed_assets','Remove assets of a theme :name successfully!','2023-11-08 01:38:19','2023-11-08 01:38:19'),(1267,1,'en','packages/theme/theme','update_custom_css_success','Update custom CSS successfully!','2023-11-08 01:38:19','2023-11-08 01:38:19'),(1268,1,'en','packages/theme/theme','update_custom_js_success','Update custom JS successfully!','2023-11-08 01:38:19','2023-11-08 01:38:19'),(1269,1,'en','packages/theme/theme','update_custom_html_success','Update custom HTML successfully!','2023-11-08 01:38:19','2023-11-08 01:38:19'),(1270,1,'en','packages/theme/theme','go_to_dashboard','Go to dashboard','2023-11-08 01:38:19','2023-11-08 01:38:19'),(1271,1,'en','packages/theme/theme','custom_css_placeholder','Using Ctrl + Space to autocomplete.','2023-11-08 01:38:19','2023-11-08 01:38:19'),(1272,1,'en','packages/theme/theme','theme_option_general','General','2023-11-08 01:38:19','2023-11-08 01:38:19'),(1273,1,'en','packages/theme/theme','theme_option_general_description','General settings','2023-11-08 01:38:19','2023-11-08 01:38:19'),(1274,1,'en','packages/theme/theme','theme_option_seo_open_graph_image','SEO default Open Graph image','2023-11-08 01:38:19','2023-11-08 01:38:19'),(1275,1,'en','packages/theme/theme','theme_option_logo','Logo','2023-11-08 01:38:19','2023-11-08 01:38:19'),(1276,1,'en','packages/theme/theme','theme_option_favicon','Favicon','2023-11-08 01:38:19','2023-11-08 01:38:19'),(1277,1,'en','packages/theme/theme','folder_is_not_writeable','Cannot write files! Folder :name is not writable. Please chmod to make it writable!','2023-11-08 01:38:19','2023-11-08 01:38:19'),(1278,1,'en','packages/theme/theme','breadcrumb_enabled','Enable breadcrumb?','2023-11-08 01:38:19','2023-11-08 01:38:19'),(1279,1,'en','packages/widget/widget','name','Widgets','2023-11-08 01:38:19','2023-11-08 01:38:19'),(1280,1,'en','packages/widget/widget','create','New widget','2023-11-08 01:38:19','2023-11-08 01:38:19'),(1281,1,'en','packages/widget/widget','edit','Edit widget','2023-11-08 01:38:19','2023-11-08 01:38:19'),(1282,1,'en','packages/widget/widget','delete','Delete','2023-11-08 01:38:19','2023-11-08 01:38:19'),(1283,1,'en','packages/widget/widget','available','Available Widgets','2023-11-08 01:38:19','2023-11-08 01:38:19'),(1284,1,'en','packages/widget/widget','instruction','To activate a widget drag it to a sidebar or click on it. To deactivate a widget and delete its settings, drag it back.','2023-11-08 01:38:19','2023-11-08 01:38:19'),(1285,1,'en','packages/widget/widget','number_tag_display','Number tags will be display','2023-11-08 01:38:19','2023-11-08 01:38:19'),(1286,1,'en','packages/widget/widget','number_post_display','Number posts will be display','2023-11-08 01:38:19','2023-11-08 01:38:19'),(1287,1,'en','packages/widget/widget','select_menu','Select Menu','2023-11-08 01:38:19','2023-11-08 01:38:19'),(1288,1,'en','packages/widget/widget','widget_text','Text','2023-11-08 01:38:19','2023-11-08 01:38:19'),(1289,1,'en','packages/widget/widget','widget_text_description','Arbitrary text or HTML.','2023-11-08 01:38:19','2023-11-08 01:38:19'),(1290,1,'en','packages/widget/widget','widget_recent_post','Recent Posts','2023-11-08 01:38:19','2023-11-08 01:38:19'),(1291,1,'en','packages/widget/widget','widget_recent_post_description','Recent posts widget.','2023-11-08 01:38:19','2023-11-08 01:38:19'),(1292,1,'en','packages/widget/widget','widget_custom_menu','Custom Menu','2023-11-08 01:38:19','2023-11-08 01:38:19'),(1293,1,'en','packages/widget/widget','widget_custom_menu_description','Add a custom menu to your widget area.','2023-11-08 01:38:19','2023-11-08 01:38:19'),(1294,1,'en','packages/widget/widget','widget_tag','Tags','2023-11-08 01:38:19','2023-11-08 01:38:19'),(1295,1,'en','packages/widget/widget','widget_tag_description','Popular tags','2023-11-08 01:38:19','2023-11-08 01:38:19'),(1296,1,'en','packages/widget/widget','widget_menu','Simple Menu','2023-11-08 01:38:19','2023-11-08 01:38:19'),(1297,1,'en','packages/widget/widget','widget_menu_description','Add a simple menu to your widget area.','2023-11-08 01:38:19','2023-11-08 01:38:19'),(1298,1,'en','packages/widget/widget','widget_menu_label','Label','2023-11-08 01:38:19','2023-11-08 01:38:19'),(1299,1,'en','packages/widget/widget','widget_menu_attributes','Attributes','2023-11-08 01:38:19','2023-11-08 01:38:19'),(1300,1,'en','packages/widget/widget','widget_menu_url','URL','2023-11-08 01:38:19','2023-11-08 01:38:19'),(1301,1,'en','packages/widget/widget','widget_menu_is_open_new_tab','Is open new tab?','2023-11-08 01:38:19','2023-11-08 01:38:19'),(1302,1,'en','packages/widget/widget','save_success','Save widget successfully!','2023-11-08 01:38:19','2023-11-08 01:38:19'),(1303,1,'en','packages/widget/widget','delete_success','Delete widget successfully!','2023-11-08 01:38:19','2023-11-08 01:38:19'),(1304,1,'en','packages/widget/widget','primary_sidebar_name','Primary sidebar','2023-11-08 01:38:19','2023-11-08 01:38:19'),(1305,1,'en','packages/widget/widget','primary_sidebar_description','Primary sidebar section','2023-11-08 01:38:19','2023-11-08 01:38:19'),(1306,1,'en','plugins/ads/ads','name','Ads','2023-11-08 01:38:19','2023-11-08 01:38:19'),(1307,1,'en','plugins/ads/ads','create','New ads','2023-11-08 01:38:19','2023-11-08 01:38:19'),(1308,1,'en','plugins/ads/ads','edit','Edit ads','2023-11-08 01:38:19','2023-11-08 01:38:19'),(1309,1,'en','plugins/ads/ads','location','Location','2023-11-08 01:38:19','2023-11-08 01:38:19'),(1310,1,'en','plugins/ads/ads','url','URL','2023-11-08 01:38:19','2023-11-08 01:38:19'),(1311,1,'en','plugins/ads/ads','expired_at','Expired at','2023-11-08 01:38:19','2023-11-08 01:38:19'),(1312,1,'en','plugins/ads/ads','key','Key','2023-11-08 01:38:19','2023-11-08 01:38:19'),(1313,1,'en','plugins/ads/ads','shortcode','Shortcode','2023-11-08 01:38:19','2023-11-08 01:38:19'),(1314,1,'en','plugins/ads/ads','clicked','Clicked','2023-11-08 01:38:19','2023-11-08 01:38:19'),(1315,1,'en','plugins/ads/ads','not_set','Not set','2023-11-08 01:38:19','2023-11-08 01:38:19'),(1316,1,'en','plugins/ads/ads','adblock_warning','If you are using Adblock browser extension, you need to disable this extension on your site first. It may block your ads if it is enabled on your site! <br /> Tips: Image name SHOULD NOT contain some ads keywords (ad, promotion...)','2023-11-08 01:38:19','2023-11-08 01:38:19'),(1317,1,'en','plugins/ads/ads','select_ad','Select Ad','2023-11-08 01:38:19','2023-11-08 01:38:19'),(1318,1,'en','plugins/ads/ads','open_in_new_tab','Open in new tab?','2023-11-08 01:38:19','2023-11-08 01:38:19'),(1319,1,'en','plugins/analytics/analytics','sessions','Sessions','2023-11-08 01:38:19','2023-11-08 01:38:19'),(1320,1,'en','plugins/analytics/analytics','visitors','Visitors','2023-11-08 01:38:19','2023-11-08 01:38:19'),(1321,1,'en','plugins/analytics/analytics','pageviews','Pageviews','2023-11-08 01:38:19','2023-11-08 01:38:19'),(1322,1,'en','plugins/analytics/analytics','bounce_rate','Bounce Rate','2023-11-08 01:38:19','2023-11-08 01:38:19'),(1323,1,'en','plugins/analytics/analytics','page_session','Pages/Session','2023-11-08 01:38:19','2023-11-08 01:38:19'),(1324,1,'en','plugins/analytics/analytics','avg_duration','Avg. Duration','2023-11-08 01:38:19','2023-11-08 01:38:19'),(1325,1,'en','plugins/analytics/analytics','percent_new_session','Percent new session','2023-11-08 01:38:19','2023-11-08 01:38:19'),(1326,1,'en','plugins/analytics/analytics','new_users','New visitors','2023-11-08 01:38:19','2023-11-08 01:38:19'),(1327,1,'en','plugins/analytics/analytics','visits','visits','2023-11-08 01:38:19','2023-11-08 01:38:19'),(1328,1,'en','plugins/analytics/analytics','views','views','2023-11-08 01:38:19','2023-11-08 01:38:19'),(1329,1,'en','plugins/analytics/analytics','property_id_not_specified','You must provide a valid view id. The document here: <a href=\"https://docs.botble.com/cms/master/plugin-analytics\" target=\"_blank\">https://docs.botble.com/cms/master/plugin-analytics</a>','2023-11-08 01:38:19','2023-11-08 01:38:19'),(1330,1,'en','plugins/analytics/analytics','credential_is_not_valid','Analytics credentials is not valid. The document here: <a href=\"https://docs.botble.com/cms/master/plugin-analytics\" target=\"_blank\">https://docs.botble.com/cms/master/plugin-analytics</a>','2023-11-08 01:38:19','2023-11-08 01:38:19'),(1331,1,'en','plugins/analytics/analytics','start_date_can_not_before_end_date','Start date :start_date cannot be after end date :end_date','2023-11-08 01:38:19','2023-11-08 01:38:19'),(1332,1,'en','plugins/analytics/analytics','wrong_configuration','To view analytics you\'ll need to get a Google Analytics client id and add it to your settings. <br /> You also need JSON credential data. <br /> The document here: <a href=\"https://docs.botble.com/cms/master/plugin-analytics\" target=\"_blank\">https://docs.botble.com/cms/master/plugin-analytics</a>','2023-11-08 01:38:19','2023-11-08 01:38:19'),(1333,1,'en','plugins/analytics/analytics','property_id_is_invalid','Property ID is invalid. Check this: https://developers.google.com/analytics/devguides/reporting/data/v1/property-id','2023-11-08 01:38:19','2023-11-08 01:38:19'),(1334,1,'en','plugins/analytics/analytics','settings.title','Google Analytics','2023-11-08 01:38:19','2023-11-08 01:38:19'),(1335,1,'en','plugins/analytics/analytics','settings.description','Config Credentials for Google Analytics','2023-11-08 01:38:19','2023-11-08 01:38:19'),(1336,1,'en','plugins/analytics/analytics','settings.google_tag_id','Google tag ID','2023-11-08 01:38:19','2023-11-08 01:38:19'),(1337,1,'en','plugins/analytics/analytics','settings.google_tag_id_placeholder','Example: G-76NX8HY29D','2023-11-08 01:38:19','2023-11-08 01:38:19'),(1338,1,'en','plugins/analytics/analytics','settings.analytics_property_id','Property ID for GA4','2023-11-08 01:38:19','2023-11-08 01:38:19'),(1339,1,'en','plugins/analytics/analytics','settings.analytics_property_id_description','Google Analytics Property ID (GA4)','2023-11-08 01:38:19','2023-11-08 01:38:19'),(1340,1,'en','plugins/analytics/analytics','settings.json_credential','Service Account Credentials','2023-11-08 01:38:19','2023-11-08 01:38:19'),(1341,1,'en','plugins/analytics/analytics','settings.json_credential_description','Service Account Credentials','2023-11-08 01:38:19','2023-11-08 01:38:19'),(1342,1,'en','plugins/analytics/analytics','widget_analytics_page','Top Most Visit Pages','2023-11-08 01:38:19','2023-11-08 01:38:19'),(1343,1,'en','plugins/analytics/analytics','widget_analytics_browser','Top Browsers','2023-11-08 01:38:19','2023-11-08 01:38:19'),(1344,1,'en','plugins/analytics/analytics','widget_analytics_referrer','Top Referrers','2023-11-08 01:38:19','2023-11-08 01:38:19'),(1345,1,'en','plugins/analytics/analytics','widget_analytics_general','Site Analytics','2023-11-08 01:38:19','2023-11-08 01:38:19'),(1346,1,'en','plugins/analytics/analytics','missing_library_warning','Analytics plugin error: Missing third-party libraries, please run \"composer update\" to install them.','2023-11-08 01:38:19','2023-11-08 01:38:19'),(1347,1,'en','plugins/audit-log/history','name','Activities Logs','2023-11-08 01:38:19','2023-11-08 01:38:19'),(1348,1,'en','plugins/audit-log/history','created','created','2023-11-08 01:38:19','2023-11-08 01:38:19'),(1349,1,'en','plugins/audit-log/history','updated','updated','2023-11-08 01:38:19','2023-11-08 01:38:19'),(1350,1,'en','plugins/audit-log/history','deleted','deleted','2023-11-08 01:38:19','2023-11-08 01:38:19'),(1351,1,'en','plugins/audit-log/history','logged in','logged in','2023-11-08 01:38:19','2023-11-08 01:38:19'),(1352,1,'en','plugins/audit-log/history','logged out','logged out','2023-11-08 01:38:19','2023-11-08 01:38:19'),(1353,1,'en','plugins/audit-log/history','changed password','changed password','2023-11-08 01:38:19','2023-11-08 01:38:19'),(1354,1,'en','plugins/audit-log/history','updated profile','updated profile','2023-11-08 01:38:19','2023-11-08 01:38:19'),(1355,1,'en','plugins/audit-log/history','attached','attached','2023-11-08 01:38:19','2023-11-08 01:38:19'),(1356,1,'en','plugins/audit-log/history','shared','shared','2023-11-08 01:38:19','2023-11-08 01:38:19'),(1357,1,'en','plugins/audit-log/history','to the system','to the system','2023-11-08 01:38:19','2023-11-08 01:38:19'),(1358,1,'en','plugins/audit-log/history','of the system','of the system','2023-11-08 01:38:19','2023-11-08 01:38:19'),(1359,1,'en','plugins/audit-log/history','menu','menu','2023-11-08 01:38:19','2023-11-08 01:38:19'),(1360,1,'en','plugins/audit-log/history','post','post','2023-11-08 01:38:20','2023-11-08 01:38:20'),(1361,1,'en','plugins/audit-log/history','page','page','2023-11-08 01:38:20','2023-11-08 01:38:20'),(1362,1,'en','plugins/audit-log/history','category','category','2023-11-08 01:38:20','2023-11-08 01:38:20'),(1363,1,'en','plugins/audit-log/history','tag','tag','2023-11-08 01:38:20','2023-11-08 01:38:20'),(1364,1,'en','plugins/audit-log/history','user','user','2023-11-08 01:38:20','2023-11-08 01:38:20'),(1365,1,'en','plugins/audit-log/history','contact','contact','2023-11-08 01:38:20','2023-11-08 01:38:20'),(1366,1,'en','plugins/audit-log/history','backup','backup','2023-11-08 01:38:20','2023-11-08 01:38:20'),(1367,1,'en','plugins/audit-log/history','custom-field','custom field','2023-11-08 01:38:20','2023-11-08 01:38:20'),(1368,1,'en','plugins/audit-log/history','widget_audit_logs','Activities Logs','2023-11-08 01:38:20','2023-11-08 01:38:20'),(1369,1,'en','plugins/audit-log/history','action','Action','2023-11-08 01:38:20','2023-11-08 01:38:20'),(1370,1,'en','plugins/audit-log/history','user_agent','User Agent','2023-11-08 01:38:20','2023-11-08 01:38:20'),(1371,1,'en','plugins/audit-log/history','system','System','2023-11-08 01:38:20','2023-11-08 01:38:20'),(1372,1,'en','plugins/audit-log/history','delete_all','Delete all records','2023-11-08 01:38:20','2023-11-08 01:38:20'),(1373,1,'en','plugins/backup/backup','name','Backup','2023-11-08 01:38:20','2023-11-08 01:38:20'),(1374,1,'en','plugins/backup/backup','backup_description','Backup database and uploads folder.','2023-11-08 01:38:20','2023-11-08 01:38:20'),(1375,1,'en','plugins/backup/backup','create_backup_success','Created backup successfully!','2023-11-08 01:38:20','2023-11-08 01:38:20'),(1376,1,'en','plugins/backup/backup','delete_backup_success','Delete backup successfully!','2023-11-08 01:38:20','2023-11-08 01:38:20'),(1377,1,'en','plugins/backup/backup','restore_backup_success','Restore backup successfully!','2023-11-08 01:38:20','2023-11-08 01:38:20'),(1378,1,'en','plugins/backup/backup','generate_btn','Generate backup','2023-11-08 01:38:20','2023-11-08 01:38:20'),(1379,1,'en','plugins/backup/backup','create','Create a backup','2023-11-08 01:38:20','2023-11-08 01:38:20'),(1380,1,'en','plugins/backup/backup','restore','Restore a backup','2023-11-08 01:38:20','2023-11-08 01:38:20'),(1381,1,'en','plugins/backup/backup','create_btn','Create','2023-11-08 01:38:20','2023-11-08 01:38:20'),(1382,1,'en','plugins/backup/backup','restore_btn','Restore','2023-11-08 01:38:20','2023-11-08 01:38:20'),(1383,1,'en','plugins/backup/backup','restore_confirm_msg','Do you really want to restore this revision?','2023-11-08 01:38:20','2023-11-08 01:38:20'),(1384,1,'en','plugins/backup/backup','download_uploads_folder','Download backup of uploads folder','2023-11-08 01:38:20','2023-11-08 01:38:20'),(1385,1,'en','plugins/backup/backup','download_database','Download backup of database','2023-11-08 01:38:20','2023-11-08 01:38:20'),(1386,1,'en','plugins/backup/backup','restore_tooltip','Restore this backup','2023-11-08 01:38:20','2023-11-08 01:38:20'),(1387,1,'en','plugins/backup/backup','demo_alert','Hi guest, if you see demo site is destroyed, please help me <a href=\":link\">go here</a> and restore demo site to the latest revision! Thank you so much!','2023-11-08 01:38:20','2023-11-08 01:38:20'),(1388,1,'en','plugins/backup/backup','menu_name','Backups','2023-11-08 01:38:20','2023-11-08 01:38:20'),(1389,1,'en','plugins/backup/backup','size','Size','2023-11-08 01:38:20','2023-11-08 01:38:20'),(1390,1,'en','plugins/backup/backup','no_backups','There is no backup now!','2023-11-08 01:38:20','2023-11-08 01:38:20'),(1391,1,'en','plugins/backup/backup','proc_open_disabled_error','Function <strong>proc_open()</strong> has been disabled so the system cannot backup the database. Please contact your hosting provider to enable it.','2023-11-08 01:38:20','2023-11-08 01:38:20'),(1392,1,'en','plugins/backup/backup','database_backup_not_existed','Backup database is not existed!','2023-11-08 01:38:20','2023-11-08 01:38:20'),(1393,1,'en','plugins/backup/backup','uploads_folder_backup_not_existed','Backup uploads folder is not existed!','2023-11-08 01:38:20','2023-11-08 01:38:20'),(1394,1,'en','plugins/backup/backup','important_message1','This is a simple backup feature, it is a solution for you if your site has < 1GB data and can be used for quickly backup your site.','2023-11-08 01:38:20','2023-11-08 01:38:20'),(1395,1,'en','plugins/backup/backup','important_message2','If you have more than 1GB images/files in local storage, you should use backup feature of your hosting or VPS.','2023-11-08 01:38:20','2023-11-08 01:38:20'),(1396,1,'en','plugins/backup/backup','important_message3','To backup your database, function <strong>proc_open()</strong> or <strong>system()</strong> must be enabled. Contact your hosting provider to enable it if it is disabled.','2023-11-08 01:38:20','2023-11-08 01:38:20'),(1397,1,'en','plugins/backup/backup','important_message4','It is not a full backup, it is just back up uploaded files and your database.','2023-11-08 01:38:20','2023-11-08 01:38:20'),(1398,1,'en','plugins/backup/backup','important_message_pgsql1','Currently, we cannot backup <strong>PostgreSQL</strong> database on the web due to PostgreSQL doesnt have option to enter database password directly when exporting database.','2023-11-08 01:38:20','2023-11-08 01:38:20'),(1399,1,'en','plugins/backup/backup','important_message_pgsql2','You can run a command <strong>php artisan cms:backup:create {name}</strong> to generate the backup or <strong>php artisan cms:backup:restore</strong> to restore the latest backup.','2023-11-08 01:38:20','2023-11-08 01:38:20'),(1400,1,'en','plugins/backup/backup','cannot_restore_database','Cannot restore database. The database backup is missing!','2023-11-08 01:38:20','2023-11-08 01:38:20'),(1401,1,'en','plugins/backup/backup','database_driver_not_supported','Database driver is not supported.','2023-11-08 01:38:20','2023-11-08 01:38:20'),(1402,1,'en','plugins/blog/base','menu_name','Blog','2023-11-08 01:38:20','2023-11-08 01:38:20'),(1403,1,'en','plugins/blog/base','blog_page','Blog Page','2023-11-08 01:38:20','2023-11-08 01:38:20'),(1404,1,'en','plugins/blog/base','select','-- Select --','2023-11-08 01:38:20','2023-11-08 01:38:20'),(1405,1,'en','plugins/blog/base','blog_page_id','Blog page','2023-11-08 01:38:20','2023-11-08 01:38:20'),(1406,1,'en','plugins/blog/base','number_posts_per_page','Number posts per page','2023-11-08 01:38:20','2023-11-08 01:38:20'),(1407,1,'en','plugins/blog/base','write_some_tags','Write some tags','2023-11-08 01:38:20','2023-11-08 01:38:20'),(1408,1,'en','plugins/blog/base','short_code_name','Blog posts','2023-11-08 01:38:20','2023-11-08 01:38:20'),(1409,1,'en','plugins/blog/base','short_code_description','Add blog posts','2023-11-08 01:38:20','2023-11-08 01:38:20'),(1410,1,'en','plugins/blog/base','number_posts_per_page_in_category','Number of posts per page in a category','2023-11-08 01:38:20','2023-11-08 01:38:20'),(1411,1,'en','plugins/blog/base','number_posts_per_page_in_tag','Number of posts per page in a tag','2023-11-08 01:38:20','2023-11-08 01:38:20'),(1412,1,'en','plugins/blog/base','settings.title','Blog','2023-11-08 01:38:20','2023-11-08 01:38:20'),(1413,1,'en','plugins/blog/base','settings.description','Settings for Blog','2023-11-08 01:38:20','2023-11-08 01:38:20'),(1414,1,'en','plugins/blog/base','settings.enable_blog_post_schema','Enable Blog Post Schema?','2023-11-08 01:38:20','2023-11-08 01:38:20'),(1415,1,'en','plugins/blog/base','settings.enable_blog_post_schema_description','Learn more: https://schema.org/Article','2023-11-08 01:38:20','2023-11-08 01:38:20'),(1416,1,'en','plugins/blog/base','settings.schema_type','Schema type','2023-11-08 01:38:20','2023-11-08 01:38:20'),(1417,1,'en','plugins/blog/categories','create','Create new category','2023-11-08 01:38:20','2023-11-08 01:38:20'),(1418,1,'en','plugins/blog/categories','menu','Categories','2023-11-08 01:38:20','2023-11-08 01:38:20'),(1419,1,'en','plugins/blog/categories','edit_this_category','Edit this category','2023-11-08 01:38:20','2023-11-08 01:38:20'),(1420,1,'en','plugins/blog/categories','menu_name','Categories','2023-11-08 01:38:20','2023-11-08 01:38:20'),(1421,1,'en','plugins/blog/categories','none','None','2023-11-08 01:38:20','2023-11-08 01:38:20'),(1422,1,'en','plugins/blog/categories','total_posts','Total posts: :total','2023-11-08 01:38:20','2023-11-08 01:38:20'),(1423,1,'en','plugins/blog/member','dob','Born :date','2023-11-08 01:38:20','2023-11-08 01:38:20'),(1424,1,'en','plugins/blog/member','draft_posts','Draft Posts','2023-11-08 01:38:20','2023-11-08 01:38:20'),(1425,1,'en','plugins/blog/member','pending_posts','Pending Posts','2023-11-08 01:38:20','2023-11-08 01:38:20'),(1426,1,'en','plugins/blog/member','published_posts','Published Posts','2023-11-08 01:38:20','2023-11-08 01:38:20'),(1427,1,'en','plugins/blog/member','posts','Posts','2023-11-08 01:38:20','2023-11-08 01:38:20'),(1428,1,'en','plugins/blog/member','write_post','Write a post','2023-11-08 01:38:20','2023-11-08 01:38:20'),(1429,1,'en','plugins/blog/posts','create','Create new post','2023-11-08 01:38:20','2023-11-08 01:38:20'),(1430,1,'en','plugins/blog/posts','form.name','Name','2023-11-08 01:38:20','2023-11-08 01:38:20'),(1431,1,'en','plugins/blog/posts','form.name_placeholder','Post\'s name (Maximum :c characters)','2023-11-08 01:38:20','2023-11-08 01:38:20'),(1432,1,'en','plugins/blog/posts','form.description','Description','2023-11-08 01:38:20','2023-11-08 01:38:20'),(1433,1,'en','plugins/blog/posts','form.description_placeholder','Short description for post (Maximum :c characters)','2023-11-08 01:38:20','2023-11-08 01:38:20'),(1434,1,'en','plugins/blog/posts','form.categories','Categories','2023-11-08 01:38:20','2023-11-08 01:38:20'),(1435,1,'en','plugins/blog/posts','form.tags','Tags','2023-11-08 01:38:20','2023-11-08 01:38:20'),(1436,1,'en','plugins/blog/posts','form.tags_placeholder','Tags','2023-11-08 01:38:20','2023-11-08 01:38:20'),(1437,1,'en','plugins/blog/posts','form.content','Content','2023-11-08 01:38:20','2023-11-08 01:38:20'),(1438,1,'en','plugins/blog/posts','form.is_featured','Is featured?','2023-11-08 01:38:20','2023-11-08 01:38:20'),(1439,1,'en','plugins/blog/posts','form.note','Note content','2023-11-08 01:38:20','2023-11-08 01:38:20'),(1440,1,'en','plugins/blog/posts','form.format_type','Format','2023-11-08 01:38:20','2023-11-08 01:38:20'),(1441,1,'en','plugins/blog/posts','cannot_delete','Post could not be deleted','2023-11-08 01:38:20','2023-11-08 01:38:20'),(1442,1,'en','plugins/blog/posts','post_deleted','Post deleted','2023-11-08 01:38:20','2023-11-08 01:38:20'),(1443,1,'en','plugins/blog/posts','posts','Posts','2023-11-08 01:38:20','2023-11-08 01:38:20'),(1444,1,'en','plugins/blog/posts','post','Post','2023-11-08 01:38:20','2023-11-08 01:38:20'),(1445,1,'en','plugins/blog/posts','edit_this_post','Edit this post','2023-11-08 01:38:20','2023-11-08 01:38:20'),(1446,1,'en','plugins/blog/posts','no_new_post_now','There is no new post now!','2023-11-08 01:38:20','2023-11-08 01:38:20'),(1447,1,'en','plugins/blog/posts','menu_name','Posts','2023-11-08 01:38:20','2023-11-08 01:38:20'),(1448,1,'en','plugins/blog/posts','widget_posts_recent','Recent Posts','2023-11-08 01:38:20','2023-11-08 01:38:20'),(1449,1,'en','plugins/blog/posts','categories','Categories','2023-11-08 01:38:20','2023-11-08 01:38:20'),(1450,1,'en','plugins/blog/posts','category','Category','2023-11-08 01:38:20','2023-11-08 01:38:20'),(1451,1,'en','plugins/blog/posts','author','Author','2023-11-08 01:38:20','2023-11-08 01:38:20'),(1452,1,'en','plugins/blog/tags','form.name','Name','2023-11-08 01:38:20','2023-11-08 01:38:20'),(1453,1,'en','plugins/blog/tags','form.name_placeholder','Tag\'s name (Maximum 120 characters)','2023-11-08 01:38:20','2023-11-08 01:38:20'),(1454,1,'en','plugins/blog/tags','form.description','Description','2023-11-08 01:38:20','2023-11-08 01:38:20'),(1455,1,'en','plugins/blog/tags','form.description_placeholder','Short description for tag (Maximum 400 characters)','2023-11-08 01:38:20','2023-11-08 01:38:20'),(1456,1,'en','plugins/blog/tags','form.categories','Categories','2023-11-08 01:38:20','2023-11-08 01:38:20'),(1457,1,'en','plugins/blog/tags','notices.no_select','Please select at least one tag to take this action!','2023-11-08 01:38:20','2023-11-08 01:38:20'),(1458,1,'en','plugins/blog/tags','create','Create new tag','2023-11-08 01:38:20','2023-11-08 01:38:20'),(1459,1,'en','plugins/blog/tags','cannot_delete','Tag could not be deleted','2023-11-08 01:38:20','2023-11-08 01:38:20'),(1460,1,'en','plugins/blog/tags','deleted','Tag deleted','2023-11-08 01:38:20','2023-11-08 01:38:20'),(1461,1,'en','plugins/blog/tags','menu','Tags','2023-11-08 01:38:20','2023-11-08 01:38:20'),(1462,1,'en','plugins/blog/tags','edit_this_tag','Edit this tag','2023-11-08 01:38:20','2023-11-08 01:38:20'),(1463,1,'en','plugins/blog/tags','menu_name','Tags','2023-11-08 01:38:20','2023-11-08 01:38:20'),(1464,1,'en','plugins/captcha/captcha','settings.title','Captcha','2023-11-08 01:38:20','2023-11-08 01:38:20'),(1465,1,'en','plugins/captcha/captcha','settings.description','Settings for Google Captcha','2023-11-08 01:38:20','2023-11-08 01:38:20'),(1466,1,'en','plugins/captcha/captcha','settings.captcha_site_key','Captcha Site Key','2023-11-08 01:38:20','2023-11-08 01:38:20'),(1467,1,'en','plugins/captcha/captcha','settings.captcha_secret','Captcha Secret','2023-11-08 01:38:20','2023-11-08 01:38:20'),(1468,1,'en','plugins/captcha/captcha','settings.enable_captcha','Enable Captcha?','2023-11-08 01:38:20','2023-11-08 01:38:20'),(1469,1,'en','plugins/captcha/captcha','settings.helper','Go here to get credentials https://www.google.com/recaptcha/admin#list.','2023-11-08 01:38:21','2023-11-08 01:38:21'),(1470,1,'en','plugins/captcha/captcha','settings.hide_badge','Hide recaptcha badge (for v3)','2023-11-08 01:38:21','2023-11-08 01:38:21'),(1471,1,'en','plugins/captcha/captcha','settings.type','Type','2023-11-08 01:38:21','2023-11-08 01:38:21'),(1472,1,'en','plugins/captcha/captcha','settings.v2_description','V2 (Verify requests with a challenge)','2023-11-08 01:38:21','2023-11-08 01:38:21'),(1473,1,'en','plugins/captcha/captcha','settings.v3_description','V3 (Verify requests with a score)','2023-11-08 01:38:21','2023-11-08 01:38:21'),(1474,1,'en','plugins/captcha/captcha','numbers.0','Zero','2023-11-08 01:38:21','2023-11-08 01:38:21'),(1475,1,'en','plugins/captcha/captcha','numbers.1','One','2023-11-08 01:38:21','2023-11-08 01:38:21'),(1476,1,'en','plugins/captcha/captcha','numbers.2','Two','2023-11-08 01:38:21','2023-11-08 01:38:21'),(1477,1,'en','plugins/captcha/captcha','numbers.3','Three','2023-11-08 01:38:21','2023-11-08 01:38:21'),(1478,1,'en','plugins/captcha/captcha','numbers.4','Four','2023-11-08 01:38:21','2023-11-08 01:38:21'),(1479,1,'en','plugins/captcha/captcha','numbers.5','Five','2023-11-08 01:38:21','2023-11-08 01:38:21'),(1480,1,'en','plugins/captcha/captcha','numbers.6','Six','2023-11-08 01:38:21','2023-11-08 01:38:21'),(1481,1,'en','plugins/captcha/captcha','numbers.7','Seven','2023-11-08 01:38:21','2023-11-08 01:38:21'),(1482,1,'en','plugins/captcha/captcha','numbers.8','Eight','2023-11-08 01:38:21','2023-11-08 01:38:21'),(1483,1,'en','plugins/captcha/captcha','numbers.9','Nine','2023-11-08 01:38:21','2023-11-08 01:38:21'),(1484,1,'en','plugins/captcha/captcha','numbers.10','Ten','2023-11-08 01:38:21','2023-11-08 01:38:21'),(1485,1,'en','plugins/captcha/captcha','numbers.11','Eleven','2023-11-08 01:38:21','2023-11-08 01:38:21'),(1486,1,'en','plugins/captcha/captcha','numbers.12','Twelve','2023-11-08 01:38:21','2023-11-08 01:38:21'),(1487,1,'en','plugins/captcha/captcha','operands.+','plus','2023-11-08 01:38:21','2023-11-08 01:38:21'),(1488,1,'en','plugins/captcha/captcha','operands.-','minus','2023-11-08 01:38:21','2023-11-08 01:38:21'),(1489,1,'en','plugins/captcha/captcha','operands.*','times','2023-11-08 01:38:21','2023-11-08 01:38:21'),(1490,1,'en','plugins/captcha/captcha','operands./','divided by','2023-11-08 01:38:21','2023-11-08 01:38:21'),(1491,1,'en','plugins/contact/contact','menu','Contact','2023-11-08 01:38:21','2023-11-08 01:38:21'),(1492,1,'en','plugins/contact/contact','edit','View contact','2023-11-08 01:38:21','2023-11-08 01:38:21'),(1493,1,'en','plugins/contact/contact','tables.phone','Phone','2023-11-08 01:38:21','2023-11-08 01:38:21'),(1494,1,'en','plugins/contact/contact','tables.email','Email','2023-11-08 01:38:21','2023-11-08 01:38:21'),(1495,1,'en','plugins/contact/contact','tables.full_name','Full Name','2023-11-08 01:38:21','2023-11-08 01:38:21'),(1496,1,'en','plugins/contact/contact','tables.time','Time','2023-11-08 01:38:21','2023-11-08 01:38:21'),(1497,1,'en','plugins/contact/contact','tables.address','Address','2023-11-08 01:38:21','2023-11-08 01:38:21'),(1498,1,'en','plugins/contact/contact','tables.subject','Subject','2023-11-08 01:38:21','2023-11-08 01:38:21'),(1499,1,'en','plugins/contact/contact','tables.content','Content','2023-11-08 01:38:21','2023-11-08 01:38:21'),(1500,1,'en','plugins/contact/contact','contact_information','Contact information','2023-11-08 01:38:21','2023-11-08 01:38:21'),(1501,1,'en','plugins/contact/contact','replies','Replies','2023-11-08 01:38:21','2023-11-08 01:38:21'),(1502,1,'en','plugins/contact/contact','email.header','Email','2023-11-08 01:38:21','2023-11-08 01:38:21'),(1503,1,'en','plugins/contact/contact','email.title','New contact from your site','2023-11-08 01:38:21','2023-11-08 01:38:21'),(1504,1,'en','plugins/contact/contact','form.name.required','Name is required','2023-11-08 01:38:21','2023-11-08 01:38:21'),(1505,1,'en','plugins/contact/contact','form.email.required','Email is required','2023-11-08 01:38:21','2023-11-08 01:38:21'),(1506,1,'en','plugins/contact/contact','form.email.email','The email address is not valid','2023-11-08 01:38:21','2023-11-08 01:38:21'),(1507,1,'en','plugins/contact/contact','form.content.required','Content is required','2023-11-08 01:38:21','2023-11-08 01:38:21'),(1508,1,'en','plugins/contact/contact','contact_sent_from','This contact information sent from','2023-11-08 01:38:21','2023-11-08 01:38:21'),(1509,1,'en','plugins/contact/contact','sender','Sender','2023-11-08 01:38:21','2023-11-08 01:38:21'),(1510,1,'en','plugins/contact/contact','sender_email','Email','2023-11-08 01:38:21','2023-11-08 01:38:21'),(1511,1,'en','plugins/contact/contact','sender_address','Address','2023-11-08 01:38:21','2023-11-08 01:38:21'),(1512,1,'en','plugins/contact/contact','sender_phone','Phone','2023-11-08 01:38:21','2023-11-08 01:38:21'),(1513,1,'en','plugins/contact/contact','message_content','Message content','2023-11-08 01:38:21','2023-11-08 01:38:21'),(1514,1,'en','plugins/contact/contact','sent_from','Email sent from','2023-11-08 01:38:21','2023-11-08 01:38:21'),(1515,1,'en','plugins/contact/contact','form_name','Name','2023-11-08 01:38:21','2023-11-08 01:38:21'),(1516,1,'en','plugins/contact/contact','form_email','Email','2023-11-08 01:38:21','2023-11-08 01:38:21'),(1517,1,'en','plugins/contact/contact','form_address','Address','2023-11-08 01:38:21','2023-11-08 01:38:21'),(1518,1,'en','plugins/contact/contact','form_subject','Subject','2023-11-08 01:38:21','2023-11-08 01:38:21'),(1519,1,'en','plugins/contact/contact','form_phone','Phone','2023-11-08 01:38:21','2023-11-08 01:38:21'),(1520,1,'en','plugins/contact/contact','form_message','Message','2023-11-08 01:38:21','2023-11-08 01:38:21'),(1521,1,'en','plugins/contact/contact','required_field','The field with (<span style=\"color: red\">*</span>) is required.','2023-11-08 01:38:21','2023-11-08 01:38:21'),(1522,1,'en','plugins/contact/contact','send_btn','Send message','2023-11-08 01:38:21','2023-11-08 01:38:21'),(1523,1,'en','plugins/contact/contact','new_msg_notice','You have <span class=\"bold\">:count</span> New Messages','2023-11-08 01:38:21','2023-11-08 01:38:21'),(1524,1,'en','plugins/contact/contact','view_all','View all','2023-11-08 01:38:21','2023-11-08 01:38:21'),(1525,1,'en','plugins/contact/contact','statuses.read','Read','2023-11-08 01:38:21','2023-11-08 01:38:21'),(1526,1,'en','plugins/contact/contact','statuses.unread','Unread','2023-11-08 01:38:21','2023-11-08 01:38:21'),(1527,1,'en','plugins/contact/contact','phone','Phone','2023-11-08 01:38:21','2023-11-08 01:38:21'),(1528,1,'en','plugins/contact/contact','address','Address','2023-11-08 01:38:21','2023-11-08 01:38:21'),(1529,1,'en','plugins/contact/contact','message','Message','2023-11-08 01:38:21','2023-11-08 01:38:21'),(1530,1,'en','plugins/contact/contact','settings.email.title','Contact','2023-11-08 01:38:21','2023-11-08 01:38:21'),(1531,1,'en','plugins/contact/contact','settings.email.description','Contact email configuration','2023-11-08 01:38:21','2023-11-08 01:38:21'),(1532,1,'en','plugins/contact/contact','settings.email.templates.notice_title','Send notice to administrator','2023-11-08 01:38:21','2023-11-08 01:38:21'),(1533,1,'en','plugins/contact/contact','settings.email.templates.notice_description','Email template to send notice to administrator when system get new contact','2023-11-08 01:38:21','2023-11-08 01:38:21'),(1534,1,'en','plugins/contact/contact','settings.title','Contact','2023-11-08 01:38:21','2023-11-08 01:38:21'),(1535,1,'en','plugins/contact/contact','settings.description','Settings for contact plugin','2023-11-08 01:38:21','2023-11-08 01:38:21'),(1536,1,'en','plugins/contact/contact','settings.blacklist_keywords','Blacklist keywords','2023-11-08 01:38:21','2023-11-08 01:38:21'),(1537,1,'en','plugins/contact/contact','settings.blacklist_keywords_placeholder','keywords...','2023-11-08 01:38:21','2023-11-08 01:38:21'),(1538,1,'en','plugins/contact/contact','settings.blacklist_keywords_helper','Blacklist contact requests if it includes those keywords in the content field (separate by comma).','2023-11-08 01:38:21','2023-11-08 01:38:21'),(1539,1,'en','plugins/contact/contact','settings.blacklist_email_domains','Blacklist email domains','2023-11-08 01:38:21','2023-11-08 01:38:21'),(1540,1,'en','plugins/contact/contact','settings.blacklist_email_domains_placeholder','domain...','2023-11-08 01:38:21','2023-11-08 01:38:21'),(1541,1,'en','plugins/contact/contact','settings.blacklist_email_domains_helper','Blacklist contact requests if the email domain is in blacklist domains (separate by comma).','2023-11-08 01:38:21','2023-11-08 01:38:21'),(1542,1,'en','plugins/contact/contact','settings.enable_math_captcha','Enable math captcha?','2023-11-08 01:38:21','2023-11-08 01:38:21'),(1543,1,'en','plugins/contact/contact','no_reply','No reply yet!','2023-11-08 01:38:21','2023-11-08 01:38:21'),(1544,1,'en','plugins/contact/contact','reply','Reply','2023-11-08 01:38:21','2023-11-08 01:38:21'),(1545,1,'en','plugins/contact/contact','send','Send','2023-11-08 01:38:21','2023-11-08 01:38:21'),(1546,1,'en','plugins/contact/contact','shortcode_name','Contact form','2023-11-08 01:38:21','2023-11-08 01:38:21'),(1547,1,'en','plugins/contact/contact','shortcode_description','Add a contact form','2023-11-08 01:38:21','2023-11-08 01:38:21'),(1548,1,'en','plugins/contact/contact','shortcode_content_description','Add shortcode [contact-form][/contact-form] to editor?','2023-11-08 01:38:21','2023-11-08 01:38:21'),(1549,1,'en','plugins/contact/contact','message_sent_success','Message sent successfully!','2023-11-08 01:38:21','2023-11-08 01:38:21'),(1550,1,'en','plugins/cookie-consent/cookie-consent','theme_options.name','Cookie Consent','2023-11-08 01:38:21','2023-11-08 01:38:21'),(1551,1,'en','plugins/cookie-consent/cookie-consent','theme_options.description','Cookie consent settings','2023-11-08 01:38:21','2023-11-08 01:38:21'),(1552,1,'en','plugins/cookie-consent/cookie-consent','theme_options.enable','Enable cookie consent?','2023-11-08 01:38:21','2023-11-08 01:38:21'),(1553,1,'en','plugins/cookie-consent/cookie-consent','theme_options.message','Message','2023-11-08 01:38:21','2023-11-08 01:38:21'),(1554,1,'en','plugins/cookie-consent/cookie-consent','theme_options.button_text','Button text','2023-11-08 01:38:21','2023-11-08 01:38:21'),(1555,1,'en','plugins/cookie-consent/cookie-consent','theme_options.max_width','Max width (px)','2023-11-08 01:38:21','2023-11-08 01:38:21'),(1556,1,'en','plugins/cookie-consent/cookie-consent','theme_options.background_color','Background color','2023-11-08 01:38:21','2023-11-08 01:38:21'),(1557,1,'en','plugins/cookie-consent/cookie-consent','theme_options.text_color','Text color','2023-11-08 01:38:21','2023-11-08 01:38:21'),(1558,1,'en','plugins/cookie-consent/cookie-consent','theme_options.learn_more_url','Learn more URL','2023-11-08 01:38:21','2023-11-08 01:38:21'),(1559,1,'en','plugins/cookie-consent/cookie-consent','theme_options.learn_more_text','Learn more text','2023-11-08 01:38:21','2023-11-08 01:38:21'),(1560,1,'en','plugins/cookie-consent/cookie-consent','theme_options.style','Style','2023-11-08 01:38:21','2023-11-08 01:38:21'),(1561,1,'en','plugins/cookie-consent/cookie-consent','theme_options.full_width','Full width','2023-11-08 01:38:21','2023-11-08 01:38:21'),(1562,1,'en','plugins/cookie-consent/cookie-consent','theme_options.minimal','Minimal','2023-11-08 01:38:21','2023-11-08 01:38:21'),(1563,1,'en','plugins/cookie-consent/cookie-consent','message','Your experience on this site will be improved by allowing cookies.','2023-11-08 01:38:21','2023-11-08 01:38:21'),(1564,1,'en','plugins/cookie-consent/cookie-consent','button_text','Allow cookies','2023-11-08 01:38:21','2023-11-08 01:38:21'),(1565,1,'en','plugins/ecommerce/addresses','address','Address','2023-11-08 01:38:21','2023-11-08 01:38:21'),(1566,1,'en','plugins/ecommerce/addresses','addresses','Addresses','2023-11-08 01:38:21','2023-11-08 01:38:21'),(1567,1,'en','plugins/ecommerce/addresses','address_placeholder','Enter address','2023-11-08 01:38:21','2023-11-08 01:38:21'),(1568,1,'en','plugins/ecommerce/addresses','zip','Zip code','2023-11-08 01:38:21','2023-11-08 01:38:21'),(1569,1,'en','plugins/ecommerce/addresses','zip_placeholder','Enter zip code','2023-11-08 01:38:21','2023-11-08 01:38:21'),(1570,1,'en','plugins/ecommerce/addresses','city','City','2023-11-08 01:38:21','2023-11-08 01:38:21'),(1571,1,'en','plugins/ecommerce/addresses','city_placeholder','Enter city','2023-11-08 01:38:22','2023-11-08 01:38:22'),(1572,1,'en','plugins/ecommerce/addresses','state','State','2023-11-08 01:38:22','2023-11-08 01:38:22'),(1573,1,'en','plugins/ecommerce/addresses','state_placeholder','Enter state','2023-11-08 01:38:22','2023-11-08 01:38:22'),(1574,1,'en','plugins/ecommerce/addresses','country','Country','2023-11-08 01:38:22','2023-11-08 01:38:22'),(1575,1,'en','plugins/ecommerce/addresses','use_this_address_as_default','Use this address as default','2023-11-08 01:38:22','2023-11-08 01:38:22'),(1576,1,'en','plugins/ecommerce/addresses','name','Full name','2023-11-08 01:38:22','2023-11-08 01:38:22'),(1577,1,'en','plugins/ecommerce/addresses','name_placeholder','Enter name','2023-11-08 01:38:22','2023-11-08 01:38:22'),(1578,1,'en','plugins/ecommerce/addresses','phone','Phone','2023-11-08 01:38:22','2023-11-08 01:38:22'),(1579,1,'en','plugins/ecommerce/addresses','phone_placeholder','Enter phone','2023-11-08 01:38:22','2023-11-08 01:38:22'),(1580,1,'en','plugins/ecommerce/addresses','email','Email','2023-11-08 01:38:22','2023-11-08 01:38:22'),(1581,1,'en','plugins/ecommerce/addresses','email_placeholder','Enter email','2023-11-08 01:38:22','2023-11-08 01:38:22'),(1582,1,'en','plugins/ecommerce/addresses','select_state','Select state...','2023-11-08 01:38:22','2023-11-08 01:38:22'),(1583,1,'en','plugins/ecommerce/addresses','select_city','Select city...','2023-11-08 01:38:22','2023-11-08 01:38:22'),(1584,1,'en','plugins/ecommerce/addresses','select_country','Select country...','2023-11-08 01:38:22','2023-11-08 01:38:22'),(1585,1,'en','plugins/ecommerce/addresses','add_address','Add Address','2023-11-08 01:38:22','2023-11-08 01:38:22'),(1586,1,'en','plugins/ecommerce/addresses','new_address','New address','2023-11-08 01:38:22','2023-11-08 01:38:22'),(1587,1,'en','plugins/ecommerce/addresses','edit_address','Edit address','2023-11-08 01:38:22','2023-11-08 01:38:22'),(1588,1,'en','plugins/ecommerce/addresses','action','Action','2023-11-08 01:38:22','2023-11-08 01:38:22'),(1589,1,'en','plugins/ecommerce/addresses','add','Add','2023-11-08 01:38:22','2023-11-08 01:38:22'),(1590,1,'en','plugins/ecommerce/addresses','save','Save','2023-11-08 01:38:22','2023-11-08 01:38:22'),(1591,1,'en','plugins/ecommerce/addresses','no_data','No data to display','2023-11-08 01:38:22','2023-11-08 01:38:22'),(1592,1,'en','plugins/ecommerce/addresses','no_option','No option','2023-11-08 01:38:22','2023-11-08 01:38:22'),(1593,1,'en','plugins/ecommerce/brands','name','Brands','2023-11-08 01:38:22','2023-11-08 01:38:22'),(1594,1,'en','plugins/ecommerce/brands','create','New brand','2023-11-08 01:38:22','2023-11-08 01:38:22'),(1595,1,'en','plugins/ecommerce/brands','edit','Edit brand','2023-11-08 01:38:22','2023-11-08 01:38:22'),(1596,1,'en','plugins/ecommerce/brands','form.name','Name','2023-11-08 01:38:22','2023-11-08 01:38:22'),(1597,1,'en','plugins/ecommerce/brands','form.name_placeholder','Brand\'s name (Maximum 255 characters)','2023-11-08 01:38:22','2023-11-08 01:38:22'),(1598,1,'en','plugins/ecommerce/brands','form.description','Description','2023-11-08 01:38:22','2023-11-08 01:38:22'),(1599,1,'en','plugins/ecommerce/brands','form.description_placeholder','Short description for brand (Maximum 400 characters)','2023-11-08 01:38:22','2023-11-08 01:38:22'),(1600,1,'en','plugins/ecommerce/brands','form.website','Website','2023-11-08 01:38:22','2023-11-08 01:38:22'),(1601,1,'en','plugins/ecommerce/brands','form.logo','Logo','2023-11-08 01:38:22','2023-11-08 01:38:22'),(1602,1,'en','plugins/ecommerce/brands','form.is_featured','Is featured','2023-11-08 01:38:22','2023-11-08 01:38:22'),(1603,1,'en','plugins/ecommerce/brands','logo','Logo','2023-11-08 01:38:22','2023-11-08 01:38:22'),(1604,1,'en','plugins/ecommerce/brands','website','Website','2023-11-08 01:38:22','2023-11-08 01:38:22'),(1605,1,'en','plugins/ecommerce/brands','notices.no_select','Please select at least one record to take this action!','2023-11-08 01:38:22','2023-11-08 01:38:22'),(1606,1,'en','plugins/ecommerce/brands','notices.update_success_message','Update successfully','2023-11-08 01:38:22','2023-11-08 01:38:22'),(1607,1,'en','plugins/ecommerce/brands','cannot_delete','Brand could not be deleted','2023-11-08 01:38:22','2023-11-08 01:38:22'),(1608,1,'en','plugins/ecommerce/brands','brand_deleted','Brand deleted','2023-11-08 01:38:22','2023-11-08 01:38:22'),(1609,1,'en','plugins/ecommerce/brands','menu','Brands','2023-11-08 01:38:22','2023-11-08 01:38:22'),(1610,1,'en','plugins/ecommerce/brands','no_brand','No brand','2023-11-08 01:38:22','2023-11-08 01:38:22'),(1611,1,'en','plugins/ecommerce/brands','intro.title','Manage brands','2023-11-08 01:38:22','2023-11-08 01:38:22'),(1612,1,'en','plugins/ecommerce/brands','intro.description','Manage product brands such as Nike, Adidas, Bitis ...','2023-11-08 01:38:22','2023-11-08 01:38:22'),(1613,1,'en','plugins/ecommerce/brands','intro.button_text','Create brand','2023-11-08 01:38:22','2023-11-08 01:38:22'),(1614,1,'en','plugins/ecommerce/bulk-import','name','Bulk Import','2023-11-08 01:38:22','2023-11-08 01:38:22'),(1615,1,'en','plugins/ecommerce/bulk-import','loading_text','Importing','2023-11-08 01:38:22','2023-11-08 01:38:22'),(1616,1,'en','plugins/ecommerce/bulk-import','imported_successfully','Imported successfully.','2023-11-08 01:38:22','2023-11-08 01:38:22'),(1617,1,'en','plugins/ecommerce/bulk-import','please_choose_the_file_mime','Please choose the file mime :types','2023-11-08 01:38:22','2023-11-08 01:38:22'),(1618,1,'en','plugins/ecommerce/bulk-import','please_choose_the_file','Please choose the file','2023-11-08 01:38:22','2023-11-08 01:38:22'),(1619,1,'en','plugins/ecommerce/bulk-import','start_import','Start Import','2023-11-08 01:38:22','2023-11-08 01:38:22'),(1620,1,'en','plugins/ecommerce/bulk-import','note','Note!','2023-11-08 01:38:22','2023-11-08 01:38:22'),(1621,1,'en','plugins/ecommerce/bulk-import','warning_before_importing','If this is your first time using this feature, please read the documentation or contact the Administrator for access to the correct functionality!','2023-11-08 01:38:22','2023-11-08 01:38:22'),(1622,1,'en','plugins/ecommerce/bulk-import','results','Result: :success successes, :failed failures','2023-11-08 01:38:22','2023-11-08 01:38:22'),(1623,1,'en','plugins/ecommerce/bulk-import','failures','Failures','2023-11-08 01:38:22','2023-11-08 01:38:22'),(1624,1,'en','plugins/ecommerce/bulk-import','tables.import','Import','2023-11-08 01:38:22','2023-11-08 01:38:22'),(1625,1,'en','plugins/ecommerce/bulk-import','template','Template','2023-11-08 01:38:22','2023-11-08 01:38:22'),(1626,1,'en','plugins/ecommerce/bulk-import','rules','Rules','2023-11-08 01:38:22','2023-11-08 01:38:22'),(1627,1,'en','plugins/ecommerce/bulk-import','choose_file_with_mime','Choose file with mime: (:types)','2023-11-08 01:38:22','2023-11-08 01:38:22'),(1628,1,'en','plugins/ecommerce/bulk-import','choose_file','Choose file','2023-11-08 01:38:22','2023-11-08 01:38:22'),(1629,1,'en','plugins/ecommerce/bulk-import','menu','Import products','2023-11-08 01:38:22','2023-11-08 01:38:22'),(1630,1,'en','plugins/ecommerce/bulk-import','download-csv-file','Download CSV template','2023-11-08 01:38:22','2023-11-08 01:38:22'),(1631,1,'en','plugins/ecommerce/bulk-import','download-excel-file','Download Excel template','2023-11-08 01:38:22','2023-11-08 01:38:22'),(1632,1,'en','plugins/ecommerce/bulk-import','downloading','Downloading...','2023-11-08 01:38:22','2023-11-08 01:38:22'),(1633,1,'en','plugins/ecommerce/bulk-import','export.template.input_error','Input error','2023-11-08 01:38:22','2023-11-08 01:38:22'),(1634,1,'en','plugins/ecommerce/bulk-import','export.template.number_not_allowed','Number is not allowed!','2023-11-08 01:38:22','2023-11-08 01:38:22'),(1635,1,'en','plugins/ecommerce/bulk-import','export.template.allowed_input','Allowed input','2023-11-08 01:38:22','2023-11-08 01:38:22'),(1636,1,'en','plugins/ecommerce/bulk-import','export.template.prompt_decimal','Only numbers or decimals are accepted and greater than or equal to :min.','2023-11-08 01:38:22','2023-11-08 01:38:22'),(1637,1,'en','plugins/ecommerce/bulk-import','export.template.prompt_whole_number','Only numbers are accepted and greater than or equal to :min.','2023-11-08 01:38:22','2023-11-08 01:38:22'),(1638,1,'en','plugins/ecommerce/bulk-import','export.template.prompt_list','Please pick a value from the drop-down list.','2023-11-08 01:38:22','2023-11-08 01:38:22'),(1639,1,'en','plugins/ecommerce/bulk-import','export.template.pick_from_list','Pick from list','2023-11-08 01:38:22','2023-11-08 01:38:22'),(1640,1,'en','plugins/ecommerce/bulk-import','export.template.value_not_in_list','Value is not in list.','2023-11-08 01:38:22','2023-11-08 01:38:22'),(1641,1,'en','plugins/ecommerce/bulk-import','import_failed_description','Import failed, please check the errors below!','2023-11-08 01:38:22','2023-11-08 01:38:22'),(1642,1,'en','plugins/ecommerce/bulk-import','column','Column','2023-11-08 01:38:22','2023-11-08 01:38:22'),(1643,1,'en','plugins/ecommerce/bulk-import','row','Row','2023-11-08 01:38:22','2023-11-08 01:38:22'),(1644,1,'en','plugins/ecommerce/bulk-import','attribute','Attribute','2023-11-08 01:38:22','2023-11-08 01:38:22'),(1645,1,'en','plugins/ecommerce/bulk-import','errors','Errors','2023-11-08 01:38:22','2023-11-08 01:38:22'),(1646,1,'en','plugins/ecommerce/bulk-import','import_types.name','Import type','2023-11-08 01:38:22','2023-11-08 01:38:22'),(1647,1,'en','plugins/ecommerce/bulk-import','import_types.all','All','2023-11-08 01:38:22','2023-11-08 01:38:22'),(1648,1,'en','plugins/ecommerce/bulk-import','import_types.products','Products','2023-11-08 01:38:22','2023-11-08 01:38:22'),(1649,1,'en','plugins/ecommerce/bulk-import','import_types.variations','Variations','2023-11-08 01:38:22','2023-11-08 01:38:22'),(1650,1,'en','plugins/ecommerce/bulk-import','import_products','Import products','2023-11-08 01:38:22','2023-11-08 01:38:22'),(1651,1,'en','plugins/ecommerce/currency','currencies','Currencies','2023-11-08 01:38:22','2023-11-08 01:38:22'),(1652,1,'en','plugins/ecommerce/currency','setting_description','List of currencies using on website','2023-11-08 01:38:22','2023-11-08 01:38:22'),(1653,1,'en','plugins/ecommerce/currency','name','Name','2023-11-08 01:38:22','2023-11-08 01:38:22'),(1654,1,'en','plugins/ecommerce/currency','symbol','Symbol','2023-11-08 01:38:22','2023-11-08 01:38:22'),(1655,1,'en','plugins/ecommerce/currency','number_of_decimals','Number of decimals','2023-11-08 01:38:22','2023-11-08 01:38:22'),(1656,1,'en','plugins/ecommerce/currency','exchange_rate','Exchange rate','2023-11-08 01:38:22','2023-11-08 01:38:22'),(1657,1,'en','plugins/ecommerce/currency','is_prefix_symbol','Position of symbol','2023-11-08 01:38:22','2023-11-08 01:38:22'),(1658,1,'en','plugins/ecommerce/currency','is_default','Is default?','2023-11-08 01:38:22','2023-11-08 01:38:22'),(1659,1,'en','plugins/ecommerce/currency','remove','Remove','2023-11-08 01:38:22','2023-11-08 01:38:22'),(1660,1,'en','plugins/ecommerce/currency','new_currency','Add a new currency','2023-11-08 01:38:22','2023-11-08 01:38:22'),(1661,1,'en','plugins/ecommerce/currency','save_settings','Save settings','2023-11-08 01:38:22','2023-11-08 01:38:22'),(1662,1,'en','plugins/ecommerce/currency','before_number','Before number','2023-11-08 01:38:22','2023-11-08 01:38:22'),(1663,1,'en','plugins/ecommerce/currency','after_number','After number','2023-11-08 01:38:22','2023-11-08 01:38:22'),(1664,1,'en','plugins/ecommerce/currency','require_at_least_one_currency','The system requires at least one currency!','2023-11-08 01:38:22','2023-11-08 01:38:22'),(1665,1,'en','plugins/ecommerce/currency','enable_auto_detect_visitor_currency','Enable auto-detect visitor currency?','2023-11-08 01:38:22','2023-11-08 01:38:22'),(1666,1,'en','plugins/ecommerce/currency','auto_detect_visitor_currency_description','It detects visitor currency based on browser language. It will override default currency selection.','2023-11-08 01:38:22','2023-11-08 01:38:22'),(1667,1,'en','plugins/ecommerce/currency','add_space_between_price_and_currency','Add a space between price and currency?','2023-11-08 01:38:22','2023-11-08 01:38:22'),(1668,1,'en','plugins/ecommerce/currency','invalid_currency_name','Invalid currency code, it must be in :currencies.','2023-11-08 01:38:22','2023-11-08 01:38:22'),(1669,1,'en','plugins/ecommerce/currency','instruction','Please check list currency code here: https://en.wikipedia.org/wiki/ISO_4217','2023-11-08 01:38:22','2023-11-08 01:38:22'),(1670,1,'en','plugins/ecommerce/currency','code','Code','2023-11-08 01:38:22','2023-11-08 01:38:22'),(1671,1,'en','plugins/ecommerce/currency','api_key','API exchange rates key','2023-11-08 01:38:22','2023-11-08 01:38:22'),(1672,1,'en','plugins/ecommerce/currency','update_currency_rates','Update currency rates','2023-11-08 01:38:22','2023-11-08 01:38:22'),(1673,1,'en','plugins/ecommerce/currency','clear_cache_rates','Clear cache rates','2023-11-08 01:38:22','2023-11-08 01:38:22'),(1674,1,'en','plugins/ecommerce/currency','no_api_key','No API key','2023-11-08 01:38:22','2023-11-08 01:38:22'),(1675,1,'en','plugins/ecommerce/currency','api_key_helper','Get exchange rate API key on :link','2023-11-08 01:38:23','2023-11-08 01:38:23'),(1676,1,'en','plugins/ecommerce/currency','use_exchange_rate_from_api','Use exchange rate from API?','2023-11-08 01:38:23','2023-11-08 01:38:23'),(1677,1,'en','plugins/ecommerce/currency','clear_cache_rates_successfully','Clear cache currency rates successfully.','2023-11-08 01:38:23','2023-11-08 01:38:23'),(1678,1,'en','plugins/ecommerce/customer','name','Customers','2023-11-08 01:38:23','2023-11-08 01:38:23'),(1679,1,'en','plugins/ecommerce/customer','create','Create a customer','2023-11-08 01:38:23','2023-11-08 01:38:23'),(1680,1,'en','plugins/ecommerce/customer','edit','Edit customer \":name\"','2023-11-08 01:38:23','2023-11-08 01:38:23'),(1681,1,'en','plugins/ecommerce/customer','email','Email','2023-11-08 01:38:23','2023-11-08 01:38:23'),(1682,1,'en','plugins/ecommerce/customer','email_placeholder','Ex: example@gmail.com','2023-11-08 01:38:23','2023-11-08 01:38:23'),(1683,1,'en','plugins/ecommerce/customer','password','Password','2023-11-08 01:38:23','2023-11-08 01:38:23'),(1684,1,'en','plugins/ecommerce/customer','change_password','Change password?','2023-11-08 01:38:23','2023-11-08 01:38:23'),(1685,1,'en','plugins/ecommerce/customer','password_confirmation','Password confirmation','2023-11-08 01:38:23','2023-11-08 01:38:23'),(1686,1,'en','plugins/ecommerce/customer','intro.title','Manage customers','2023-11-08 01:38:23','2023-11-08 01:38:23'),(1687,1,'en','plugins/ecommerce/customer','intro.description','When a customer buy your product(s), you will know their order histories.','2023-11-08 01:38:23','2023-11-08 01:38:23'),(1688,1,'en','plugins/ecommerce/customer','intro.button_text','Create customer','2023-11-08 01:38:23','2023-11-08 01:38:23'),(1689,1,'en','plugins/ecommerce/customer','phone','Phone','2023-11-08 01:38:23','2023-11-08 01:38:23'),(1690,1,'en','plugins/ecommerce/customer','phone_placeholder','Phone','2023-11-08 01:38:23','2023-11-08 01:38:23'),(1691,1,'en','plugins/ecommerce/customer','avatar','Avatar','2023-11-08 01:38:23','2023-11-08 01:38:23'),(1692,1,'en','plugins/ecommerce/customer','dob','Date of birth','2023-11-08 01:38:23','2023-11-08 01:38:23'),(1693,1,'en','plugins/ecommerce/customer','statuses.activated','Activated','2023-11-08 01:38:23','2023-11-08 01:38:23'),(1694,1,'en','plugins/ecommerce/customer','statuses.locked','Locked','2023-11-08 01:38:23','2023-11-08 01:38:23'),(1695,1,'en','plugins/ecommerce/customer','email_verified','Email verified?','2023-11-08 01:38:23','2023-11-08 01:38:23'),(1696,1,'en','plugins/ecommerce/customer','verify_email.confirm_heading','Verify email confirmation','2023-11-08 01:38:23','2023-11-08 01:38:23'),(1697,1,'en','plugins/ecommerce/customer','verify_email.confirm_description','Are you sure you want to verify email this customer?','2023-11-08 01:38:23','2023-11-08 01:38:23'),(1698,1,'en','plugins/ecommerce/customer','verify_email.notification','This customer is not verified email yet? :approve_link to verify email.','2023-11-08 01:38:23','2023-11-08 01:38:23'),(1699,1,'en','plugins/ecommerce/customer','verify_email.approve_here','click here','2023-11-08 01:38:23','2023-11-08 01:38:23'),(1700,1,'en','plugins/ecommerce/customer','verify_email.confirm_button','Verify','2023-11-08 01:38:23','2023-11-08 01:38:23'),(1701,1,'en','plugins/ecommerce/discount','name','Discounts','2023-11-08 01:38:23','2023-11-08 01:38:23'),(1702,1,'en','plugins/ecommerce/discount','create','Create discount','2023-11-08 01:38:23','2023-11-08 01:38:23'),(1703,1,'en','plugins/ecommerce/discount','edit','Edit discount','2023-11-08 01:38:23','2023-11-08 01:38:23'),(1704,1,'en','plugins/ecommerce/discount','invalid_coupon','This coupon is invalid or expired!','2023-11-08 01:38:23','2023-11-08 01:38:23'),(1705,1,'en','plugins/ecommerce/discount','cannot_use_same_time_with_other_discount_program','Cannot use this coupon in the same time with other discount program!','2023-11-08 01:38:23','2023-11-08 01:38:23'),(1706,1,'en','plugins/ecommerce/discount','not_used','This coupon is not used yet!','2023-11-08 01:38:23','2023-11-08 01:38:23'),(1707,1,'en','plugins/ecommerce/discount','detail','Detail','2023-11-08 01:38:23','2023-11-08 01:38:23'),(1708,1,'en','plugins/ecommerce/discount','used','Used','2023-11-08 01:38:23','2023-11-08 01:38:23'),(1709,1,'en','plugins/ecommerce/discount','intro.title','Manage discount/coupon code','2023-11-08 01:38:23','2023-11-08 01:38:23'),(1710,1,'en','plugins/ecommerce/discount','intro.description','Create coupon code or promotion for your products.','2023-11-08 01:38:23','2023-11-08 01:38:23'),(1711,1,'en','plugins/ecommerce/discount','intro.button_text','Create discount','2023-11-08 01:38:23','2023-11-08 01:38:23'),(1712,1,'en','plugins/ecommerce/discount','expired','Expired','2023-11-08 01:38:23','2023-11-08 01:38:23'),(1713,1,'en','plugins/ecommerce/discount','discount_promotion','Discount promotion','2023-11-08 01:38:23','2023-11-08 01:38:23'),(1714,1,'en','plugins/ecommerce/discount','can','can','2023-11-08 01:38:23','2023-11-08 01:38:23'),(1715,1,'en','plugins/ecommerce/discount','cannot','cannot','2023-11-08 01:38:23','2023-11-08 01:38:23'),(1716,1,'en','plugins/ecommerce/discount','use_with_promotion','be used with promotion','2023-11-08 01:38:23','2023-11-08 01:38:23'),(1717,1,'en','plugins/ecommerce/discount','create_discount_validate_title_required_if','Please enter the name of the promotion','2023-11-08 01:38:23','2023-11-08 01:38:23'),(1718,1,'en','plugins/ecommerce/discount','create_discount_validate_code_required_if','Please enter the promotion code','2023-11-08 01:38:23','2023-11-08 01:38:23'),(1719,1,'en','plugins/ecommerce/discount','create_discount_validate_value_required','Amount must be greater than 0','2023-11-08 01:38:23','2023-11-08 01:38:23'),(1720,1,'en','plugins/ecommerce/discount','create_discount_validate_target_required','No object selected for promotion','2023-11-08 01:38:23','2023-11-08 01:38:23'),(1721,1,'en','plugins/ecommerce/discount','enums.type-options.amount','Amount - Fixed','2023-11-08 01:38:23','2023-11-08 01:38:23'),(1722,1,'en','plugins/ecommerce/discount','enums.type-options.percentage','Discount %','2023-11-08 01:38:23','2023-11-08 01:38:23'),(1723,1,'en','plugins/ecommerce/discount','enums.type-options.shipping','Free shipping','2023-11-08 01:38:23','2023-11-08 01:38:23'),(1724,1,'en','plugins/ecommerce/discount','enums.type-options.same-price','Same price','2023-11-08 01:38:23','2023-11-08 01:38:23'),(1725,1,'en','plugins/ecommerce/discount','enums.types.coupon','Coupon','2023-11-08 01:38:23','2023-11-08 01:38:23'),(1726,1,'en','plugins/ecommerce/discount','enums.types.promotion','Promotion','2023-11-08 01:38:23','2023-11-08 01:38:23'),(1727,1,'en','plugins/ecommerce/discount','enums.targets.all-orders','All orders','2023-11-08 01:38:23','2023-11-08 01:38:23'),(1728,1,'en','plugins/ecommerce/discount','enums.targets.customer','Customer','2023-11-08 01:38:23','2023-11-08 01:38:23'),(1729,1,'en','plugins/ecommerce/discount','enums.targets.amount-minimum-order','Minimum order amount','2023-11-08 01:38:23','2023-11-08 01:38:23'),(1730,1,'en','plugins/ecommerce/discount','enums.targets.product-variant','Product variant','2023-11-08 01:38:23','2023-11-08 01:38:23'),(1731,1,'en','plugins/ecommerce/discount','enums.targets.group-products','Product collections','2023-11-08 01:38:23','2023-11-08 01:38:23'),(1732,1,'en','plugins/ecommerce/discount','enums.targets.specific-product','Specific product','2023-11-08 01:38:23','2023-11-08 01:38:23'),(1733,1,'en','plugins/ecommerce/discount','discount','Discount','2023-11-08 01:38:23','2023-11-08 01:38:23'),(1734,1,'en','plugins/ecommerce/discount','create_coupon_code','Create coupon code','2023-11-08 01:38:23','2023-11-08 01:38:23'),(1735,1,'en','plugins/ecommerce/discount','create_discount_promotion','Create discount promotion','2023-11-08 01:38:23','2023-11-08 01:38:23'),(1736,1,'en','plugins/ecommerce/discount','generate_coupon_code','Generate coupon code','2023-11-08 01:38:23','2023-11-08 01:38:23'),(1737,1,'en','plugins/ecommerce/discount','customers_will_enter_this_coupon_code_when_they_checkout','Customers will enter this coupon code when they checkout','2023-11-08 01:38:23','2023-11-08 01:38:23'),(1738,1,'en','plugins/ecommerce/discount','select_type_of_discount','Select type of discount','2023-11-08 01:38:23','2023-11-08 01:38:23'),(1739,1,'en','plugins/ecommerce/discount','coupon_code','Coupon code','2023-11-08 01:38:23','2023-11-08 01:38:23'),(1740,1,'en','plugins/ecommerce/discount','promotion','Promotion','2023-11-08 01:38:23','2023-11-08 01:38:23'),(1741,1,'en','plugins/ecommerce/discount','can_be_used_with_promotion','Can be used with promotion?','2023-11-08 01:38:23','2023-11-08 01:38:23'),(1742,1,'en','plugins/ecommerce/discount','unlimited_coupon','Unlimited coupon?','2023-11-08 01:38:23','2023-11-08 01:38:23'),(1743,1,'en','plugins/ecommerce/discount','enter_number','Enter number','2023-11-08 01:38:23','2023-11-08 01:38:23'),(1744,1,'en','plugins/ecommerce/discount','coupon_type','Coupon type','2023-11-08 01:38:23','2023-11-08 01:38:23'),(1745,1,'en','plugins/ecommerce/discount','percentage_discount','Percentage discount (%)','2023-11-08 01:38:23','2023-11-08 01:38:23'),(1746,1,'en','plugins/ecommerce/discount','free_shipping','Free shipping','2023-11-08 01:38:23','2023-11-08 01:38:23'),(1747,1,'en','plugins/ecommerce/discount','same_price','Same price','2023-11-08 01:38:23','2023-11-08 01:38:23'),(1748,1,'en','plugins/ecommerce/discount','apply_for','apply for','2023-11-08 01:38:23','2023-11-08 01:38:23'),(1749,1,'en','plugins/ecommerce/discount','all_orders','All orders','2023-11-08 01:38:23','2023-11-08 01:38:23'),(1750,1,'en','plugins/ecommerce/discount','order_amount_from','Order amount from','2023-11-08 01:38:23','2023-11-08 01:38:23'),(1751,1,'en','plugins/ecommerce/discount','product_collection','Product collection','2023-11-08 01:38:23','2023-11-08 01:38:23'),(1752,1,'en','plugins/ecommerce/discount','product_category','Product category','2023-11-08 01:38:23','2023-11-08 01:38:23'),(1753,1,'en','plugins/ecommerce/discount','product','Product','2023-11-08 01:38:23','2023-11-08 01:38:23'),(1754,1,'en','plugins/ecommerce/discount','customer','Customer','2023-11-08 01:38:23','2023-11-08 01:38:23'),(1755,1,'en','plugins/ecommerce/discount','variant','Variant','2023-11-08 01:38:23','2023-11-08 01:38:23'),(1756,1,'en','plugins/ecommerce/discount','search_product','Search product','2023-11-08 01:38:23','2023-11-08 01:38:23'),(1757,1,'en','plugins/ecommerce/discount','no_products_found','No products found!','2023-11-08 01:38:23','2023-11-08 01:38:23'),(1758,1,'en','plugins/ecommerce/discount','search_customer','Search customer','2023-11-08 01:38:23','2023-11-08 01:38:23'),(1759,1,'en','plugins/ecommerce/discount','no_customer_found','No customer found!','2023-11-08 01:38:23','2023-11-08 01:38:23'),(1760,1,'en','plugins/ecommerce/discount','one_time_per_order','One time per order','2023-11-08 01:38:23','2023-11-08 01:38:23'),(1761,1,'en','plugins/ecommerce/discount','one_time_per_product_in_cart','One time per product in cart','2023-11-08 01:38:23','2023-11-08 01:38:23'),(1762,1,'en','plugins/ecommerce/discount','number_of_products','Number of products required to apply','2023-11-08 01:38:23','2023-11-08 01:38:23'),(1763,1,'en','plugins/ecommerce/discount','selected_products','Selected products','2023-11-08 01:38:23','2023-11-08 01:38:23'),(1764,1,'en','plugins/ecommerce/discount','selected_customers','Selected customers','2023-11-08 01:38:23','2023-11-08 01:38:23'),(1765,1,'en','plugins/ecommerce/discount','time','Time','2023-11-08 01:38:23','2023-11-08 01:38:23'),(1766,1,'en','plugins/ecommerce/discount','start_date','Start date','2023-11-08 01:38:23','2023-11-08 01:38:23'),(1767,1,'en','plugins/ecommerce/discount','end_date','End date','2023-11-08 01:38:23','2023-11-08 01:38:23'),(1768,1,'en','plugins/ecommerce/discount','never_expired','Never expired?','2023-11-08 01:38:23','2023-11-08 01:38:23'),(1769,1,'en','plugins/ecommerce/discount','save','Save','2023-11-08 01:38:23','2023-11-08 01:38:23'),(1770,1,'en','plugins/ecommerce/discount','enter_promotion_name','Enter promotion name','2023-11-08 01:38:23','2023-11-08 01:38:23'),(1771,1,'en','plugins/ecommerce/discount','enter_coupon_name','Enter coupon name','2023-11-08 01:38:23','2023-11-08 01:38:23'),(1772,1,'en','plugins/ecommerce/discount','cancel','Cancel','2023-11-08 01:38:23','2023-11-08 01:38:23'),(1773,1,'en','plugins/ecommerce/discount','is','Is','2023-11-08 01:38:23','2023-11-08 01:38:23'),(1774,1,'en','plugins/ecommerce/discount','when_shipping_fee_less_than','when shipping fee less than','2023-11-08 01:38:23','2023-11-08 01:38:23'),(1775,1,'en','plugins/ecommerce/discount','minimum_order_amount_error','You are under :minimum_amount to apply the coupon, you must add :add_more more items to your cart','2023-11-08 01:38:24','2023-11-08 01:38:24'),(1776,1,'en','plugins/ecommerce/discount','once_per_customer','Once per customer','2023-11-08 01:38:24','2023-11-08 01:38:24'),(1777,1,'en','plugins/ecommerce/discount','you_need_login_to_use_coupon_code','You need to login to use this coupon code','2023-11-08 01:38:24','2023-11-08 01:38:24'),(1778,1,'en','plugins/ecommerce/discount','you_used_coupon_code','You have already used this coupon code','2023-11-08 01:38:24','2023-11-08 01:38:24'),(1779,1,'en','plugins/ecommerce/discount','customer_used_coupon_code','Customers who have used this discount code','2023-11-08 01:38:24','2023-11-08 01:38:24'),(1780,1,'en','plugins/ecommerce/discount','apply_via_url','Apply via URL?','2023-11-08 01:38:24','2023-11-08 01:38:24'),(1781,1,'en','plugins/ecommerce/discount','apply_via_url_description','This setting will apply coupon code when customers access the URL with the parameter \"?coupon=code\".','2023-11-08 01:38:24','2023-11-08 01:38:24'),(1782,1,'en','plugins/ecommerce/ecommerce','settings','Settings','2023-11-08 01:38:24','2023-11-08 01:38:24'),(1783,1,'en','plugins/ecommerce/ecommerce','name','Ecommerce','2023-11-08 01:38:24','2023-11-08 01:38:24'),(1784,1,'en','plugins/ecommerce/ecommerce','setting.email.title','E-commerce','2023-11-08 01:38:24','2023-11-08 01:38:24'),(1785,1,'en','plugins/ecommerce/ecommerce','setting.email.description','Ecommerce email config','2023-11-08 01:38:24','2023-11-08 01:38:24'),(1786,1,'en','plugins/ecommerce/ecommerce','setting.email.order_confirm_subject','Subject of order confirmation email','2023-11-08 01:38:24','2023-11-08 01:38:24'),(1787,1,'en','plugins/ecommerce/ecommerce','setting.email.order_confirm_subject_placeholder','The subject of email confirmation send to the customer','2023-11-08 01:38:24','2023-11-08 01:38:24'),(1788,1,'en','plugins/ecommerce/ecommerce','setting.email.order_confirm_content','Content of order confirmation email','2023-11-08 01:38:24','2023-11-08 01:38:24'),(1789,1,'en','plugins/ecommerce/ecommerce','setting.email.order_status_change_subject','Subject of email when changing order\'s status','2023-11-08 01:38:24','2023-11-08 01:38:24'),(1790,1,'en','plugins/ecommerce/ecommerce','setting.email.order_status_change_subject_placeholder','Subject of email when changing order\'s status send to customer','2023-11-08 01:38:24','2023-11-08 01:38:24'),(1791,1,'en','plugins/ecommerce/ecommerce','setting.email.order_status_change_content','Content of email when changing order\'s status','2023-11-08 01:38:24','2023-11-08 01:38:24'),(1792,1,'en','plugins/ecommerce/ecommerce','setting.email.from_email','Email from','2023-11-08 01:38:24','2023-11-08 01:38:24'),(1793,1,'en','plugins/ecommerce/ecommerce','setting.email.from_email_placeholder','Email from address to display in mail. Ex: example@gmail.com','2023-11-08 01:38:24','2023-11-08 01:38:24'),(1794,1,'en','plugins/ecommerce/ecommerce','setting.title','Basic information','2023-11-08 01:38:24','2023-11-08 01:38:24'),(1795,1,'en','plugins/ecommerce/ecommerce','setting.state','State','2023-11-08 01:38:24','2023-11-08 01:38:24'),(1796,1,'en','plugins/ecommerce/ecommerce','setting.city','City','2023-11-08 01:38:24','2023-11-08 01:38:24'),(1797,1,'en','plugins/ecommerce/ecommerce','setting.country','Country','2023-11-08 01:38:24','2023-11-08 01:38:24'),(1798,1,'en','plugins/ecommerce/ecommerce','setting.weight_unit_gram','Gram (g)','2023-11-08 01:38:24','2023-11-08 01:38:24'),(1799,1,'en','plugins/ecommerce/ecommerce','setting.weight_unit_kilogram','Kilogram (kg)','2023-11-08 01:38:24','2023-11-08 01:38:24'),(1800,1,'en','plugins/ecommerce/ecommerce','setting.weight_unit_lb','Pound (lb)','2023-11-08 01:38:24','2023-11-08 01:38:24'),(1801,1,'en','plugins/ecommerce/ecommerce','setting.weight_unit_oz','Ounce (oz)','2023-11-08 01:38:24','2023-11-08 01:38:24'),(1802,1,'en','plugins/ecommerce/ecommerce','setting.height_unit_cm','Centimeter (cm)','2023-11-08 01:38:24','2023-11-08 01:38:24'),(1803,1,'en','plugins/ecommerce/ecommerce','setting.height_unit_m','Meter (m)','2023-11-08 01:38:24','2023-11-08 01:38:24'),(1804,1,'en','plugins/ecommerce/ecommerce','setting.height_unit_inch','Inch','2023-11-08 01:38:24','2023-11-08 01:38:24'),(1805,1,'en','plugins/ecommerce/ecommerce','setting.store_locator_title','Store locators','2023-11-08 01:38:24','2023-11-08 01:38:24'),(1806,1,'en','plugins/ecommerce/ecommerce','setting.store_locator_description','All the lists of your chains, main stores, branches, etc. The locations can be used to track sales and to help us configure tax rates to charge when selling products.','2023-11-08 01:38:24','2023-11-08 01:38:24'),(1807,1,'en','plugins/ecommerce/ecommerce','setting.phone','Phone','2023-11-08 01:38:24','2023-11-08 01:38:24'),(1808,1,'en','plugins/ecommerce/ecommerce','setting.email_address','Email','2023-11-08 01:38:24','2023-11-08 01:38:24'),(1809,1,'en','plugins/ecommerce/ecommerce','setting.address','Address','2023-11-08 01:38:24','2023-11-08 01:38:24'),(1810,1,'en','plugins/ecommerce/ecommerce','setting.is_primary','Primary?','2023-11-08 01:38:24','2023-11-08 01:38:24'),(1811,1,'en','plugins/ecommerce/ecommerce','setting.add_new','Add new','2023-11-08 01:38:24','2023-11-08 01:38:24'),(1812,1,'en','plugins/ecommerce/ecommerce','setting.or','Or','2023-11-08 01:38:24','2023-11-08 01:38:24'),(1813,1,'en','plugins/ecommerce/ecommerce','setting.change_primary_store','change default store locator','2023-11-08 01:38:24','2023-11-08 01:38:24'),(1814,1,'en','plugins/ecommerce/ecommerce','setting.other_settings','Other settings','2023-11-08 01:38:24','2023-11-08 01:38:24'),(1815,1,'en','plugins/ecommerce/ecommerce','setting.other_settings_description','Settings for cart, review...','2023-11-08 01:38:24','2023-11-08 01:38:24'),(1816,1,'en','plugins/ecommerce/ecommerce','setting.enable_cart','Enable shopping cart?','2023-11-08 01:38:24','2023-11-08 01:38:24'),(1817,1,'en','plugins/ecommerce/ecommerce','setting.enable_tax','Enable tax?','2023-11-08 01:38:24','2023-11-08 01:38:24'),(1818,1,'en','plugins/ecommerce/ecommerce','setting.display_product_price_including_taxes','Display product price including taxes?','2023-11-08 01:38:24','2023-11-08 01:38:24'),(1819,1,'en','plugins/ecommerce/ecommerce','setting.enable_review','Enable review?','2023-11-08 01:38:24','2023-11-08 01:38:24'),(1820,1,'en','plugins/ecommerce/ecommerce','setting.enable_quick_buy_button','Enable quick buy button?','2023-11-08 01:38:24','2023-11-08 01:38:24'),(1821,1,'en','plugins/ecommerce/ecommerce','setting.quick_buy_target','Quick buy target page?','2023-11-08 01:38:24','2023-11-08 01:38:24'),(1822,1,'en','plugins/ecommerce/ecommerce','setting.checkout_page','Checkout page','2023-11-08 01:38:24','2023-11-08 01:38:24'),(1823,1,'en','plugins/ecommerce/ecommerce','setting.cart_page','Cart page','2023-11-08 01:38:24','2023-11-08 01:38:24'),(1824,1,'en','plugins/ecommerce/ecommerce','setting.add_location','Add location','2023-11-08 01:38:24','2023-11-08 01:38:24'),(1825,1,'en','plugins/ecommerce/ecommerce','setting.edit_location','Edit location','2023-11-08 01:38:24','2023-11-08 01:38:24'),(1826,1,'en','plugins/ecommerce/ecommerce','setting.delete_location','Delete location','2023-11-08 01:38:24','2023-11-08 01:38:24'),(1827,1,'en','plugins/ecommerce/ecommerce','setting.change_primary_location','Change primary location','2023-11-08 01:38:24','2023-11-08 01:38:24'),(1828,1,'en','plugins/ecommerce/ecommerce','setting.delete_location_confirmation','Are you sure you want to delete this location? This action cannot be undo.','2023-11-08 01:38:24','2023-11-08 01:38:24'),(1829,1,'en','plugins/ecommerce/ecommerce','setting.save_location','Save location','2023-11-08 01:38:24','2023-11-08 01:38:24'),(1830,1,'en','plugins/ecommerce/ecommerce','setting.accept','Accept','2023-11-08 01:38:24','2023-11-08 01:38:24'),(1831,1,'en','plugins/ecommerce/ecommerce','setting.select_country','Select country...','2023-11-08 01:38:24','2023-11-08 01:38:24'),(1832,1,'en','plugins/ecommerce/ecommerce','setting.zip_code_enabled','Enable Zip Code?','2023-11-08 01:38:24','2023-11-08 01:38:24'),(1833,1,'en','plugins/ecommerce/ecommerce','setting.thousands_separator','Thousands separator','2023-11-08 01:38:24','2023-11-08 01:38:24'),(1834,1,'en','plugins/ecommerce/ecommerce','setting.decimal_separator','Decimal separator','2023-11-08 01:38:24','2023-11-08 01:38:24'),(1835,1,'en','plugins/ecommerce/ecommerce','setting.separator_period','Period (.)','2023-11-08 01:38:24','2023-11-08 01:38:24'),(1836,1,'en','plugins/ecommerce/ecommerce','setting.separator_comma','Comma (,)','2023-11-08 01:38:24','2023-11-08 01:38:24'),(1837,1,'en','plugins/ecommerce/ecommerce','setting.separator_space','Space ( )','2023-11-08 01:38:24','2023-11-08 01:38:24'),(1838,1,'en','plugins/ecommerce/ecommerce','setting.available_countries','Available countries','2023-11-08 01:38:24','2023-11-08 01:38:24'),(1839,1,'en','plugins/ecommerce/ecommerce','setting.all','All','2023-11-08 01:38:24','2023-11-08 01:38:24'),(1840,1,'en','plugins/ecommerce/ecommerce','setting.verify_customer_email','Verify customer\'s email?','2023-11-08 01:38:24','2023-11-08 01:38:24'),(1841,1,'en','plugins/ecommerce/ecommerce','setting.minimum_order_amount','Minimum order amount to place an order (:currency).','2023-11-08 01:38:24','2023-11-08 01:38:24'),(1842,1,'en','plugins/ecommerce/ecommerce','setting.enable_guest_checkout','Enable guest checkout?','2023-11-08 01:38:24','2023-11-08 01:38:24'),(1843,1,'en','plugins/ecommerce/ecommerce','setting.show_number_of_products','Show number of products in the product single','2023-11-08 01:38:24','2023-11-08 01:38:24'),(1844,1,'en','plugins/ecommerce/ecommerce','setting.payment_method_cod_minimum_amount','Minimum order amount - :currency (Optional)','2023-11-08 01:38:24','2023-11-08 01:38:24'),(1845,1,'en','plugins/ecommerce/ecommerce','setting.review.max_file_size','Review max file size (MB)','2023-11-08 01:38:24','2023-11-08 01:38:24'),(1846,1,'en','plugins/ecommerce/ecommerce','setting.review.max_file_number','Review max file number','2023-11-08 01:38:24','2023-11-08 01:38:24'),(1847,1,'en','plugins/ecommerce/ecommerce','setting.using_custom_font_for_invoice','Using custom font for invoice?','2023-11-08 01:38:24','2023-11-08 01:38:24'),(1848,1,'en','plugins/ecommerce/ecommerce','setting.invoice_font_family','Invoice font family (Only work for Latin language)','2023-11-08 01:38:24','2023-11-08 01:38:24'),(1849,1,'en','plugins/ecommerce/ecommerce','setting.enable_invoice_stamp','Enable invoice stamp?','2023-11-08 01:38:24','2023-11-08 01:38:24'),(1850,1,'en','plugins/ecommerce/ecommerce','setting.invoice_support_arabic_language','Support Arabic language in invoice?','2023-11-08 01:38:24','2023-11-08 01:38:24'),(1851,1,'en','plugins/ecommerce/ecommerce','setting.disable_order_invoice_until_order_confirmed','Disable order invoice until order confirmed?','2023-11-08 01:38:24','2023-11-08 01:38:24'),(1852,1,'en','plugins/ecommerce/ecommerce','setting.vat_number','VAT number','2023-11-08 01:38:24','2023-11-08 01:38:24'),(1853,1,'en','plugins/ecommerce/ecommerce','setting.tax_id','Tax ID','2023-11-08 01:38:24','2023-11-08 01:38:24'),(1854,1,'en','plugins/ecommerce/ecommerce','setting.enable_recaptcha_in_register_page','Enable Recaptcha in the registration page?','2023-11-08 01:38:24','2023-11-08 01:38:24'),(1855,1,'en','plugins/ecommerce/ecommerce','setting.enable_math_captcha_in_register_page','Enable Math captcha in the registration page?','2023-11-08 01:38:24','2023-11-08 01:38:24'),(1856,1,'en','plugins/ecommerce/ecommerce','setting.enable_recaptcha_in_register_page_description','Need to setup Captcha in Admin -> Settings -> General first.','2023-11-08 01:38:24','2023-11-08 01:38:24'),(1857,1,'en','plugins/ecommerce/ecommerce','setting.show_out_of_stock_products','Show out of stock products?','2023-11-08 01:38:24','2023-11-08 01:38:24'),(1858,1,'en','plugins/ecommerce/ecommerce','setting.default_tax_rate','Default tax rate','2023-11-08 01:38:24','2023-11-08 01:38:24'),(1859,1,'en','plugins/ecommerce/ecommerce','setting.default_tax_rate_description','Important: it will be applied if no tax selected in product.','2023-11-08 01:38:24','2023-11-08 01:38:24'),(1860,1,'en','plugins/ecommerce/ecommerce','setting.how_to_display_product_variation_images','How to display product variation images?','2023-11-08 01:38:24','2023-11-08 01:38:24'),(1861,1,'en','plugins/ecommerce/ecommerce','setting.only_variation_images','Only variation images','2023-11-08 01:38:24','2023-11-08 01:38:24'),(1862,1,'en','plugins/ecommerce/ecommerce','setting.variation_images_and_main_product_images','Variation images + main product images','2023-11-08 01:38:24','2023-11-08 01:38:24'),(1863,1,'en','plugins/ecommerce/ecommerce','setting.load_countries_states_cities_from_location_plugin','Load countries, states, cities from plugin location?','2023-11-08 01:38:24','2023-11-08 01:38:24'),(1864,1,'en','plugins/ecommerce/ecommerce','setting.load_countries_states_cities_from_location_plugin_placeholder','After changing this option, you need to update all addresses again. You should set it once.','2023-11-08 01:38:24','2023-11-08 01:38:24'),(1865,1,'en','plugins/ecommerce/ecommerce','setting.enable_wishlist','Enable wishlist?','2023-11-08 01:38:24','2023-11-08 01:38:24'),(1866,1,'en','plugins/ecommerce/ecommerce','setting.enable_compare','Enable compare?','2023-11-08 01:38:24','2023-11-08 01:38:24'),(1867,1,'en','plugins/ecommerce/ecommerce','setting.enable_order_tracking','Enable order tracking?','2023-11-08 01:38:25','2023-11-08 01:38:25'),(1868,1,'en','plugins/ecommerce/ecommerce','setting.recently_viewed.enable','Enable customer recently viewed products?','2023-11-08 01:38:25','2023-11-08 01:38:25'),(1869,1,'en','plugins/ecommerce/ecommerce','setting.recently_viewed.max','Maximum number of customer recently viewed products','2023-11-08 01:38:25','2023-11-08 01:38:25'),(1870,1,'en','plugins/ecommerce/ecommerce','setting.recently_viewed.max_helper','If you set 0, it will save all products.','2023-11-08 01:38:25','2023-11-08 01:38:25'),(1871,1,'en','plugins/ecommerce/ecommerce','setting.search_products','Search products','2023-11-08 01:38:25','2023-11-08 01:38:25'),(1872,1,'en','plugins/ecommerce/ecommerce','setting.search_products_description','Config rules to search products','2023-11-08 01:38:25','2023-11-08 01:38:25'),(1873,1,'en','plugins/ecommerce/ecommerce','setting.search_for_an_exact_phrase','Search for an exact phrase?','2023-11-08 01:38:25','2023-11-08 01:38:25'),(1874,1,'en','plugins/ecommerce/ecommerce','setting.search_products_by','Search products by:','2023-11-08 01:38:25','2023-11-08 01:38:25'),(1875,1,'en','plugins/ecommerce/ecommerce','setting.tracking_settings','Tracking settings','2023-11-08 01:38:25','2023-11-08 01:38:25'),(1876,1,'en','plugins/ecommerce/ecommerce','setting.tracking_settings_description','Manage tracking: UTM, Facebook, Google Tag Manager...','2023-11-08 01:38:25','2023-11-08 01:38:25'),(1877,1,'en','plugins/ecommerce/ecommerce','setting.enable_facebook_pixel','Enable Facebook Pixel (Meta Pixel)?','2023-11-08 01:38:25','2023-11-08 01:38:25'),(1878,1,'en','plugins/ecommerce/ecommerce','setting.facebook_pixel_id','Facebook Pixel ID','2023-11-08 01:38:25','2023-11-08 01:38:25'),(1879,1,'en','plugins/ecommerce/ecommerce','setting.facebook_pixel_helper','Go to https://developers.facebook.com/docs/meta-pixel to create Facebook Pixel.','2023-11-08 01:38:25','2023-11-08 01:38:25'),(1880,1,'en','plugins/ecommerce/ecommerce','setting.enable_google_tag_manager','Enable Google Tag Manager?','2023-11-08 01:38:25','2023-11-08 01:38:25'),(1881,1,'en','plugins/ecommerce/ecommerce','setting.google_tag_manager_code','Google Tag Manager code','2023-11-08 01:38:25','2023-11-08 01:38:25'),(1882,1,'en','plugins/ecommerce/ecommerce','setting.google_tag_manager_helper','Go to https://ads.google.com/aw/conversions to create Google Ads Conversions.','2023-11-08 01:38:25','2023-11-08 01:38:25'),(1883,1,'en','plugins/ecommerce/ecommerce','setting.webhook','Webhook','2023-11-08 01:38:25','2023-11-08 01:38:25'),(1884,1,'en','plugins/ecommerce/ecommerce','setting.webhook_description','Send webhook when order placed.','2023-11-08 01:38:25','2023-11-08 01:38:25'),(1885,1,'en','plugins/ecommerce/ecommerce','setting.shipping','Shipping','2023-11-08 01:38:25','2023-11-08 01:38:25'),(1886,1,'en','plugins/ecommerce/ecommerce','setting.shipping_description','Settings for shipping','2023-11-08 01:38:25','2023-11-08 01:38:25'),(1887,1,'en','plugins/ecommerce/ecommerce','setting.hide_other_shipping_options_if_it_has_free_shipping','Hide other shipping options if it has free shipping in the list?','2023-11-08 01:38:25','2023-11-08 01:38:25'),(1888,1,'en','plugins/ecommerce/ecommerce','setting.order_placed_webhook_url','Order placed webhook URL (method: POST)','2023-11-08 01:38:25','2023-11-08 01:38:25'),(1889,1,'en','plugins/ecommerce/ecommerce','setting.return_request','Return Request','2023-11-08 01:38:25','2023-11-08 01:38:25'),(1890,1,'en','plugins/ecommerce/ecommerce','setting.return_request_description','Number of days a customer can request a return after the order is completed.','2023-11-08 01:38:25','2023-11-08 01:38:25'),(1891,1,'en','plugins/ecommerce/ecommerce','setting.returnable_days','Refundable days','2023-11-08 01:38:25','2023-11-08 01:38:25'),(1892,1,'en','plugins/ecommerce/ecommerce','setting.billing_address_enabled','Enable billing address?','2023-11-08 01:38:25','2023-11-08 01:38:25'),(1893,1,'en','plugins/ecommerce/ecommerce','setting.activate_custom_return_product_quantity','Activate custom return product quantity?','2023-11-08 01:38:25','2023-11-08 01:38:25'),(1894,1,'en','plugins/ecommerce/ecommerce','setting.allow_partial_return','Allow partial return?','2023-11-08 01:38:25','2023-11-08 01:38:25'),(1895,1,'en','plugins/ecommerce/ecommerce','setting.allow_partial_return_description','Customer can return a few products, do not need to return all products in an order.','2023-11-08 01:38:25','2023-11-08 01:38:25'),(1896,1,'en','plugins/ecommerce/ecommerce','setting.activate_custom_return_product_quantity_description','Allow customer to change the quantity of the product they want to return.','2023-11-08 01:38:25','2023-11-08 01:38:25'),(1897,1,'en','plugins/ecommerce/ecommerce','setting.digital_product','Digital product','2023-11-08 01:38:25','2023-11-08 01:38:25'),(1898,1,'en','plugins/ecommerce/ecommerce','setting.digital_product_title','Is enabled to support the digital products?','2023-11-08 01:38:25','2023-11-08 01:38:25'),(1899,1,'en','plugins/ecommerce/ecommerce','setting.allow_guest_checkout_for_digital_products','Allow guest checkout for digital products?','2023-11-08 01:38:25','2023-11-08 01:38:25'),(1900,1,'en','plugins/ecommerce/ecommerce','setting.company_settings','Company settings','2023-11-08 01:38:25','2023-11-08 01:38:25'),(1901,1,'en','plugins/ecommerce/ecommerce','setting.company_settings_description','Settings Company information for invoicing','2023-11-08 01:38:25','2023-11-08 01:38:25'),(1902,1,'en','plugins/ecommerce/ecommerce','setting.company_name','Company name','2023-11-08 01:38:25','2023-11-08 01:38:25'),(1903,1,'en','plugins/ecommerce/ecommerce','setting.company_address','Company address','2023-11-08 01:38:25','2023-11-08 01:38:25'),(1904,1,'en','plugins/ecommerce/ecommerce','setting.company_zipcode','Company zipcode','2023-11-08 01:38:25','2023-11-08 01:38:25'),(1905,1,'en','plugins/ecommerce/ecommerce','setting.company_email','Company email','2023-11-08 01:38:25','2023-11-08 01:38:25'),(1906,1,'en','plugins/ecommerce/ecommerce','setting.company_phone','Company phone','2023-11-08 01:38:25','2023-11-08 01:38:25'),(1907,1,'en','plugins/ecommerce/ecommerce','setting.company_logo','Company logo','2023-11-08 01:38:25','2023-11-08 01:38:25'),(1908,1,'en','plugins/ecommerce/ecommerce','setting.company_tax_id','Company tax ID','2023-11-08 01:38:25','2023-11-08 01:38:25'),(1909,1,'en','plugins/ecommerce/ecommerce','setting.invoice_code_prefix','Invoice code prefix','2023-11-08 01:38:25','2023-11-08 01:38:25'),(1910,1,'en','plugins/ecommerce/ecommerce','setting.only_allow_customers_purchased_to_review','Only customers who have purchased the product can review the product?','2023-11-08 01:38:25','2023-11-08 01:38:25'),(1911,1,'en','plugins/ecommerce/ecommerce','setting.enable_order_auto_confirmed','Auto confirm order?','2023-11-08 01:38:25','2023-11-08 01:38:25'),(1912,1,'en','plugins/ecommerce/ecommerce','setting.is_enabled_order_return','Is enabled order return?','2023-11-08 01:38:25','2023-11-08 01:38:25'),(1913,1,'en','plugins/ecommerce/ecommerce','setting.is_enabled_product_options','Is enabled product options?','2023-11-08 01:38:25','2023-11-08 01:38:25'),(1914,1,'en','plugins/ecommerce/ecommerce','setting.exchange_rate.choose_api_provider','Choose API provider','2023-11-08 01:38:25','2023-11-08 01:38:25'),(1915,1,'en','plugins/ecommerce/ecommerce','setting.exchange_rate.select','-- Select --','2023-11-08 01:38:25','2023-11-08 01:38:25'),(1916,1,'en','plugins/ecommerce/ecommerce','setting.exchange_rate.provider.api_layer','API Layer','2023-11-08 01:38:25','2023-11-08 01:38:25'),(1917,1,'en','plugins/ecommerce/ecommerce','setting.exchange_rate.provider.open_exchange_rate','Open Exchange Rates','2023-11-08 01:38:25','2023-11-08 01:38:25'),(1918,1,'en','plugins/ecommerce/ecommerce','setting.exchange_rate.open_exchange_app_id','Open Exchange Rates App ID','2023-11-08 01:38:25','2023-11-08 01:38:25'),(1919,1,'en','plugins/ecommerce/ecommerce','setting.display_bank_info_at_the_checkout_success_page','Display bank info at the checkout success page?','2023-11-08 01:38:25','2023-11-08 01:38:25'),(1920,1,'en','plugins/ecommerce/ecommerce','setting.mandatory_form_fields_at_checkout','Mandatory fields at the checkout page:','2023-11-08 01:38:25','2023-11-08 01:38:25'),(1921,1,'en','plugins/ecommerce/ecommerce','setting.hide_form_fields_at_checkout','Hide customer fields at checkout page:','2023-11-08 01:38:25','2023-11-08 01:38:25'),(1922,1,'en','plugins/ecommerce/ecommerce','setting.display_tax_fields_at_checkout_page','Display tax information fields at the checkout page?','2023-11-08 01:38:25','2023-11-08 01:38:25'),(1923,1,'en','plugins/ecommerce/ecommerce','setting.enable_filter_products_by_brands','Enable filter products by brands?','2023-11-08 01:38:25','2023-11-08 01:38:25'),(1924,1,'en','plugins/ecommerce/ecommerce','setting.enable_filter_products_by_tags','Enable filter products by tags?','2023-11-08 01:38:25','2023-11-08 01:38:25'),(1925,1,'en','plugins/ecommerce/ecommerce','setting.enable_filter_products_by_attributes','Enable filter products by attributes?','2023-11-08 01:38:25','2023-11-08 01:38:25'),(1926,1,'en','plugins/ecommerce/ecommerce','setting.use_city_field_as_field_text','Use city field as a free text field?','2023-11-08 01:38:25','2023-11-08 01:38:25'),(1927,1,'en','plugins/ecommerce/ecommerce','setting.auto_generate_product_sku','Auto generate SKU when creating product?','2023-11-08 01:38:25','2023-11-08 01:38:25'),(1928,1,'en','plugins/ecommerce/ecommerce','setting.product_sku_format','SKU format','2023-11-08 01:38:25','2023-11-08 01:38:25'),(1929,1,'en','plugins/ecommerce/ecommerce','setting.product_sku_format_helper','You can use %s (1 string character) or %d (1 digit) in the format to generate random string. Ex: SKU-%s%s%s-HN-%d%d%d','2023-11-08 01:38:25','2023-11-08 01:38:25'),(1930,1,'en','plugins/ecommerce/ecommerce','store_address','Store address','2023-11-08 01:38:25','2023-11-08 01:38:25'),(1931,1,'en','plugins/ecommerce/ecommerce','store_phone','Store phone','2023-11-08 01:38:25','2023-11-08 01:38:25'),(1932,1,'en','plugins/ecommerce/ecommerce','order_id','Order ID','2023-11-08 01:38:25','2023-11-08 01:38:25'),(1933,1,'en','plugins/ecommerce/ecommerce','order_token','Order token','2023-11-08 01:38:25','2023-11-08 01:38:25'),(1934,1,'en','plugins/ecommerce/ecommerce','customer_name','Customer name','2023-11-08 01:38:25','2023-11-08 01:38:25'),(1935,1,'en','plugins/ecommerce/ecommerce','customer_email','Customer email','2023-11-08 01:38:25','2023-11-08 01:38:25'),(1936,1,'en','plugins/ecommerce/ecommerce','customer_phone','Customer phone','2023-11-08 01:38:25','2023-11-08 01:38:25'),(1937,1,'en','plugins/ecommerce/ecommerce','customer_address','Customer address','2023-11-08 01:38:25','2023-11-08 01:38:25'),(1938,1,'en','plugins/ecommerce/ecommerce','product_list','List products in order','2023-11-08 01:38:25','2023-11-08 01:38:25'),(1939,1,'en','plugins/ecommerce/ecommerce','order_note','Order note','2023-11-08 01:38:25','2023-11-08 01:38:25'),(1940,1,'en','plugins/ecommerce/ecommerce','payment_detail','Payment detail','2023-11-08 01:38:25','2023-11-08 01:38:25'),(1941,1,'en','plugins/ecommerce/ecommerce','shipping_method','Shipping method','2023-11-08 01:38:25','2023-11-08 01:38:25'),(1942,1,'en','plugins/ecommerce/ecommerce','payment_method','Payment method','2023-11-08 01:38:25','2023-11-08 01:38:25'),(1943,1,'en','plugins/ecommerce/ecommerce','standard_and_format','Standard & Format','2023-11-08 01:38:25','2023-11-08 01:38:25'),(1944,1,'en','plugins/ecommerce/ecommerce','standard_and_format_description','Standards and formats are used to calculate things like product prices, shipping weights, and order times.','2023-11-08 01:38:25','2023-11-08 01:38:25'),(1945,1,'en','plugins/ecommerce/ecommerce','change_order_format','Edit order code format (optional)','2023-11-08 01:38:25','2023-11-08 01:38:25'),(1946,1,'en','plugins/ecommerce/ecommerce','change_order_format_description','The default order code starts at: number. You can change the start or end string to create the order code you want, for example \"DH-: number\" or \": number-A\"','2023-11-08 01:38:25','2023-11-08 01:38:25'),(1947,1,'en','plugins/ecommerce/ecommerce','start_with','Start with','2023-11-08 01:38:25','2023-11-08 01:38:25'),(1948,1,'en','plugins/ecommerce/ecommerce','end_with','End with','2023-11-08 01:38:25','2023-11-08 01:38:25'),(1949,1,'en','plugins/ecommerce/ecommerce','order_will_be_shown','Your order code will be shown','2023-11-08 01:38:25','2023-11-08 01:38:25'),(1950,1,'en','plugins/ecommerce/ecommerce','weight_unit','Unit of weight','2023-11-08 01:38:25','2023-11-08 01:38:25'),(1951,1,'en','plugins/ecommerce/ecommerce','height_unit','Unit length / height','2023-11-08 01:38:25','2023-11-08 01:38:25'),(1952,1,'en','plugins/ecommerce/ecommerce','theme_options.name','Ecommerce','2023-11-08 01:38:25','2023-11-08 01:38:25'),(1953,1,'en','plugins/ecommerce/ecommerce','theme_options.description','Theme options for Ecommerce','2023-11-08 01:38:25','2023-11-08 01:38:25'),(1954,1,'en','plugins/ecommerce/ecommerce','theme_options.number_products_per_page','Number of products per page','2023-11-08 01:38:25','2023-11-08 01:38:25'),(1955,1,'en','plugins/ecommerce/ecommerce','theme_options.number_of_cross_sale_product','Number of cross sale products in product detail page','2023-11-08 01:38:25','2023-11-08 01:38:25'),(1956,1,'en','plugins/ecommerce/ecommerce','theme_options.max_price_filter','Maximum price to filter','2023-11-08 01:38:25','2023-11-08 01:38:25'),(1957,1,'en','plugins/ecommerce/ecommerce','theme_options.logo_in_the_checkout_page','Logo in the checkout page (Default is the main logo)','2023-11-08 01:38:25','2023-11-08 01:38:25'),(1958,1,'en','plugins/ecommerce/ecommerce','basic_settings','Basic settings','2023-11-08 01:38:25','2023-11-08 01:38:25'),(1959,1,'en','plugins/ecommerce/ecommerce','advanced_settings','Advanced settings','2023-11-08 01:38:25','2023-11-08 01:38:25'),(1960,1,'en','plugins/ecommerce/ecommerce','product_review_list','Product review list','2023-11-08 01:38:25','2023-11-08 01:38:25'),(1961,1,'en','plugins/ecommerce/ecommerce','forms.duplicate','Duplicate','2023-11-08 01:38:26','2023-11-08 01:38:26'),(1962,1,'en','plugins/ecommerce/ecommerce','forms.duplicate_success_message','Duplicate product successfully!','2023-11-08 01:38:26','2023-11-08 01:38:26'),(1963,1,'en','plugins/ecommerce/ecommerce','duplicate_modal','Duplicate product','2023-11-08 01:38:26','2023-11-08 01:38:26'),(1964,1,'en','plugins/ecommerce/ecommerce','duplicate_modal_description','Are you sure you want to duplicate this product?','2023-11-08 01:38:26','2023-11-08 01:38:26'),(1965,1,'en','plugins/ecommerce/email','customer_new_order_title','Order confirmation','2023-11-08 01:38:26','2023-11-08 01:38:26'),(1966,1,'en','plugins/ecommerce/email','customer_new_order_description','Send email confirmation to customer when an order placed','2023-11-08 01:38:26','2023-11-08 01:38:26'),(1967,1,'en','plugins/ecommerce/email','order_cancellation_title','Order cancellation','2023-11-08 01:38:26','2023-11-08 01:38:26'),(1968,1,'en','plugins/ecommerce/email','order_cancellation_description','Send to custom when they cancelled order','2023-11-08 01:38:26','2023-11-08 01:38:26'),(1969,1,'en','plugins/ecommerce/email','delivery_confirmation_title','Delivering confirmation','2023-11-08 01:38:26','2023-11-08 01:38:26'),(1970,1,'en','plugins/ecommerce/email','delivery_confirmation_description','Send to customer when order is delivering','2023-11-08 01:38:26','2023-11-08 01:38:26'),(1971,1,'en','plugins/ecommerce/email','order_delivered_title','Order delivered','2023-11-08 01:38:26','2023-11-08 01:38:26'),(1972,1,'en','plugins/ecommerce/email','order_delivered_description','Send to customer when order is delivered','2023-11-08 01:38:26','2023-11-08 01:38:26'),(1973,1,'en','plugins/ecommerce/email','admin_new_order_title','Notice about new order','2023-11-08 01:38:26','2023-11-08 01:38:26'),(1974,1,'en','plugins/ecommerce/email','admin_new_order_description','Send to administrators when an order placed','2023-11-08 01:38:26','2023-11-08 01:38:26'),(1975,1,'en','plugins/ecommerce/email','order_confirmation_title','Order confirmation','2023-11-08 01:38:26','2023-11-08 01:38:26'),(1976,1,'en','plugins/ecommerce/email','order_confirmation_description','Send to customer when they order was confirmed by admins','2023-11-08 01:38:26','2023-11-08 01:38:26'),(1977,1,'en','plugins/ecommerce/email','payment_confirmation_title','Payment confirmation','2023-11-08 01:38:26','2023-11-08 01:38:26'),(1978,1,'en','plugins/ecommerce/email','payment_confirmation_description','Send to customer when their payment was confirmed','2023-11-08 01:38:26','2023-11-08 01:38:26'),(1979,1,'en','plugins/ecommerce/email','order_recover_title','Incomplete order','2023-11-08 01:38:26','2023-11-08 01:38:26'),(1980,1,'en','plugins/ecommerce/email','order_recover_description','Send to custom to remind them about incomplete orders','2023-11-08 01:38:26','2023-11-08 01:38:26'),(1981,1,'en','plugins/ecommerce/email','view_order','View order','2023-11-08 01:38:26','2023-11-08 01:38:26'),(1982,1,'en','plugins/ecommerce/email','link_go_to_our_shop','or <a href=\":link\">Go to our shop</a>','2023-11-08 01:38:26','2023-11-08 01:38:26'),(1983,1,'en','plugins/ecommerce/email','order_number','Order number: <strong>:order_id</strong>','2023-11-08 01:38:26','2023-11-08 01:38:26'),(1984,1,'en','plugins/ecommerce/email','order_information','Order information:','2023-11-08 01:38:26','2023-11-08 01:38:26'),(1985,1,'en','plugins/ecommerce/email','order_return_request_title','Order return request','2023-11-08 01:38:26','2023-11-08 01:38:26'),(1986,1,'en','plugins/ecommerce/email','order_return_request_description','Send to customer when they return order','2023-11-08 01:38:26','2023-11-08 01:38:26'),(1987,1,'en','plugins/ecommerce/export','products.name','Export products','2023-11-08 01:38:26','2023-11-08 01:38:26'),(1988,1,'en','plugins/ecommerce/export','products.title','Export Products (CSV)','2023-11-08 01:38:26','2023-11-08 01:38:26'),(1989,1,'en','plugins/ecommerce/export','products.total_products','Total products','2023-11-08 01:38:26','2023-11-08 01:38:26'),(1990,1,'en','plugins/ecommerce/export','products.total_variations','Total variations','2023-11-08 01:38:26','2023-11-08 01:38:26'),(1991,1,'en','plugins/ecommerce/export','start_export','Start export','2023-11-08 01:38:26','2023-11-08 01:38:26'),(1992,1,'en','plugins/ecommerce/export','exporting','Exporting...','2023-11-08 01:38:26','2023-11-08 01:38:26'),(1993,1,'en','plugins/ecommerce/export','export','Export','2023-11-08 01:38:26','2023-11-08 01:38:26'),(1994,1,'en','plugins/ecommerce/flash-sale','name','Flash sales','2023-11-08 01:38:26','2023-11-08 01:38:26'),(1995,1,'en','plugins/ecommerce/flash-sale','create','New flash sale','2023-11-08 01:38:26','2023-11-08 01:38:26'),(1996,1,'en','plugins/ecommerce/flash-sale','edit','Edit flash sale','2023-11-08 01:38:26','2023-11-08 01:38:26'),(1997,1,'en','plugins/ecommerce/flash-sale','products','Products','2023-11-08 01:38:26','2023-11-08 01:38:26'),(1998,1,'en','plugins/ecommerce/invoice-template','name','Invoice template','2023-11-08 01:38:26','2023-11-08 01:38:26'),(1999,1,'en','plugins/ecommerce/invoice-template','setting','Invoice Settings','2023-11-08 01:38:26','2023-11-08 01:38:26'),(2000,1,'en','plugins/ecommerce/invoice-template','setting_description','Settings for Invoice template','2023-11-08 01:38:26','2023-11-08 01:38:26'),(2001,1,'en','plugins/ecommerce/invoice-template','setting_content','Content','2023-11-08 01:38:26','2023-11-08 01:38:26'),(2002,1,'en','plugins/ecommerce/invoice-template','preview','Preview','2023-11-08 01:38:26','2023-11-08 01:38:26'),(2003,1,'en','plugins/ecommerce/invoice-template','preview_heading','Preview Invoice template','2023-11-08 01:38:26','2023-11-08 01:38:26'),(2004,1,'en','plugins/ecommerce/invoice','name','Invoices','2023-11-08 01:38:26','2023-11-08 01:38:26'),(2005,1,'en','plugins/ecommerce/invoice','create','New invoice','2023-11-08 01:38:26','2023-11-08 01:38:26'),(2006,1,'en','plugins/ecommerce/invoice','edit','Edit invoice','2023-11-08 01:38:26','2023-11-08 01:38:26'),(2007,1,'en','plugins/ecommerce/invoice','print','Print Invoice','2023-11-08 01:38:26','2023-11-08 01:38:26'),(2008,1,'en','plugins/ecommerce/invoice','download','Download Invoice','2023-11-08 01:38:26','2023-11-08 01:38:26'),(2009,1,'en','plugins/ecommerce/invoice','heading','Invoice','2023-11-08 01:38:26','2023-11-08 01:38:26'),(2010,1,'en','plugins/ecommerce/invoice','invoice_for_job','','2023-11-08 01:38:26','2023-11-08 01:38:26'),(2011,1,'en','plugins/ecommerce/invoice','table.code','Code','2023-11-08 01:38:26','2023-11-08 01:38:26'),(2012,1,'en','plugins/ecommerce/invoice','table.amount','Amount','2023-11-08 01:38:26','2023-11-08 01:38:26'),(2013,1,'en','plugins/ecommerce/invoice','detail.invoice_for','Invoice For','2023-11-08 01:38:26','2023-11-08 01:38:26'),(2014,1,'en','plugins/ecommerce/invoice','detail.invoice_to','Invoice To','2023-11-08 01:38:26','2023-11-08 01:38:26'),(2015,1,'en','plugins/ecommerce/invoice','detail.tax_id','Tax ID','2023-11-08 01:38:26','2023-11-08 01:38:26'),(2016,1,'en','plugins/ecommerce/invoice','detail.code','Invoice Code','2023-11-08 01:38:26','2023-11-08 01:38:26'),(2017,1,'en','plugins/ecommerce/invoice','detail.issue_at','Issue At','2023-11-08 01:38:26','2023-11-08 01:38:26'),(2018,1,'en','plugins/ecommerce/invoice','detail.description','Description','2023-11-08 01:38:26','2023-11-08 01:38:26'),(2019,1,'en','plugins/ecommerce/invoice','detail.qty','Qty','2023-11-08 01:38:26','2023-11-08 01:38:26'),(2020,1,'en','plugins/ecommerce/invoice','detail.quantity','Quantity','2023-11-08 01:38:26','2023-11-08 01:38:26'),(2021,1,'en','plugins/ecommerce/invoice','detail.amount','Amount','2023-11-08 01:38:26','2023-11-08 01:38:26'),(2022,1,'en','plugins/ecommerce/invoice','detail.discount','Discount','2023-11-08 01:38:26','2023-11-08 01:38:26'),(2023,1,'en','plugins/ecommerce/invoice','detail.grand_total','Grand Total','2023-11-08 01:38:26','2023-11-08 01:38:26'),(2024,1,'en','plugins/ecommerce/invoice','detail.shipping_fee','Shipping Fee','2023-11-08 01:38:26','2023-11-08 01:38:26'),(2025,1,'en','plugins/ecommerce/invoice','detail.sub_total','Sub Total','2023-11-08 01:38:26','2023-11-08 01:38:26'),(2026,1,'en','plugins/ecommerce/invoice','detail.tax','Tax','2023-11-08 01:38:26','2023-11-08 01:38:26'),(2027,1,'en','plugins/ecommerce/invoice','detail.total','Total','2023-11-08 01:38:26','2023-11-08 01:38:26'),(2028,1,'en','plugins/ecommerce/invoice','detail.attributes','Attributes','2023-11-08 01:38:26','2023-11-08 01:38:26'),(2029,1,'en','plugins/ecommerce/invoice','detail.product_options','Product options','2023-11-08 01:38:26','2023-11-08 01:38:26'),(2030,1,'en','plugins/ecommerce/invoice','detail.license_code','License code','2023-11-08 01:38:26','2023-11-08 01:38:26'),(2031,1,'en','plugins/ecommerce/invoice','total_amount','Total Amount','2023-11-08 01:38:26','2023-11-08 01:38:26'),(2032,1,'en','plugins/ecommerce/invoice','payment_info','Payment Info','2023-11-08 01:38:26','2023-11-08 01:38:26'),(2033,1,'en','plugins/ecommerce/invoice','payment_method','Payment Method','2023-11-08 01:38:26','2023-11-08 01:38:26'),(2034,1,'en','plugins/ecommerce/invoice','payment_status','Payment Status','2023-11-08 01:38:26','2023-11-08 01:38:26'),(2035,1,'en','plugins/ecommerce/invoice','generate_invoices','Generate Invoices','2023-11-08 01:38:26','2023-11-08 01:38:26'),(2036,1,'en','plugins/ecommerce/invoice','generate_success_message','Generated :count invoices successfully','2023-11-08 01:38:26','2023-11-08 01:38:26'),(2037,1,'en','plugins/ecommerce/invoice','generate_invoice','Generate invoice','2023-11-08 01:38:26','2023-11-08 01:38:26'),(2038,1,'en','plugins/ecommerce/invoice','order','Order','2023-11-08 01:38:26','2023-11-08 01:38:26'),(2039,1,'en','plugins/ecommerce/order','statuses.pending','Pending','2023-11-08 01:38:26','2023-11-08 01:38:26'),(2040,1,'en','plugins/ecommerce/order','statuses.processing','Processing','2023-11-08 01:38:26','2023-11-08 01:38:26'),(2041,1,'en','plugins/ecommerce/order','statuses.completed','Completed','2023-11-08 01:38:26','2023-11-08 01:38:26'),(2042,1,'en','plugins/ecommerce/order','statuses.canceled','Canceled','2023-11-08 01:38:26','2023-11-08 01:38:26'),(2043,1,'en','plugins/ecommerce/order','statuses.partial_returned','Partial returned','2023-11-08 01:38:26','2023-11-08 01:38:26'),(2044,1,'en','plugins/ecommerce/order','statuses.returned','Returned','2023-11-08 01:38:26','2023-11-08 01:38:26'),(2045,1,'en','plugins/ecommerce/order','return_statuses.pending','Pending','2023-11-08 01:38:26','2023-11-08 01:38:26'),(2046,1,'en','plugins/ecommerce/order','return_statuses.processing','Processing','2023-11-08 01:38:26','2023-11-08 01:38:26'),(2047,1,'en','plugins/ecommerce/order','return_statuses.completed','Completed','2023-11-08 01:38:26','2023-11-08 01:38:26'),(2048,1,'en','plugins/ecommerce/order','return_statuses.canceled','Canceled','2023-11-08 01:38:26','2023-11-08 01:38:26'),(2049,1,'en','plugins/ecommerce/order','menu','Orders','2023-11-08 01:38:26','2023-11-08 01:38:26'),(2050,1,'en','plugins/ecommerce/order','create','Create an order','2023-11-08 01:38:26','2023-11-08 01:38:26'),(2051,1,'en','plugins/ecommerce/order','cancel_error','The order is delivering or not completed','2023-11-08 01:38:26','2023-11-08 01:38:26'),(2052,1,'en','plugins/ecommerce/order','cancel_success','You do cancel the order successful','2023-11-08 01:38:26','2023-11-08 01:38:26'),(2053,1,'en','plugins/ecommerce/order','return_error','The order is delivering or not completed','2023-11-08 01:38:26','2023-11-08 01:38:26'),(2054,1,'en','plugins/ecommerce/order','return_success','Requested product(s) return successfully!','2023-11-08 01:38:26','2023-11-08 01:38:26'),(2055,1,'en','plugins/ecommerce/order','incomplete_order','Incomplete orders','2023-11-08 01:38:26','2023-11-08 01:38:26'),(2056,1,'en','plugins/ecommerce/order','order_id','Order ID','2023-11-08 01:38:26','2023-11-08 01:38:26'),(2057,1,'en','plugins/ecommerce/order','product_id','Product ID','2023-11-08 01:38:26','2023-11-08 01:38:26'),(2058,1,'en','plugins/ecommerce/order','customer_label','Customer','2023-11-08 01:38:26','2023-11-08 01:38:26'),(2059,1,'en','plugins/ecommerce/order','tax_amount','Tax Amount','2023-11-08 01:38:26','2023-11-08 01:38:26'),(2060,1,'en','plugins/ecommerce/order','shipping_amount','Shipping amount','2023-11-08 01:38:26','2023-11-08 01:38:26'),(2061,1,'en','plugins/ecommerce/order','payment_method','Payment method','2023-11-08 01:38:26','2023-11-08 01:38:26'),(2062,1,'en','plugins/ecommerce/order','payment_status_label','Payment status','2023-11-08 01:38:26','2023-11-08 01:38:26'),(2063,1,'en','plugins/ecommerce/order','manage_orders','Manage orders','2023-11-08 01:38:26','2023-11-08 01:38:26'),(2064,1,'en','plugins/ecommerce/order','order_intro_description','Once your store has orders, this is where you will process and track those orders.','2023-11-08 01:38:26','2023-11-08 01:38:26'),(2065,1,'en','plugins/ecommerce/order','create_new_order','Create a new order','2023-11-08 01:38:26','2023-11-08 01:38:26'),(2066,1,'en','plugins/ecommerce/order','manage_incomplete_orders','Manage incomplete orders','2023-11-08 01:38:26','2023-11-08 01:38:26'),(2067,1,'en','plugins/ecommerce/order','incomplete_orders_intro_description','Incomplete order is an order created when a customer adds a product to the cart, proceeds to fill out the purchase information but does not complete the checkout process.','2023-11-08 01:38:26','2023-11-08 01:38:26'),(2068,1,'en','plugins/ecommerce/order','invoice_for_order','Invoice for order','2023-11-08 01:38:27','2023-11-08 01:38:27'),(2069,1,'en','plugins/ecommerce/order','created','Created','2023-11-08 01:38:27','2023-11-08 01:38:27'),(2070,1,'en','plugins/ecommerce/order','invoice','Invoice','2023-11-08 01:38:27','2023-11-08 01:38:27'),(2071,1,'en','plugins/ecommerce/order','return','Order Return Request','2023-11-08 01:38:27','2023-11-08 01:38:27'),(2072,1,'en','plugins/ecommerce/order','is_return','Return checkbox','2023-11-08 01:38:27','2023-11-08 01:38:27'),(2073,1,'en','plugins/ecommerce/order','total_refund_amount','Total refund amount','2023-11-08 01:38:27','2023-11-08 01:38:27'),(2074,1,'en','plugins/ecommerce/order','total_amount_can_be_refunded','Total amount can be refunded','2023-11-08 01:38:27','2023-11-08 01:38:27'),(2075,1,'en','plugins/ecommerce/order','refund_reason','Refund reason','2023-11-08 01:38:27','2023-11-08 01:38:27'),(2076,1,'en','plugins/ecommerce/order','products','product(s)','2023-11-08 01:38:27','2023-11-08 01:38:27'),(2077,1,'en','plugins/ecommerce/order','default','Default','2023-11-08 01:38:27','2023-11-08 01:38:27'),(2078,1,'en','plugins/ecommerce/order','system','System','2023-11-08 01:38:27','2023-11-08 01:38:27'),(2079,1,'en','plugins/ecommerce/order','new_order_from','New order :order_id from :customer','2023-11-08 01:38:27','2023-11-08 01:38:27'),(2080,1,'en','plugins/ecommerce/order','confirmation_email_was_sent_to_customer','The email confirmation was sent to customer','2023-11-08 01:38:27','2023-11-08 01:38:27'),(2081,1,'en','plugins/ecommerce/order','create_order_from_payment_page','Order was created from checkout page','2023-11-08 01:38:27','2023-11-08 01:38:27'),(2082,1,'en','plugins/ecommerce/order','create_order_from_admin_page','Order was created from admin page','2023-11-08 01:38:27','2023-11-08 01:38:27'),(2083,1,'en','plugins/ecommerce/order','order_was_verified_by','Order was verified by %user_name%','2023-11-08 01:38:27','2023-11-08 01:38:27'),(2084,1,'en','plugins/ecommerce/order','new_order','New order :order_id','2023-11-08 01:38:27','2023-11-08 01:38:27'),(2085,1,'en','plugins/ecommerce/order','payment_was_confirmed_by','Payment was confirmed (amount :money) by %user_name%','2023-11-08 01:38:27','2023-11-08 01:38:27'),(2086,1,'en','plugins/ecommerce/order','edit_order','Edit order :code','2023-11-08 01:38:27','2023-11-08 01:38:27'),(2087,1,'en','plugins/ecommerce/order','confirm_order_success','Confirm order successfully!','2023-11-08 01:38:27','2023-11-08 01:38:27'),(2088,1,'en','plugins/ecommerce/order','error_when_sending_email','There is an error when sending email','2023-11-08 01:38:27','2023-11-08 01:38:27'),(2089,1,'en','plugins/ecommerce/order','sent_confirmation_email_success','Sent confirmation email successfully!','2023-11-08 01:38:27','2023-11-08 01:38:27'),(2090,1,'en','plugins/ecommerce/order','order_was_sent_to_shipping_team','Order was sent to shipping team','2023-11-08 01:38:27','2023-11-08 01:38:27'),(2091,1,'en','plugins/ecommerce/order','by_username','by %user_name%','2023-11-08 01:38:27','2023-11-08 01:38:27'),(2092,1,'en','plugins/ecommerce/order','shipping_was_created_from','Shipping was created from order %order_id%','2023-11-08 01:38:27','2023-11-08 01:38:27'),(2093,1,'en','plugins/ecommerce/order','shipping_was_canceled_success','Shipping was cancelled successfully!','2023-11-08 01:38:27','2023-11-08 01:38:27'),(2094,1,'en','plugins/ecommerce/order','shipping_was_canceled_by','Shipping was cancelled by %user_name%','2023-11-08 01:38:27','2023-11-08 01:38:27'),(2095,1,'en','plugins/ecommerce/order','update_shipping_address_success','Update shipping address successfully!','2023-11-08 01:38:27','2023-11-08 01:38:27'),(2096,1,'en','plugins/ecommerce/order','order_was_canceled_by','Order was cancelled by %user_name%','2023-11-08 01:38:27','2023-11-08 01:38:27'),(2097,1,'en','plugins/ecommerce/order','order_was_returned_by','Order was returned by %user_name%','2023-11-08 01:38:27','2023-11-08 01:38:27'),(2098,1,'en','plugins/ecommerce/order','confirm_payment_success','Confirm payment successfully!','2023-11-08 01:38:27','2023-11-08 01:38:27'),(2099,1,'en','plugins/ecommerce/order','refund_amount_invalid','Refund amount must be lower or equal :price','2023-11-08 01:38:27','2023-11-08 01:38:27'),(2100,1,'en','plugins/ecommerce/order','number_of_products_invalid','Number of products refund is not valid!','2023-11-08 01:38:27','2023-11-08 01:38:27'),(2101,1,'en','plugins/ecommerce/order','cannot_found_payment_for_this_order','Cannot found payment for this order!','2023-11-08 01:38:27','2023-11-08 01:38:27'),(2102,1,'en','plugins/ecommerce/order','refund_success_with_price','Refund success :price','2023-11-08 01:38:27','2023-11-08 01:38:27'),(2103,1,'en','plugins/ecommerce/order','refund_success','Refund successfully!','2023-11-08 01:38:27','2023-11-08 01:38:27'),(2104,1,'en','plugins/ecommerce/order','order_is_not_existed','Order is not existed!','2023-11-08 01:38:27','2023-11-08 01:38:27'),(2105,1,'en','plugins/ecommerce/order','reorder','Reorder','2023-11-08 01:38:27','2023-11-08 01:38:27'),(2106,1,'en','plugins/ecommerce/order','sent_email_incomplete_order_success','Sent email to remind about incomplete order successfully!','2023-11-08 01:38:27','2023-11-08 01:38:27'),(2107,1,'en','plugins/ecommerce/order','applied_coupon_success','Applied coupon \":code\" successfully!','2023-11-08 01:38:27','2023-11-08 01:38:27'),(2108,1,'en','plugins/ecommerce/order','new_order_notice','You have <span class=\"bold\">:count</span> New Order(s)','2023-11-08 01:38:27','2023-11-08 01:38:27'),(2109,1,'en','plugins/ecommerce/order','view_all','View all','2023-11-08 01:38:27','2023-11-08 01:38:27'),(2110,1,'en','plugins/ecommerce/order','cancel_order','Cancel order','2023-11-08 01:38:27','2023-11-08 01:38:27'),(2111,1,'en','plugins/ecommerce/order','order_canceled','Order canceled','2023-11-08 01:38:27','2023-11-08 01:38:27'),(2112,1,'en','plugins/ecommerce/order','order_was_canceled_at','Order was canceled at','2023-11-08 01:38:27','2023-11-08 01:38:27'),(2113,1,'en','plugins/ecommerce/order','return_order','Return order','2023-11-08 01:38:27','2023-11-08 01:38:27'),(2114,1,'en','plugins/ecommerce/order','order_returned','Order returned','2023-11-08 01:38:27','2023-11-08 01:38:27'),(2115,1,'en','plugins/ecommerce/order','order_was_returned_at','Order was returned at','2023-11-08 01:38:27','2023-11-08 01:38:27'),(2116,1,'en','plugins/ecommerce/order','completed','Completed','2023-11-08 01:38:27','2023-11-08 01:38:27'),(2117,1,'en','plugins/ecommerce/order','uncompleted','Uncompleted','2023-11-08 01:38:27','2023-11-08 01:38:27'),(2118,1,'en','plugins/ecommerce/order','sku','SKU','2023-11-08 01:38:27','2023-11-08 01:38:27'),(2119,1,'en','plugins/ecommerce/order','warehouse','Warehouse','2023-11-08 01:38:27','2023-11-08 01:38:27'),(2120,1,'en','plugins/ecommerce/order','sub_amount','Sub amount','2023-11-08 01:38:27','2023-11-08 01:38:27'),(2121,1,'en','plugins/ecommerce/order','coupon_code','Coupon code: \":code\"','2023-11-08 01:38:27','2023-11-08 01:38:27'),(2122,1,'en','plugins/ecommerce/order','shipping_fee','Shipping fee','2023-11-08 01:38:27','2023-11-08 01:38:27'),(2123,1,'en','plugins/ecommerce/order','tax','Tax','2023-11-08 01:38:27','2023-11-08 01:38:27'),(2124,1,'en','plugins/ecommerce/order','refunded_amount','Refunded amount','2023-11-08 01:38:27','2023-11-08 01:38:27'),(2125,1,'en','plugins/ecommerce/order','amount_received','The amount actually received','2023-11-08 01:38:27','2023-11-08 01:38:27'),(2126,1,'en','plugins/ecommerce/order','download_invoice','Download invoice','2023-11-08 01:38:27','2023-11-08 01:38:27'),(2127,1,'en','plugins/ecommerce/order','print_invoice','Print invoice','2023-11-08 01:38:27','2023-11-08 01:38:27'),(2128,1,'en','plugins/ecommerce/order','add_note','Add note...','2023-11-08 01:38:27','2023-11-08 01:38:27'),(2129,1,'en','plugins/ecommerce/order','order_was_confirmed','Order was confirmed','2023-11-08 01:38:27','2023-11-08 01:38:27'),(2130,1,'en','plugins/ecommerce/order','confirm_order','Confirm order','2023-11-08 01:38:27','2023-11-08 01:38:27'),(2131,1,'en','plugins/ecommerce/order','confirm','Confirm','2023-11-08 01:38:27','2023-11-08 01:38:27'),(2132,1,'en','plugins/ecommerce/order','order_was_canceled','Order was canceled','2023-11-08 01:38:27','2023-11-08 01:38:27'),(2133,1,'en','plugins/ecommerce/order','order_was_returned','Order was returned','2023-11-08 01:38:27','2023-11-08 01:38:27'),(2134,1,'en','plugins/ecommerce/order','pending_payment','Pending payment','2023-11-08 01:38:27','2023-11-08 01:38:27'),(2135,1,'en','plugins/ecommerce/order','payment_was_accepted','Payment :money was accepted','2023-11-08 01:38:27','2023-11-08 01:38:27'),(2136,1,'en','plugins/ecommerce/order','payment_was_refunded','Payment was refunded','2023-11-08 01:38:27','2023-11-08 01:38:27'),(2137,1,'en','plugins/ecommerce/order','confirm_payment','Confirm payment','2023-11-08 01:38:27','2023-11-08 01:38:27'),(2138,1,'en','plugins/ecommerce/order','refund','Refund','2023-11-08 01:38:27','2023-11-08 01:38:27'),(2139,1,'en','plugins/ecommerce/order','all_products_are_not_delivered','All products are not delivered','2023-11-08 01:38:27','2023-11-08 01:38:27'),(2140,1,'en','plugins/ecommerce/order','delivery','Delivery','2023-11-08 01:38:27','2023-11-08 01:38:27'),(2141,1,'en','plugins/ecommerce/order','history','History','2023-11-08 01:38:27','2023-11-08 01:38:27'),(2142,1,'en','plugins/ecommerce/order','order_number','Order number','2023-11-08 01:38:27','2023-11-08 01:38:27'),(2143,1,'en','plugins/ecommerce/order','from','from','2023-11-08 01:38:27','2023-11-08 01:38:27'),(2144,1,'en','plugins/ecommerce/order','status','Status','2023-11-08 01:38:27','2023-11-08 01:38:27'),(2145,1,'en','plugins/ecommerce/order','successfully','Successfully','2023-11-08 01:38:27','2023-11-08 01:38:27'),(2146,1,'en','plugins/ecommerce/order','transaction_type','Transaction\'s type','2023-11-08 01:38:27','2023-11-08 01:38:27'),(2147,1,'en','plugins/ecommerce/order','staff','Staff','2023-11-08 01:38:27','2023-11-08 01:38:27'),(2148,1,'en','plugins/ecommerce/order','refund_date','Refund date','2023-11-08 01:38:27','2023-11-08 01:38:27'),(2149,1,'en','plugins/ecommerce/order','n_a','N\\A','2023-11-08 01:38:27','2023-11-08 01:38:27'),(2150,1,'en','plugins/ecommerce/order','payment_date','Payment date','2023-11-08 01:38:27','2023-11-08 01:38:27'),(2151,1,'en','plugins/ecommerce/order','payment_gateway','Payment gateway','2023-11-08 01:38:27','2023-11-08 01:38:27'),(2152,1,'en','plugins/ecommerce/order','transaction_amount','Transaction amount','2023-11-08 01:38:27','2023-11-08 01:38:27'),(2153,1,'en','plugins/ecommerce/order','resend','Resend','2023-11-08 01:38:27','2023-11-08 01:38:27'),(2154,1,'en','plugins/ecommerce/order','default_store','Default store','2023-11-08 01:38:27','2023-11-08 01:38:27'),(2155,1,'en','plugins/ecommerce/order','update_address','Update address','2023-11-08 01:38:27','2023-11-08 01:38:27'),(2156,1,'en','plugins/ecommerce/order','have_an_account_already','Have an account already','2023-11-08 01:38:27','2023-11-08 01:38:27'),(2157,1,'en','plugins/ecommerce/order','dont_have_an_account_yet','Don\'t have an account yet','2023-11-08 01:38:27','2023-11-08 01:38:27'),(2158,1,'en','plugins/ecommerce/order','mark_payment_as_confirmed','Mark <span>:method</span> as confirmed','2023-11-08 01:38:27','2023-11-08 01:38:27'),(2159,1,'en','plugins/ecommerce/order','resend_order_confirmation','Resend order confirmation','2023-11-08 01:38:27','2023-11-08 01:38:27'),(2160,1,'en','plugins/ecommerce/order','resend_order_confirmation_description','Confirmation email will be sent to <strong>:email</strong>?','2023-11-08 01:38:27','2023-11-08 01:38:27'),(2161,1,'en','plugins/ecommerce/order','send','Send','2023-11-08 01:38:27','2023-11-08 01:38:27'),(2162,1,'en','plugins/ecommerce/order','update','Update','2023-11-08 01:38:27','2023-11-08 01:38:27'),(2163,1,'en','plugins/ecommerce/order','cancel_shipping_confirmation','Cancel shipping confirmation?','2023-11-08 01:38:27','2023-11-08 01:38:27'),(2164,1,'en','plugins/ecommerce/order','cancel_shipping_confirmation_description','Cancel shipping confirmation?','2023-11-08 01:38:27','2023-11-08 01:38:27'),(2165,1,'en','plugins/ecommerce/order','cancel_order_confirmation','Cancel order confirmation?','2023-11-08 01:38:27','2023-11-08 01:38:27'),(2166,1,'en','plugins/ecommerce/order','cancel_order_confirmation_description','Are you sure you want to cancel this order? This action cannot rollback','2023-11-08 01:38:27','2023-11-08 01:38:27'),(2167,1,'en','plugins/ecommerce/order','return_order_confirmation','Return order confirmation?','2023-11-08 01:38:27','2023-11-08 01:38:27'),(2168,1,'en','plugins/ecommerce/order','return_order_confirmation_description','Are you sure you want to return this order? This action cannot rollback','2023-11-08 01:38:27','2023-11-08 01:38:27'),(2169,1,'en','plugins/ecommerce/order','confirm_payment_confirmation_description','Processed by <strong>:method</strong>. Did you receive payment outside the system? This payment won\'t be saved into system and cannot be refunded','2023-11-08 01:38:27','2023-11-08 01:38:27'),(2170,1,'en','plugins/ecommerce/order','save_note','Save note','2023-11-08 01:38:27','2023-11-08 01:38:27'),(2171,1,'en','plugins/ecommerce/order','order_note','Order note','2023-11-08 01:38:27','2023-11-08 01:38:27'),(2172,1,'en','plugins/ecommerce/order','order_note_placeholder','Note about order, ex: time or shipping instruction.','2023-11-08 01:38:27','2023-11-08 01:38:27'),(2173,1,'en','plugins/ecommerce/order','order_amount','Order amount','2023-11-08 01:38:27','2023-11-08 01:38:27'),(2174,1,'en','plugins/ecommerce/order','additional_information','Additional information','2023-11-08 01:38:27','2023-11-08 01:38:27'),(2175,1,'en','plugins/ecommerce/order','notice_about_incomplete_order','Notice about incomplete order','2023-11-08 01:38:27','2023-11-08 01:38:27'),(2176,1,'en','plugins/ecommerce/order','notice_about_incomplete_order_description','Remind email about uncompleted order will be send to <strong>:email</strong>?','2023-11-08 01:38:27','2023-11-08 01:38:27'),(2177,1,'en','plugins/ecommerce/order','incomplete_order_description_1','An incomplete order is when a potential customer places items in their shopping cart, and goes all the way through to the payment page, but then doesn\'t complete the transaction.','2023-11-08 01:38:27','2023-11-08 01:38:27'),(2178,1,'en','plugins/ecommerce/order','incomplete_order_description_2','If you have contacted customers and they want to continue buying, you can help them complete their order by following the link:','2023-11-08 01:38:27','2023-11-08 01:38:27'),(2179,1,'en','plugins/ecommerce/order','send_an_email_to_recover_this_order','Send an email to customer to recover this order','2023-11-08 01:38:27','2023-11-08 01:38:27'),(2180,1,'en','plugins/ecommerce/order','see_maps','See maps','2023-11-08 01:38:27','2023-11-08 01:38:27'),(2181,1,'en','plugins/ecommerce/order','one_or_more_products_dont_have_enough_quantity','One or more products don\'t have enough quantity!','2023-11-08 01:38:28','2023-11-08 01:38:28'),(2182,1,'en','plugins/ecommerce/order','cannot_send_order_recover_to_mail','The email could not be found so it can\'t send a recovery email to the customer.','2023-11-08 01:38:28','2023-11-08 01:38:28'),(2183,1,'en','plugins/ecommerce/order','payment_info','Payment Info','2023-11-08 01:38:28','2023-11-08 01:38:28'),(2184,1,'en','plugins/ecommerce/order','payment_method_refund_automatic','Your customer will be refunded using :method automatically.','2023-11-08 01:38:28','2023-11-08 01:38:28'),(2185,1,'en','plugins/ecommerce/order','order','Order','2023-11-08 01:38:28','2023-11-08 01:38:28'),(2186,1,'en','plugins/ecommerce/order','order_information','Order information','2023-11-08 01:38:28','2023-11-08 01:38:28'),(2187,1,'en','plugins/ecommerce/order','create_a_new_product','Create a new product','2023-11-08 01:38:28','2023-11-08 01:38:28'),(2188,1,'en','plugins/ecommerce/order','out_of_stock','Out of stock','2023-11-08 01:38:28','2023-11-08 01:38:28'),(2189,1,'en','plugins/ecommerce/order','products_available','product(s) available','2023-11-08 01:38:28','2023-11-08 01:38:28'),(2190,1,'en','plugins/ecommerce/order','no_products_found','No products found!','2023-11-08 01:38:28','2023-11-08 01:38:28'),(2191,1,'en','plugins/ecommerce/order','note','Note','2023-11-08 01:38:28','2023-11-08 01:38:28'),(2192,1,'en','plugins/ecommerce/order','note_for_order','Note for order...','2023-11-08 01:38:28','2023-11-08 01:38:28'),(2193,1,'en','plugins/ecommerce/order','amount','Amount','2023-11-08 01:38:28','2023-11-08 01:38:28'),(2194,1,'en','plugins/ecommerce/order','add_discount','Add discount','2023-11-08 01:38:28','2023-11-08 01:38:28'),(2195,1,'en','plugins/ecommerce/order','discount','Discount','2023-11-08 01:38:28','2023-11-08 01:38:28'),(2196,1,'en','plugins/ecommerce/order','add_shipping_fee','Add shipping fee','2023-11-08 01:38:28','2023-11-08 01:38:28'),(2197,1,'en','plugins/ecommerce/order','shipping','Shipping','2023-11-08 01:38:28','2023-11-08 01:38:28'),(2198,1,'en','plugins/ecommerce/order','total_amount','Total amount','2023-11-08 01:38:28','2023-11-08 01:38:28'),(2199,1,'en','plugins/ecommerce/order','confirm_payment_and_create_order','Confirm payment and create order','2023-11-08 01:38:28','2023-11-08 01:38:28'),(2200,1,'en','plugins/ecommerce/order','paid','Paid','2023-11-08 01:38:28','2023-11-08 01:38:28'),(2201,1,'en','plugins/ecommerce/order','pay_later','Pay later','2023-11-08 01:38:28','2023-11-08 01:38:28'),(2202,1,'en','plugins/ecommerce/order','customer_information','Customer information','2023-11-08 01:38:28','2023-11-08 01:38:28'),(2203,1,'en','plugins/ecommerce/order','create_new_customer','Create new customer','2023-11-08 01:38:28','2023-11-08 01:38:28'),(2204,1,'en','plugins/ecommerce/order','no_customer_found','No customer found!','2023-11-08 01:38:28','2023-11-08 01:38:28'),(2205,1,'en','plugins/ecommerce/order','customer','Customer','2023-11-08 01:38:28','2023-11-08 01:38:28'),(2206,1,'en','plugins/ecommerce/order','orders','order(s)','2023-11-08 01:38:28','2023-11-08 01:38:28'),(2207,1,'en','plugins/ecommerce/order','shipping_address','Shipping Address','2023-11-08 01:38:28','2023-11-08 01:38:28'),(2208,1,'en','plugins/ecommerce/order','shipping_info','Shipping information','2023-11-08 01:38:28','2023-11-08 01:38:28'),(2209,1,'en','plugins/ecommerce/order','billing_address','Billing Address','2023-11-08 01:38:28','2023-11-08 01:38:28'),(2210,1,'en','plugins/ecommerce/order','see_on_maps','See on maps','2023-11-08 01:38:28','2023-11-08 01:38:28'),(2211,1,'en','plugins/ecommerce/order','name','Name','2023-11-08 01:38:28','2023-11-08 01:38:28'),(2212,1,'en','plugins/ecommerce/order','price','Price','2023-11-08 01:38:28','2023-11-08 01:38:28'),(2213,1,'en','plugins/ecommerce/order','product_name','Product name','2023-11-08 01:38:28','2023-11-08 01:38:28'),(2214,1,'en','plugins/ecommerce/order','total','Total','2023-11-08 01:38:28','2023-11-08 01:38:28'),(2215,1,'en','plugins/ecommerce/order','action','Action','2023-11-08 01:38:28','2023-11-08 01:38:28'),(2216,1,'en','plugins/ecommerce/order','add_product','Add product','2023-11-08 01:38:28','2023-11-08 01:38:28'),(2217,1,'en','plugins/ecommerce/order','enter_free_text','Enter free text','2023-11-08 01:38:28','2023-11-08 01:38:28'),(2218,1,'en','plugins/ecommerce/order','promotion_discount_amount','Promotion amount','2023-11-08 01:38:28','2023-11-08 01:38:28'),(2219,1,'en','plugins/ecommerce/order','add','Add','2023-11-08 01:38:28','2023-11-08 01:38:28'),(2220,1,'en','plugins/ecommerce/order','store','Store','2023-11-08 01:38:28','2023-11-08 01:38:28'),(2221,1,'en','plugins/ecommerce/order','please_choose_product_option','Please choose product option','2023-11-08 01:38:28','2023-11-08 01:38:28'),(2222,1,'en','plugins/ecommerce/order','sku_optional','SKU (optional)','2023-11-08 01:38:28','2023-11-08 01:38:28'),(2223,1,'en','plugins/ecommerce/order','with_storehouse_management','With storehouse management?','2023-11-08 01:38:28','2023-11-08 01:38:28'),(2224,1,'en','plugins/ecommerce/order','quantity','Quantity','2023-11-08 01:38:28','2023-11-08 01:38:28'),(2225,1,'en','plugins/ecommerce/order','allow_customer_checkout_when_this_product_out_of_stock','Allow customer checkout when this product out of stock?','2023-11-08 01:38:28','2023-11-08 01:38:28'),(2226,1,'en','plugins/ecommerce/order','address','Address','2023-11-08 01:38:28','2023-11-08 01:38:28'),(2227,1,'en','plugins/ecommerce/order','phone','Phone','2023-11-08 01:38:28','2023-11-08 01:38:28'),(2228,1,'en','plugins/ecommerce/order','country','Country','2023-11-08 01:38:28','2023-11-08 01:38:28'),(2229,1,'en','plugins/ecommerce/order','state','State','2023-11-08 01:38:28','2023-11-08 01:38:28'),(2230,1,'en','plugins/ecommerce/order','city','City','2023-11-08 01:38:28','2023-11-08 01:38:28'),(2231,1,'en','plugins/ecommerce/order','zip_code','Zip code','2023-11-08 01:38:28','2023-11-08 01:38:28'),(2232,1,'en','plugins/ecommerce/order','discount_based_on','Discount based on','2023-11-08 01:38:28','2023-11-08 01:38:28'),(2233,1,'en','plugins/ecommerce/order','or_coupon_code','Or coupon code','2023-11-08 01:38:28','2023-11-08 01:38:28'),(2234,1,'en','plugins/ecommerce/order','description','Description','2023-11-08 01:38:28','2023-11-08 01:38:28'),(2235,1,'en','plugins/ecommerce/order','how_to_select_configured_shipping','How to select configured shipping?','2023-11-08 01:38:28','2023-11-08 01:38:28'),(2236,1,'en','plugins/ecommerce/order','please_add_customer_information_with_the_complete_shipping_address_to_see_the_configured_shipping_rates','Please add customer information with the complete shipping address to see the configured shipping rates','2023-11-08 01:38:28','2023-11-08 01:38:28'),(2237,1,'en','plugins/ecommerce/order','please_products_and_customer_address_to_see_the_shipping_rates','Please add products and customer information with the complete shipping address to see the configured shipping rates','2023-11-08 01:38:28','2023-11-08 01:38:28'),(2238,1,'en','plugins/ecommerce/order','shipping_method_not_found','Shipping method not found','2023-11-08 01:38:28','2023-11-08 01:38:28'),(2239,1,'en','plugins/ecommerce/order','free_shipping','Free shipping','2023-11-08 01:38:28','2023-11-08 01:38:28'),(2240,1,'en','plugins/ecommerce/order','custom','Custom','2023-11-08 01:38:28','2023-11-08 01:38:28'),(2241,1,'en','plugins/ecommerce/order','email','Email','2023-11-08 01:38:28','2023-11-08 01:38:28'),(2242,1,'en','plugins/ecommerce/order','create_order','Create order','2023-11-08 01:38:28','2023-11-08 01:38:28'),(2243,1,'en','plugins/ecommerce/order','close','Close','2023-11-08 01:38:28','2023-11-08 01:38:28'),(2244,1,'en','plugins/ecommerce/order','confirm_payment_is_paid_for_this_order','Confirm payment is paid for this order','2023-11-08 01:38:28','2023-11-08 01:38:28'),(2245,1,'en','plugins/ecommerce/order','payment_status_of_the_order_is_paid_once_the_order_has_been_created_you_cannot_change_the_payment_method_or_status','Payment status of the order is Paid. Once the order has been created, you cannot change the payment method or status','2023-11-08 01:38:28','2023-11-08 01:38:28'),(2246,1,'en','plugins/ecommerce/order','select_payment_method','Select payment method','2023-11-08 01:38:28','2023-11-08 01:38:28'),(2247,1,'en','plugins/ecommerce/order','cash_on_delivery_cod','Cash on delivery (COD)','2023-11-08 01:38:28','2023-11-08 01:38:28'),(2248,1,'en','plugins/ecommerce/order','bank_transfer','Bank transfer','2023-11-08 01:38:28','2023-11-08 01:38:28'),(2249,1,'en','plugins/ecommerce/order','paid_amount','Paid amount','2023-11-08 01:38:28','2023-11-08 01:38:28'),(2250,1,'en','plugins/ecommerce/order','confirm_that_payment_for_this_order_will_be_paid_later','Confirm that payment for this order will be paid later','2023-11-08 01:38:28','2023-11-08 01:38:28'),(2251,1,'en','plugins/ecommerce/order','payment_status_of_the_order_is_pending_once_the_order_has_been_created_you_cannot_change_the_payment_method_or_status','Payment status of the order is Pending. Once the order has been created, you cannot change the payment method or status','2023-11-08 01:38:28','2023-11-08 01:38:28'),(2252,1,'en','plugins/ecommerce/order','pending_amount','Pending amount','2023-11-08 01:38:28','2023-11-08 01:38:28'),(2253,1,'en','plugins/ecommerce/order','update_email','Update email','2023-11-08 01:38:28','2023-11-08 01:38:28'),(2254,1,'en','plugins/ecommerce/order','save','Save','2023-11-08 01:38:28','2023-11-08 01:38:28'),(2255,1,'en','plugins/ecommerce/order','cancel','Cancel','2023-11-08 01:38:28','2023-11-08 01:38:28'),(2256,1,'en','plugins/ecommerce/order','create_a_new_order','Create a new order','2023-11-08 01:38:28','2023-11-08 01:38:28'),(2257,1,'en','plugins/ecommerce/order','search_or_create_new_product','Search or create a new product','2023-11-08 01:38:28','2023-11-08 01:38:28'),(2258,1,'en','plugins/ecommerce/order','search_or_create_new_customer','Search or create a new customer','2023-11-08 01:38:28','2023-11-08 01:38:28'),(2259,1,'en','plugins/ecommerce/order','discount_description','Discount description','2023-11-08 01:38:28','2023-11-08 01:38:28'),(2260,1,'en','plugins/ecommerce/order','cant_select_out_of_stock_product','Cannot select out of stock product!','2023-11-08 01:38:28','2023-11-08 01:38:28'),(2261,1,'en','plugins/ecommerce/order','referral','Referral','2023-11-08 01:38:28','2023-11-08 01:38:28'),(2262,1,'en','plugins/ecommerce/order','return_order_unique','Same :attribute already exists in a previous return request.','2023-11-08 01:38:28','2023-11-08 01:38:28'),(2263,1,'en','plugins/ecommerce/order','total_return_amount','Total return amount','2023-11-08 01:38:28','2023-11-08 01:38:28'),(2264,1,'en','plugins/ecommerce/order','change_return_order_status','Change return order status','2023-11-08 01:38:28','2023-11-08 01:38:28'),(2265,1,'en','plugins/ecommerce/order','return_reason','Return reason','2023-11-08 01:38:28','2023-11-08 01:38:28'),(2266,1,'en','plugins/ecommerce/order','referral_data.ip','IP','2023-11-08 01:38:28','2023-11-08 01:38:28'),(2267,1,'en','plugins/ecommerce/order','referral_data.landing_domain','Landing domain','2023-11-08 01:38:28','2023-11-08 01:38:28'),(2268,1,'en','plugins/ecommerce/order','referral_data.landing_page','Landing page','2023-11-08 01:38:28','2023-11-08 01:38:28'),(2269,1,'en','plugins/ecommerce/order','referral_data.landing_params','Landing params','2023-11-08 01:38:28','2023-11-08 01:38:28'),(2270,1,'en','plugins/ecommerce/order','referral_data.gclid','Gclid','2023-11-08 01:38:28','2023-11-08 01:38:28'),(2271,1,'en','plugins/ecommerce/order','referral_data.fclid','Fclid','2023-11-08 01:38:28','2023-11-08 01:38:28'),(2272,1,'en','plugins/ecommerce/order','referral_data.utm_source','UTM source','2023-11-08 01:38:28','2023-11-08 01:38:28'),(2273,1,'en','plugins/ecommerce/order','referral_data.utm_campaign','UTM campaign','2023-11-08 01:38:28','2023-11-08 01:38:28'),(2274,1,'en','plugins/ecommerce/order','referral_data.utm_medium','UTM medium','2023-11-08 01:38:28','2023-11-08 01:38:28'),(2275,1,'en','plugins/ecommerce/order','referral_data.utm_term','UTM term','2023-11-08 01:38:28','2023-11-08 01:38:28'),(2276,1,'en','plugins/ecommerce/order','referral_data.utm_content','UTM content','2023-11-08 01:38:28','2023-11-08 01:38:28'),(2277,1,'en','plugins/ecommerce/order','referral_data.referral','Referral','2023-11-08 01:38:28','2023-11-08 01:38:28'),(2278,1,'en','plugins/ecommerce/order','referral_data.referrer_url','Referral URL','2023-11-08 01:38:28','2023-11-08 01:38:28'),(2279,1,'en','plugins/ecommerce/order','referral_data.referrer_domain','Referral domain','2023-11-08 01:38:28','2023-11-08 01:38:28'),(2280,1,'en','plugins/ecommerce/order','order_address_types.shipping_address','Shipping address','2023-11-08 01:38:28','2023-11-08 01:38:28'),(2281,1,'en','plugins/ecommerce/order','order_address_types.billing_address','Billing address','2023-11-08 01:38:28','2023-11-08 01:38:28'),(2282,1,'en','plugins/ecommerce/order','order_return_reasons.damaged','Damaged product','2023-11-08 01:38:28','2023-11-08 01:38:28'),(2283,1,'en','plugins/ecommerce/order','order_return_reasons.defective','Defective','2023-11-08 01:38:28','2023-11-08 01:38:28'),(2284,1,'en','plugins/ecommerce/order','order_return_reasons.incorrect_item','Incorrect item','2023-11-08 01:38:28','2023-11-08 01:38:28'),(2285,1,'en','plugins/ecommerce/order','order_return_reasons.arrived_late','Arrived late','2023-11-08 01:38:28','2023-11-08 01:38:28'),(2286,1,'en','plugins/ecommerce/order','order_return_reasons.not_as_described','Not as described','2023-11-08 01:38:28','2023-11-08 01:38:28'),(2287,1,'en','plugins/ecommerce/order','order_return_reasons.no_longer_want','No longer want','2023-11-08 01:38:28','2023-11-08 01:38:28'),(2288,1,'en','plugins/ecommerce/order','order_return_reasons.other','Other','2023-11-08 01:38:28','2023-11-08 01:38:28'),(2289,1,'en','plugins/ecommerce/order','order_return_reason','Return reason','2023-11-08 01:38:29','2023-11-08 01:38:29'),(2290,1,'en','plugins/ecommerce/order','notices.update_return_order_status_error','Cannot update return order status! Maybe the return order status is not valid.','2023-11-08 01:38:29','2023-11-08 01:38:29'),(2291,1,'en','plugins/ecommerce/order','notices.update_return_order_status_success','Update return order status successfully!','2023-11-08 01:38:29','2023-11-08 01:38:29'),(2292,1,'en','plugins/ecommerce/order','order_return','Order returns','2023-11-08 01:38:29','2023-11-08 01:38:29'),(2293,1,'en','plugins/ecommerce/order','edit_order_return','Edit order return :code','2023-11-08 01:38:29','2023-11-08 01:38:29'),(2294,1,'en','plugins/ecommerce/order','order_return_items_count','Product item(s)','2023-11-08 01:38:29','2023-11-08 01:38:29'),(2295,1,'en','plugins/ecommerce/order','new_order_notifications.new_order','New order','2023-11-08 01:38:29','2023-11-08 01:38:29'),(2296,1,'en','plugins/ecommerce/order','new_order_notifications.view','View','2023-11-08 01:38:29','2023-11-08 01:38:29'),(2297,1,'en','plugins/ecommerce/order','new_order_notifications.description',':customer ordered :quantity :product','2023-11-08 01:38:29','2023-11-08 01:38:29'),(2298,1,'en','plugins/ecommerce/order','confirm_payment_notifications.confirm_payment','Confirm payment','2023-11-08 01:38:29','2023-11-08 01:38:29'),(2299,1,'en','plugins/ecommerce/order','confirm_payment_notifications.description','Order :order Payment was confirmed (amount :amount) by :by','2023-11-08 01:38:29','2023-11-08 01:38:29'),(2300,1,'en','plugins/ecommerce/order','update_shipping_status_notifications.update_shipping_status','Update shipping status','2023-11-08 01:38:29','2023-11-08 01:38:29'),(2301,1,'en','plugins/ecommerce/order','update_shipping_status_notifications.description','Order :order had changed shipping status :description','2023-11-08 01:38:29','2023-11-08 01:38:29'),(2302,1,'en','plugins/ecommerce/order','cancel_order_notifications.cancel_order','Cancel order','2023-11-08 01:38:29','2023-11-08 01:38:29'),(2303,1,'en','plugins/ecommerce/order','cancel_order_notifications.description','Order :order was cancelled by custom :customer','2023-11-08 01:38:29','2023-11-08 01:38:29'),(2304,1,'en','plugins/ecommerce/order','return_order_notifications.return_order','Return order','2023-11-08 01:38:29','2023-11-08 01:38:29'),(2305,1,'en','plugins/ecommerce/order','return_order_notifications.description',':customer has requested return product(s)','2023-11-08 01:38:29','2023-11-08 01:38:29'),(2306,1,'en','plugins/ecommerce/order','order_completed_notifications.order_completed','Order Completed','2023-11-08 01:38:29','2023-11-08 01:38:29'),(2307,1,'en','plugins/ecommerce/order','order_completed_notifications.description','Order :order has been completed','2023-11-08 01:38:29','2023-11-08 01:38:29'),(2308,1,'en','plugins/ecommerce/order','tax_info.name','Tax Information','2023-11-08 01:38:29','2023-11-08 01:38:29'),(2309,1,'en','plugins/ecommerce/order','tax_info.update','Update tax information','2023-11-08 01:38:29','2023-11-08 01:38:29'),(2310,1,'en','plugins/ecommerce/order','tax_info.update_success','Update tax information successfully!','2023-11-08 01:38:29','2023-11-08 01:38:29'),(2311,1,'en','plugins/ecommerce/order','tax_info.company_name','Company name','2023-11-08 01:38:29','2023-11-08 01:38:29'),(2312,1,'en','plugins/ecommerce/order','tax_info.company_address','Company address','2023-11-08 01:38:29','2023-11-08 01:38:29'),(2313,1,'en','plugins/ecommerce/order','tax_info.company_tax_code','Company tax code','2023-11-08 01:38:29','2023-11-08 01:38:29'),(2314,1,'en','plugins/ecommerce/order','tax_info.company_email','Company email','2023-11-08 01:38:29','2023-11-08 01:38:29'),(2315,1,'en','plugins/ecommerce/order','mark_as_completed.name','Mark as completed','2023-11-08 01:38:29','2023-11-08 01:38:29'),(2316,1,'en','plugins/ecommerce/order','mark_as_completed.modal_title','Mark order as completed','2023-11-08 01:38:29','2023-11-08 01:38:29'),(2317,1,'en','plugins/ecommerce/order','mark_as_completed.modal_description','Are you sure you want to mark this order as completed? This will change the order status to completed and cannot be undone.','2023-11-08 01:38:29','2023-11-08 01:38:29'),(2318,1,'en','plugins/ecommerce/order','mark_as_completed.success','Mark order as completed successfully!','2023-11-08 01:38:29','2023-11-08 01:38:29'),(2319,1,'en','plugins/ecommerce/order','mark_as_completed.history','Order is marked as completed by :admin at :time','2023-11-08 01:38:29','2023-11-08 01:38:29'),(2320,1,'en','plugins/ecommerce/order','generate_invoice','Generate invoice','2023-11-08 01:38:29','2023-11-08 01:38:29'),(2321,1,'en','plugins/ecommerce/order','generated_invoice_successfully','Generated invoice successfully!','2023-11-08 01:38:29','2023-11-08 01:38:29'),(2322,1,'en','plugins/ecommerce/payment','name','Payments','2023-11-08 01:38:29','2023-11-08 01:38:29'),(2323,1,'en','plugins/ecommerce/payment','payment_method','Payment methods','2023-11-08 01:38:29','2023-11-08 01:38:29'),(2324,1,'en','plugins/ecommerce/payment','view_payment','View payment #','2023-11-08 01:38:29','2023-11-08 01:38:29'),(2325,1,'en','plugins/ecommerce/payment','charge_id','Charge ID','2023-11-08 01:38:29','2023-11-08 01:38:29'),(2326,1,'en','plugins/ecommerce/payment','amount','Amount','2023-11-08 01:38:29','2023-11-08 01:38:29'),(2327,1,'en','plugins/ecommerce/payment','currency','Currency','2023-11-08 01:38:29','2023-11-08 01:38:29'),(2328,1,'en','plugins/ecommerce/payment','user','User','2023-11-08 01:38:29','2023-11-08 01:38:29'),(2329,1,'en','plugins/ecommerce/payment','paypal_name_required','PayPal\'s name is required!','2023-11-08 01:38:29','2023-11-08 01:38:29'),(2330,1,'en','plugins/ecommerce/payment','paypal_name_max','PayPal\'s name is too long!','2023-11-08 01:38:29','2023-11-08 01:38:29'),(2331,1,'en','plugins/ecommerce/payment','status','Status','2023-11-08 01:38:29','2023-11-08 01:38:29'),(2332,1,'en','plugins/ecommerce/payment','enabled','Enabled','2023-11-08 01:38:29','2023-11-08 01:38:29'),(2333,1,'en','plugins/ecommerce/payment','disabled','Disabled','2023-11-08 01:38:29','2023-11-08 01:38:29'),(2334,1,'en','plugins/ecommerce/payment','client_id','Client ID','2023-11-08 01:38:29','2023-11-08 01:38:29'),(2335,1,'en','plugins/ecommerce/payment','client_secret','Client Secret','2023-11-08 01:38:29','2023-11-08 01:38:29'),(2336,1,'en','plugins/ecommerce/payment','mode','Mode','2023-11-08 01:38:29','2023-11-08 01:38:29'),(2337,1,'en','plugins/ecommerce/payment','sandbox','Sandbox','2023-11-08 01:38:29','2023-11-08 01:38:29'),(2338,1,'en','plugins/ecommerce/payment','live','Live','2023-11-08 01:38:29','2023-11-08 01:38:29'),(2339,1,'en','plugins/ecommerce/payment','enable_payment_log','Enable Payment Log','2023-11-08 01:38:29','2023-11-08 01:38:29'),(2340,1,'en','plugins/ecommerce/payment','yes','Yes','2023-11-08 01:38:29','2023-11-08 01:38:29'),(2341,1,'en','plugins/ecommerce/payment','no','No','2023-11-08 01:38:29','2023-11-08 01:38:29'),(2342,1,'en','plugins/ecommerce/payment','client_key','Client Key','2023-11-08 01:38:29','2023-11-08 01:38:29'),(2343,1,'en','plugins/ecommerce/payment','paypal','PayPal','2023-11-08 01:38:29','2023-11-08 01:38:29'),(2344,1,'en','plugins/ecommerce/payment','action','Action','2023-11-08 01:38:29','2023-11-08 01:38:29'),(2345,1,'en','plugins/ecommerce/payment','go_back','Go back','2023-11-08 01:38:29','2023-11-08 01:38:29'),(2346,1,'en','plugins/ecommerce/payment','view','View','2023-11-08 01:38:29','2023-11-08 01:38:29'),(2347,1,'en','plugins/ecommerce/payment','cash_on_delivery','Cash on delivery (COD)','2023-11-08 01:38:29','2023-11-08 01:38:29'),(2348,1,'en','plugins/ecommerce/payment','via_bank_transfer','Via bank transfer','2023-11-08 01:38:29','2023-11-08 01:38:29'),(2349,1,'en','plugins/ecommerce/payment','payment_via_cart','Payment via card','2023-11-08 01:38:29','2023-11-08 01:38:29'),(2350,1,'en','plugins/ecommerce/payment','card_number','Card number','2023-11-08 01:38:29','2023-11-08 01:38:29'),(2351,1,'en','plugins/ecommerce/payment','full_name','Full name','2023-11-08 01:38:29','2023-11-08 01:38:29'),(2352,1,'en','plugins/ecommerce/payment','payment_via_paypal','Payment via PayPal','2023-11-08 01:38:29','2023-11-08 01:38:29'),(2353,1,'en','plugins/ecommerce/payment','mm_yy','MM/YY','2023-11-08 01:38:29','2023-11-08 01:38:29'),(2354,1,'en','plugins/ecommerce/payment','cvc','CVC','2023-11-08 01:38:29','2023-11-08 01:38:29'),(2355,1,'en','plugins/ecommerce/payment','details','Details','2023-11-08 01:38:29','2023-11-08 01:38:29'),(2356,1,'en','plugins/ecommerce/payment','payer_name','Payer Name','2023-11-08 01:38:29','2023-11-08 01:38:29'),(2357,1,'en','plugins/ecommerce/payment','email','Email','2023-11-08 01:38:29','2023-11-08 01:38:29'),(2358,1,'en','plugins/ecommerce/payment','phone','Phone','2023-11-08 01:38:29','2023-11-08 01:38:29'),(2359,1,'en','plugins/ecommerce/payment','country','Country','2023-11-08 01:38:29','2023-11-08 01:38:29'),(2360,1,'en','plugins/ecommerce/payment','shipping_address','Shipping Address','2023-11-08 01:38:29','2023-11-08 01:38:29'),(2361,1,'en','plugins/ecommerce/payment','payment_details','Payment Details','2023-11-08 01:38:29','2023-11-08 01:38:29'),(2362,1,'en','plugins/ecommerce/payment','card','Card','2023-11-08 01:38:29','2023-11-08 01:38:29'),(2363,1,'en','plugins/ecommerce/payment','address','Address','2023-11-08 01:38:29','2023-11-08 01:38:29'),(2364,1,'en','plugins/ecommerce/payment','new_payment','Payment for order :id','2023-11-08 01:38:29','2023-11-08 01:38:29'),(2365,1,'en','plugins/ecommerce/payment','payment_id','Payment ID','2023-11-08 01:38:29','2023-11-08 01:38:29'),(2366,1,'en','plugins/ecommerce/payment','order','Order','2023-11-08 01:38:29','2023-11-08 01:38:29'),(2367,1,'en','plugins/ecommerce/payment','add_payment','Add payment','2023-11-08 01:38:29','2023-11-08 01:38:29'),(2368,1,'en','plugins/ecommerce/payment','add_new_payment','New payment','2023-11-08 01:38:29','2023-11-08 01:38:29'),(2369,1,'en','plugins/ecommerce/payment','add','Add','2023-11-08 01:38:29','2023-11-08 01:38:29'),(2370,1,'en','plugins/ecommerce/payment','no_data','No data to display','2023-11-08 01:38:29','2023-11-08 01:38:29'),(2371,1,'en','plugins/ecommerce/payment','no_option','No option','2023-11-08 01:38:29','2023-11-08 01:38:29'),(2372,1,'en','plugins/ecommerce/payment','edit_payment','Edit payment','2023-11-08 01:38:29','2023-11-08 01:38:29'),(2373,1,'en','plugins/ecommerce/payment','save','Save','2023-11-08 01:38:29','2023-11-08 01:38:29'),(2374,1,'en','plugins/ecommerce/prices','name','Price','2023-11-08 01:38:29','2023-11-08 01:38:29'),(2375,1,'en','plugins/ecommerce/prices','create','New price','2023-11-08 01:38:29','2023-11-08 01:38:29'),(2376,1,'en','plugins/ecommerce/prices','edit','Edit price','2023-11-08 01:38:29','2023-11-08 01:38:29'),(2377,1,'en','plugins/ecommerce/prices','list','List price','2023-11-08 01:38:29','2023-11-08 01:38:29'),(2378,1,'en','plugins/ecommerce/product-attribute-sets','name','Product attribute sets','2023-11-08 01:38:29','2023-11-08 01:38:29'),(2379,1,'en','plugins/ecommerce/product-attribute-sets','create','New product attribute set','2023-11-08 01:38:29','2023-11-08 01:38:29'),(2380,1,'en','plugins/ecommerce/product-attribute-sets','edit','Edit product attribute set','2023-11-08 01:38:29','2023-11-08 01:38:29'),(2381,1,'en','plugins/ecommerce/product-attribute-sets','visible_in_categories','Visible in categories','2023-11-08 01:38:29','2023-11-08 01:38:29'),(2382,1,'en','plugins/ecommerce/product-attribute-sets','product_with_more_version','Product with more version','2023-11-08 01:38:29','2023-11-08 01:38:29'),(2383,1,'en','plugins/ecommerce/product-attribute-sets','create_a_version','Create a version','2023-11-08 01:38:29','2023-11-08 01:38:29'),(2384,1,'en','plugins/ecommerce/product-attribute-sets','enabled','Enabled','2023-11-08 01:38:29','2023-11-08 01:38:29'),(2385,1,'en','plugins/ecommerce/product-attribute-sets','attributes','Attributes','2023-11-08 01:38:29','2023-11-08 01:38:29'),(2386,1,'en','plugins/ecommerce/product-attribute-sets','price','Price','2023-11-08 01:38:29','2023-11-08 01:38:29'),(2387,1,'en','plugins/ecommerce/product-attribute-sets','edit_btn','Edit','2023-11-08 01:38:29','2023-11-08 01:38:29'),(2388,1,'en','plugins/ecommerce/product-attribute-sets','remove_btn','Remove','2023-11-08 01:38:29','2023-11-08 01:38:29'),(2389,1,'en','plugins/ecommerce/product-attribute-sets','product','Product','2023-11-08 01:38:29','2023-11-08 01:38:29'),(2390,1,'en','plugins/ecommerce/product-attribute-sets','back_to_product','Back to product','2023-11-08 01:38:29','2023-11-08 01:38:29'),(2391,1,'en','plugins/ecommerce/product-attribute-sets','save','Save','2023-11-08 01:38:29','2023-11-08 01:38:29'),(2392,1,'en','plugins/ecommerce/product-attribute-sets','other_existing_versions','Other existing versions','2023-11-08 01:38:29','2023-11-08 01:38:29'),(2393,1,'en','plugins/ecommerce/product-attribute-sets','version_information','Version information','2023-11-08 01:38:29','2023-11-08 01:38:29'),(2394,1,'en','plugins/ecommerce/product-attribute-sets','add_rule','Add rule','2023-11-08 01:38:30','2023-11-08 01:38:30'),(2395,1,'en','plugins/ecommerce/product-attribute-sets','rules','Rules','2023-11-08 01:38:30','2023-11-08 01:38:30'),(2396,1,'en','plugins/ecommerce/product-attribute-sets','pricing','Pricing','2023-11-08 01:38:30','2023-11-08 01:38:30'),(2397,1,'en','plugins/ecommerce/product-attribute-sets','sale_price','Sale price','2023-11-08 01:38:30','2023-11-08 01:38:30'),(2398,1,'en','plugins/ecommerce/product-attribute-sets','sale_type','Sale type','2023-11-08 01:38:30','2023-11-08 01:38:30'),(2399,1,'en','plugins/ecommerce/product-attribute-sets','no_sale_price','No sale price','2023-11-08 01:38:30','2023-11-08 01:38:30'),(2400,1,'en','plugins/ecommerce/product-attribute-sets','always_on_sale','Always on sale','2023-11-08 01:38:30','2023-11-08 01:38:30'),(2401,1,'en','plugins/ecommerce/product-attribute-sets','limited_time','Limited time','2023-11-08 01:38:30','2023-11-08 01:38:30'),(2402,1,'en','plugins/ecommerce/product-attribute-sets','from','From','2023-11-08 01:38:30','2023-11-08 01:38:30'),(2403,1,'en','plugins/ecommerce/product-attribute-sets','to','To','2023-11-08 01:38:30','2023-11-08 01:38:30'),(2404,1,'en','plugins/ecommerce/product-attribute-sets','storehouse','Storehouse','2023-11-08 01:38:30','2023-11-08 01:38:30'),(2405,1,'en','plugins/ecommerce/product-attribute-sets','no_storehouse_management','No storehouse management','2023-11-08 01:38:30','2023-11-08 01:38:30'),(2406,1,'en','plugins/ecommerce/product-attribute-sets','with_storehouse_management','With storehouse management','2023-11-08 01:38:30','2023-11-08 01:38:30'),(2407,1,'en','plugins/ecommerce/product-attribute-sets','quantity','Quantity','2023-11-08 01:38:30','2023-11-08 01:38:30'),(2408,1,'en','plugins/ecommerce/product-attribute-sets','allow_customer_checkout_out_of_stock','Allow customer checkout when this product out of stock','2023-11-08 01:38:30','2023-11-08 01:38:30'),(2409,1,'en','plugins/ecommerce/product-attribute-sets','shipping','Shipping','2023-11-08 01:38:30','2023-11-08 01:38:30'),(2410,1,'en','plugins/ecommerce/product-attribute-sets','length','Length','2023-11-08 01:38:30','2023-11-08 01:38:30'),(2411,1,'en','plugins/ecommerce/product-attribute-sets','wide','Wide','2023-11-08 01:38:30','2023-11-08 01:38:30'),(2412,1,'en','plugins/ecommerce/product-attribute-sets','height','Height','2023-11-08 01:38:30','2023-11-08 01:38:30'),(2413,1,'en','plugins/ecommerce/product-attribute-sets','weight','Weight','2023-11-08 01:38:30','2023-11-08 01:38:30'),(2414,1,'en','plugins/ecommerce/product-attribute-sets','version_images','Version images','2023-11-08 01:38:30','2023-11-08 01:38:30'),(2415,1,'en','plugins/ecommerce/product-attribute-sets','add_new_image','Add new image','2023-11-08 01:38:30','2023-11-08 01:38:30'),(2416,1,'en','plugins/ecommerce/product-attribute-sets','attribute_set','Attribute set','2023-11-08 01:38:30','2023-11-08 01:38:30'),(2417,1,'en','plugins/ecommerce/product-attribute-sets','value','Value','2023-11-08 01:38:30','2023-11-08 01:38:30'),(2418,1,'en','plugins/ecommerce/product-attribute-sets','dropdown_swatch','Dropdown Swatch','2023-11-08 01:38:30','2023-11-08 01:38:30'),(2419,1,'en','plugins/ecommerce/product-attribute-sets','visual_swatch','Visual Swatch','2023-11-08 01:38:30','2023-11-08 01:38:30'),(2420,1,'en','plugins/ecommerce/product-attribute-sets','text_swatch','Text Swatch','2023-11-08 01:38:30','2023-11-08 01:38:30'),(2421,1,'en','plugins/ecommerce/product-attribute-sets','display_layout','Display Layout','2023-11-08 01:38:30','2023-11-08 01:38:30'),(2422,1,'en','plugins/ecommerce/product-attribute-sets','searchable','Searchable','2023-11-08 01:38:30','2023-11-08 01:38:30'),(2423,1,'en','plugins/ecommerce/product-attribute-sets','comparable','Comparable','2023-11-08 01:38:30','2023-11-08 01:38:30'),(2424,1,'en','plugins/ecommerce/product-attribute-sets','use_in_product_listing','Used in product listing','2023-11-08 01:38:30','2023-11-08 01:38:30'),(2425,1,'en','plugins/ecommerce/product-attribute-sets','attributes_list','Attributes list','2023-11-08 01:38:30','2023-11-08 01:38:30'),(2426,1,'en','plugins/ecommerce/product-attribute-sets','is_default','Is default?','2023-11-08 01:38:30','2023-11-08 01:38:30'),(2427,1,'en','plugins/ecommerce/product-attribute-sets','title','Title','2023-11-08 01:38:30','2023-11-08 01:38:30'),(2428,1,'en','plugins/ecommerce/product-attribute-sets','slug','Slug','2023-11-08 01:38:30','2023-11-08 01:38:30'),(2429,1,'en','plugins/ecommerce/product-attribute-sets','color','Color','2023-11-08 01:38:30','2023-11-08 01:38:30'),(2430,1,'en','plugins/ecommerce/product-attribute-sets','image','Image','2023-11-08 01:38:30','2023-11-08 01:38:30'),(2431,1,'en','plugins/ecommerce/product-attribute-sets','remove','Remove','2023-11-08 01:38:30','2023-11-08 01:38:30'),(2432,1,'en','plugins/ecommerce/product-attribute-sets','add_new_attribute','Add new attribute','2023-11-08 01:38:30','2023-11-08 01:38:30'),(2433,1,'en','plugins/ecommerce/product-attribute-sets','use_image_from_product_variation','Use image from product variation (for Visual Swatch only)','2023-11-08 01:38:30','2023-11-08 01:38:30'),(2434,1,'en','plugins/ecommerce/product-attributes','name','Product attributes','2023-11-08 01:38:30','2023-11-08 01:38:30'),(2435,1,'en','plugins/ecommerce/product-attributes','create','New product attribute','2023-11-08 01:38:30','2023-11-08 01:38:30'),(2436,1,'en','plugins/ecommerce/product-attributes','edit','Edit product attribute','2023-11-08 01:38:30','2023-11-08 01:38:30'),(2437,1,'en','plugins/ecommerce/product-attributes','intro.title','Manage product attributes','2023-11-08 01:38:30','2023-11-08 01:38:30'),(2438,1,'en','plugins/ecommerce/product-attributes','intro.description','Product attribute such as color, width, height ...','2023-11-08 01:38:30','2023-11-08 01:38:30'),(2439,1,'en','plugins/ecommerce/product-attributes','intro.button_text','Create product attribute','2023-11-08 01:38:30','2023-11-08 01:38:30'),(2440,1,'en','plugins/ecommerce/product-categories','name','Product categories','2023-11-08 01:38:30','2023-11-08 01:38:30'),(2441,1,'en','plugins/ecommerce/product-categories','create','Create new product category','2023-11-08 01:38:30','2023-11-08 01:38:30'),(2442,1,'en','plugins/ecommerce/product-categories','edit','Edit product category','2023-11-08 01:38:30','2023-11-08 01:38:30'),(2443,1,'en','plugins/ecommerce/product-categories','list','List product categories','2023-11-08 01:38:30','2023-11-08 01:38:30'),(2444,1,'en','plugins/ecommerce/product-categories','none','None','2023-11-08 01:38:30','2023-11-08 01:38:30'),(2445,1,'en','plugins/ecommerce/product-categories','menu','Product categories','2023-11-08 01:38:30','2023-11-08 01:38:30'),(2446,1,'en','plugins/ecommerce/product-categories','intro.title','Manage product categories','2023-11-08 01:38:30','2023-11-08 01:38:30'),(2447,1,'en','plugins/ecommerce/product-categories','intro.description','Such as clothes, shoes, bags, jewelry ...','2023-11-08 01:38:30','2023-11-08 01:38:30'),(2448,1,'en','plugins/ecommerce/product-categories','intro.button_text','Create product category','2023-11-08 01:38:30','2023-11-08 01:38:30'),(2449,1,'en','plugins/ecommerce/product-categories','total_products','Total products: :total','2023-11-08 01:38:30','2023-11-08 01:38:30'),(2450,1,'en','plugins/ecommerce/product-collections','name','Product collections','2023-11-08 01:38:30','2023-11-08 01:38:30'),(2451,1,'en','plugins/ecommerce/product-collections','create','New product collection','2023-11-08 01:38:30','2023-11-08 01:38:30'),(2452,1,'en','plugins/ecommerce/product-collections','edit','Edit product collection','2023-11-08 01:38:30','2023-11-08 01:38:30'),(2453,1,'en','plugins/ecommerce/product-collections','slug_help_block','Label key: <code>:slug</code>. We will use this key for filter.','2023-11-08 01:38:30','2023-11-08 01:38:30'),(2454,1,'en','plugins/ecommerce/product-collections','intro.title','Manage product collections','2023-11-08 01:38:30','2023-11-08 01:38:30'),(2455,1,'en','plugins/ecommerce/product-collections','intro.description','Group your products into collections to make it easier for customers to find them by category.','2023-11-08 01:38:30','2023-11-08 01:38:30'),(2456,1,'en','plugins/ecommerce/product-collections','intro.button_text','Create product collection','2023-11-08 01:38:30','2023-11-08 01:38:30'),(2457,1,'en','plugins/ecommerce/product-label','name','Product labels','2023-11-08 01:38:30','2023-11-08 01:38:30'),(2458,1,'en','plugins/ecommerce/product-label','create','New product label','2023-11-08 01:38:30','2023-11-08 01:38:30'),(2459,1,'en','plugins/ecommerce/product-label','edit','Edit product label','2023-11-08 01:38:30','2023-11-08 01:38:30'),(2460,1,'en','plugins/ecommerce/product-label','color','Color','2023-11-08 01:38:30','2023-11-08 01:38:30'),(2461,1,'en','plugins/ecommerce/product-label','color_placeholder','Example: #f0f0f0','2023-11-08 01:38:30','2023-11-08 01:38:30'),(2462,1,'en','plugins/ecommerce/product-option','name','Product options','2023-11-08 01:38:30','2023-11-08 01:38:30'),(2463,1,'en','plugins/ecommerce/product-option','options','Options','2023-11-08 01:38:30','2023-11-08 01:38:30'),(2464,1,'en','plugins/ecommerce/product-option','create','New option','2023-11-08 01:38:30','2023-11-08 01:38:30'),(2465,1,'en','plugins/ecommerce/product-option','edit','Edit option :name','2023-11-08 01:38:30','2023-11-08 01:38:30'),(2466,1,'en','plugins/ecommerce/product-option','required','Is required?','2023-11-08 01:38:30','2023-11-08 01:38:30'),(2467,1,'en','plugins/ecommerce/product-option','option_value','Option value','2023-11-08 01:38:30','2023-11-08 01:38:30'),(2468,1,'en','plugins/ecommerce/product-option','option_type','Type','2023-11-08 01:38:30','2023-11-08 01:38:30'),(2469,1,'en','plugins/ecommerce/product-option','label','Label','2023-11-08 01:38:30','2023-11-08 01:38:30'),(2470,1,'en','plugins/ecommerce/product-option','price','Price','2023-11-08 01:38:30','2023-11-08 01:38:30'),(2471,1,'en','plugins/ecommerce/product-option','price_type','Price Type','2023-11-08 01:38:30','2023-11-08 01:38:30'),(2472,1,'en','plugins/ecommerce/product-option','percent','Percent','2023-11-08 01:38:30','2023-11-08 01:38:30'),(2473,1,'en','plugins/ecommerce/product-option','fixed','Fixed','2023-11-08 01:38:30','2023-11-08 01:38:30'),(2474,1,'en','plugins/ecommerce/product-option','label_placeholder','Please fill label','2023-11-08 01:38:30','2023-11-08 01:38:30'),(2475,1,'en','plugins/ecommerce/product-option','affect_price_label','Please fill affect price','2023-11-08 01:38:30','2023-11-08 01:38:30'),(2476,1,'en','plugins/ecommerce/product-option','add_new_row','Add new row','2023-11-08 01:38:30','2023-11-08 01:38:30'),(2477,1,'en','plugins/ecommerce/product-option','add_new_option','Add new option','2023-11-08 01:38:30','2023-11-08 01:38:30'),(2478,1,'en','plugins/ecommerce/product-option','select_global_option','Select Global Option','2023-11-08 01:38:30','2023-11-08 01:38:30'),(2479,1,'en','plugins/ecommerce/product-option','add_global_option','Add Global Option','2023-11-08 01:38:30','2023-11-08 01:38:30'),(2480,1,'en','plugins/ecommerce/product-option','please_select_option','Please select option','2023-11-08 01:38:30','2023-11-08 01:38:30'),(2481,1,'en','plugins/ecommerce/product-option','add_to_cart_value_required','Option :value is required','2023-11-08 01:38:30','2023-11-08 01:38:30'),(2482,1,'en','plugins/ecommerce/product-option','option_value_attribute','value :item of :value_key on option #:option_key','2023-11-08 01:38:30','2023-11-08 01:38:30'),(2483,1,'en','plugins/ecommerce/product-option','option_name_attribute','Option :key','2023-11-08 01:38:30','2023-11-08 01:38:30'),(2484,1,'en','plugins/ecommerce/product-option','option_type_attribute','Type of option :key','2023-11-08 01:38:30','2023-11-08 01:38:30'),(2485,1,'en','plugins/ecommerce/product-option','option_value_name_attribute','Values of option :key','2023-11-08 01:38:30','2023-11-08 01:38:30'),(2486,1,'en','plugins/ecommerce/product-option','please_choose_option_type','Please choose option type!','2023-11-08 01:38:30','2023-11-08 01:38:30'),(2487,1,'en','plugins/ecommerce/product-tag','name','Product tags','2023-11-08 01:38:30','2023-11-08 01:38:30'),(2488,1,'en','plugins/ecommerce/product-tag','create','New product tag','2023-11-08 01:38:30','2023-11-08 01:38:30'),(2489,1,'en','plugins/ecommerce/product-tag','edit','Edit product tag','2023-11-08 01:38:30','2023-11-08 01:38:30'),(2490,1,'en','plugins/ecommerce/products','name','Products','2023-11-08 01:38:30','2023-11-08 01:38:30'),(2491,1,'en','plugins/ecommerce/products','create','New product','2023-11-08 01:38:30','2023-11-08 01:38:30'),(2492,1,'en','plugins/ecommerce/products','create_product_type.physical','New physical product','2023-11-08 01:38:30','2023-11-08 01:38:30'),(2493,1,'en','plugins/ecommerce/products','create_product_type.digital','New digital product','2023-11-08 01:38:30','2023-11-08 01:38:30'),(2494,1,'en','plugins/ecommerce/products','edit','Edit product - :name','2023-11-08 01:38:30','2023-11-08 01:38:30'),(2495,1,'en','plugins/ecommerce/products','form.name','Name','2023-11-08 01:38:30','2023-11-08 01:38:30'),(2496,1,'en','plugins/ecommerce/products','form.name_placeholder','Product\'s name (Maximum 120 characters)','2023-11-08 01:38:30','2023-11-08 01:38:30'),(2497,1,'en','plugins/ecommerce/products','form.description','Description','2023-11-08 01:38:31','2023-11-08 01:38:31'),(2498,1,'en','plugins/ecommerce/products','form.description_placeholder','Short description for product (Maximum 400 characters)','2023-11-08 01:38:31','2023-11-08 01:38:31'),(2499,1,'en','plugins/ecommerce/products','form.categories','Categories','2023-11-08 01:38:31','2023-11-08 01:38:31'),(2500,1,'en','plugins/ecommerce/products','form.content','Content','2023-11-08 01:38:31','2023-11-08 01:38:31'),(2501,1,'en','plugins/ecommerce/products','form.price','Price','2023-11-08 01:38:31','2023-11-08 01:38:31'),(2502,1,'en','plugins/ecommerce/products','form.quantity','Quantity','2023-11-08 01:38:31','2023-11-08 01:38:31'),(2503,1,'en','plugins/ecommerce/products','form.brand','Brand','2023-11-08 01:38:31','2023-11-08 01:38:31'),(2504,1,'en','plugins/ecommerce/products','form.width','Width','2023-11-08 01:38:31','2023-11-08 01:38:31'),(2505,1,'en','plugins/ecommerce/products','form.height','Height','2023-11-08 01:38:31','2023-11-08 01:38:31'),(2506,1,'en','plugins/ecommerce/products','form.weight','Weight','2023-11-08 01:38:31','2023-11-08 01:38:31'),(2507,1,'en','plugins/ecommerce/products','form.date.start','From date','2023-11-08 01:38:31','2023-11-08 01:38:31'),(2508,1,'en','plugins/ecommerce/products','form.date.end','To date','2023-11-08 01:38:31','2023-11-08 01:38:31'),(2509,1,'en','plugins/ecommerce/products','form.image','Images','2023-11-08 01:38:31','2023-11-08 01:38:31'),(2510,1,'en','plugins/ecommerce/products','form.collections','Product collections','2023-11-08 01:38:31','2023-11-08 01:38:31'),(2511,1,'en','plugins/ecommerce/products','form.labels','Labels','2023-11-08 01:38:31','2023-11-08 01:38:31'),(2512,1,'en','plugins/ecommerce/products','form.price_sale','Price sale','2023-11-08 01:38:31','2023-11-08 01:38:31'),(2513,1,'en','plugins/ecommerce/products','form.product_type.title','Product type','2023-11-08 01:38:31','2023-11-08 01:38:31'),(2514,1,'en','plugins/ecommerce/products','form.product','Product','2023-11-08 01:38:31','2023-11-08 01:38:31'),(2515,1,'en','plugins/ecommerce/products','form.total','Total','2023-11-08 01:38:31','2023-11-08 01:38:31'),(2516,1,'en','plugins/ecommerce/products','form.sub_total','Subtotal','2023-11-08 01:38:31','2023-11-08 01:38:31'),(2517,1,'en','plugins/ecommerce/products','form.shipping_fee','Shipping fee','2023-11-08 01:38:31','2023-11-08 01:38:31'),(2518,1,'en','plugins/ecommerce/products','form.discount','Discount','2023-11-08 01:38:31','2023-11-08 01:38:31'),(2519,1,'en','plugins/ecommerce/products','form.options','Options','2023-11-08 01:38:31','2023-11-08 01:38:31'),(2520,1,'en','plugins/ecommerce/products','form.shipping.height','Height','2023-11-08 01:38:31','2023-11-08 01:38:31'),(2521,1,'en','plugins/ecommerce/products','form.shipping.length','Length','2023-11-08 01:38:31','2023-11-08 01:38:31'),(2522,1,'en','plugins/ecommerce/products','form.shipping.title','Shipping','2023-11-08 01:38:31','2023-11-08 01:38:31'),(2523,1,'en','plugins/ecommerce/products','form.shipping.weight','Weight','2023-11-08 01:38:31','2023-11-08 01:38:31'),(2524,1,'en','plugins/ecommerce/products','form.shipping.wide','Wide','2023-11-08 01:38:31','2023-11-08 01:38:31'),(2525,1,'en','plugins/ecommerce/products','form.barcode','Barcode (ISBN, UPC, GTIN, etc.) ','2023-11-08 01:38:31','2023-11-08 01:38:31'),(2526,1,'en','plugins/ecommerce/products','form.barcode_placeholder','Enter barcode','2023-11-08 01:38:31','2023-11-08 01:38:31'),(2527,1,'en','plugins/ecommerce/products','form.cost_per_item','Cost per item','2023-11-08 01:38:31','2023-11-08 01:38:31'),(2528,1,'en','plugins/ecommerce/products','form.cost_per_item_placeholder','Enter cost per item','2023-11-08 01:38:31','2023-11-08 01:38:31'),(2529,1,'en','plugins/ecommerce/products','form.cost_per_item_helper','Customers won\'t see this price.','2023-11-08 01:38:31','2023-11-08 01:38:31'),(2530,1,'en','plugins/ecommerce/products','form.stock.allow_order_when_out','Allow customer checkout when this product out of stock','2023-11-08 01:38:31','2023-11-08 01:38:31'),(2531,1,'en','plugins/ecommerce/products','form.stock.in_stock','In stock','2023-11-08 01:38:31','2023-11-08 01:38:31'),(2532,1,'en','plugins/ecommerce/products','form.stock.out_stock','Out stock','2023-11-08 01:38:31','2023-11-08 01:38:31'),(2533,1,'en','plugins/ecommerce/products','form.stock.title','Stock status','2023-11-08 01:38:31','2023-11-08 01:38:31'),(2534,1,'en','plugins/ecommerce/products','form.storehouse.no_storehouse','No storehouse management','2023-11-08 01:38:31','2023-11-08 01:38:31'),(2535,1,'en','plugins/ecommerce/products','form.storehouse.storehouse','With storehouse management','2023-11-08 01:38:31','2023-11-08 01:38:31'),(2536,1,'en','plugins/ecommerce/products','form.storehouse.title','Storehouse','2023-11-08 01:38:31','2023-11-08 01:38:31'),(2537,1,'en','plugins/ecommerce/products','form.storehouse.quantity','Quantity','2023-11-08 01:38:31','2023-11-08 01:38:31'),(2538,1,'en','plugins/ecommerce/products','form.tax','Tax','2023-11-08 01:38:31','2023-11-08 01:38:31'),(2539,1,'en','plugins/ecommerce/products','form.taxes','Taxes','2023-11-08 01:38:31','2023-11-08 01:38:31'),(2540,1,'en','plugins/ecommerce/products','form.is_default','Is default','2023-11-08 01:38:31','2023-11-08 01:38:31'),(2541,1,'en','plugins/ecommerce/products','form.action','Action','2023-11-08 01:38:31','2023-11-08 01:38:31'),(2542,1,'en','plugins/ecommerce/products','form.restock_quantity','Restock quantity','2023-11-08 01:38:31','2023-11-08 01:38:31'),(2543,1,'en','plugins/ecommerce/products','form.remain','Remain','2023-11-08 01:38:31','2023-11-08 01:38:31'),(2544,1,'en','plugins/ecommerce/products','form.choose_discount_period','Choose Discount Period','2023-11-08 01:38:31','2023-11-08 01:38:31'),(2545,1,'en','plugins/ecommerce/products','form.cancel','Cancel','2023-11-08 01:38:31','2023-11-08 01:38:31'),(2546,1,'en','plugins/ecommerce/products','form.no_results','No results!','2023-11-08 01:38:31','2023-11-08 01:38:31'),(2547,1,'en','plugins/ecommerce/products','form.value','Value','2023-11-08 01:38:31','2023-11-08 01:38:31'),(2548,1,'en','plugins/ecommerce/products','form.attribute_name','Attribute name','2023-11-08 01:38:31','2023-11-08 01:38:31'),(2549,1,'en','plugins/ecommerce/products','form.add_more_attribute','Add more attribute','2023-11-08 01:38:31','2023-11-08 01:38:31'),(2550,1,'en','plugins/ecommerce/products','form.continue','Continue','2023-11-08 01:38:31','2023-11-08 01:38:31'),(2551,1,'en','plugins/ecommerce/products','form.add_new_attributes','Add new attributes','2023-11-08 01:38:31','2023-11-08 01:38:31'),(2552,1,'en','plugins/ecommerce/products','form.add_new_attributes_description','Adding new attributes helps the product to have many options, such as size or color.','2023-11-08 01:38:31','2023-11-08 01:38:31'),(2553,1,'en','plugins/ecommerce/products','form.create_product_variations',':link to create product variations!','2023-11-08 01:38:31','2023-11-08 01:38:31'),(2554,1,'en','plugins/ecommerce/products','form.tags','Tags','2023-11-08 01:38:31','2023-11-08 01:38:31'),(2555,1,'en','plugins/ecommerce/products','form.write_some_tags','Write some tags','2023-11-08 01:38:31','2023-11-08 01:38:31'),(2556,1,'en','plugins/ecommerce/products','form.variation_existed','This variation is existed.','2023-11-08 01:38:31','2023-11-08 01:38:31'),(2557,1,'en','plugins/ecommerce/products','form.no_attributes_selected','No attributes selected!','2023-11-08 01:38:31','2023-11-08 01:38:31'),(2558,1,'en','plugins/ecommerce/products','form.added_variation_success','Added variation successfully!','2023-11-08 01:38:31','2023-11-08 01:38:31'),(2559,1,'en','plugins/ecommerce/products','form.updated_variation_success','Updated variation successfully!','2023-11-08 01:38:31','2023-11-08 01:38:31'),(2560,1,'en','plugins/ecommerce/products','form.created_all_variation_success','Created all variations successfully!','2023-11-08 01:38:31','2023-11-08 01:38:31'),(2561,1,'en','plugins/ecommerce/products','form.updated_product_attributes_success','Updated product attributes successfully!','2023-11-08 01:38:31','2023-11-08 01:38:31'),(2562,1,'en','plugins/ecommerce/products','form.stock_status','Stock status','2023-11-08 01:38:31','2023-11-08 01:38:31'),(2563,1,'en','plugins/ecommerce/products','form.auto_generate_sku','Auto generate SKU?','2023-11-08 01:38:31','2023-11-08 01:38:31'),(2564,1,'en','plugins/ecommerce/products','form.featured_image','Featured image (optional)','2023-11-08 01:38:31','2023-11-08 01:38:31'),(2565,1,'en','plugins/ecommerce/products','form.product_id','Product ID','2023-11-08 01:38:31','2023-11-08 01:38:31'),(2566,1,'en','plugins/ecommerce/products','price','Price','2023-11-08 01:38:31','2023-11-08 01:38:31'),(2567,1,'en','plugins/ecommerce/products','quantity','Quantity','2023-11-08 01:38:31','2023-11-08 01:38:31'),(2568,1,'en','plugins/ecommerce/products','type','Type','2023-11-08 01:38:31','2023-11-08 01:38:31'),(2569,1,'en','plugins/ecommerce/products','image','Thumbnail','2023-11-08 01:38:31','2023-11-08 01:38:31'),(2570,1,'en','plugins/ecommerce/products','sku','SKU','2023-11-08 01:38:31','2023-11-08 01:38:31'),(2571,1,'en','plugins/ecommerce/products','variation_sku','Variation SKU','2023-11-08 01:38:31','2023-11-08 01:38:31'),(2572,1,'en','plugins/ecommerce/products','brand','Brand','2023-11-08 01:38:31','2023-11-08 01:38:31'),(2573,1,'en','plugins/ecommerce/products','cannot_delete','Product could not be deleted','2023-11-08 01:38:31','2023-11-08 01:38:31'),(2574,1,'en','plugins/ecommerce/products','product_deleted','Product deleted','2023-11-08 01:38:31','2023-11-08 01:38:31'),(2575,1,'en','plugins/ecommerce/products','product_collections','Product collections','2023-11-08 01:38:31','2023-11-08 01:38:31'),(2576,1,'en','plugins/ecommerce/products','products','Products','2023-11-08 01:38:31','2023-11-08 01:38:31'),(2577,1,'en','plugins/ecommerce/products','menu','Products','2023-11-08 01:38:31','2023-11-08 01:38:31'),(2578,1,'en','plugins/ecommerce/products','control.button_add_image','Add image','2023-11-08 01:38:31','2023-11-08 01:38:31'),(2579,1,'en','plugins/ecommerce/products','price_sale','Sale price','2023-11-08 01:38:31','2023-11-08 01:38:31'),(2580,1,'en','plugins/ecommerce/products','price_group_title','Manager product price','2023-11-08 01:38:31','2023-11-08 01:38:31'),(2581,1,'en','plugins/ecommerce/products','store_house_group_title','Manager store house','2023-11-08 01:38:31','2023-11-08 01:38:31'),(2582,1,'en','plugins/ecommerce/products','shipping_group_title','Manager shipping','2023-11-08 01:38:31','2023-11-08 01:38:31'),(2583,1,'en','plugins/ecommerce/products','overview','Overview','2023-11-08 01:38:31','2023-11-08 01:38:31'),(2584,1,'en','plugins/ecommerce/products','attributes','Attributes','2023-11-08 01:38:31','2023-11-08 01:38:31'),(2585,1,'en','plugins/ecommerce/products','product_has_variations','Product has variations','2023-11-08 01:38:31','2023-11-08 01:38:31'),(2586,1,'en','plugins/ecommerce/products','manage_products','Manage products','2023-11-08 01:38:31','2023-11-08 01:38:31'),(2587,1,'en','plugins/ecommerce/products','add_new_product','Add a new product','2023-11-08 01:38:31','2023-11-08 01:38:31'),(2588,1,'en','plugins/ecommerce/products','start_by_adding_new_product','Start by adding new products.','2023-11-08 01:38:31','2023-11-08 01:38:31'),(2589,1,'en','plugins/ecommerce/products','edit_this_product','Edit this product','2023-11-08 01:38:31','2023-11-08 01:38:31'),(2590,1,'en','plugins/ecommerce/products','delete','Delete','2023-11-08 01:38:31','2023-11-08 01:38:31'),(2591,1,'en','plugins/ecommerce/products','related_products','Related products','2023-11-08 01:38:31','2023-11-08 01:38:31'),(2592,1,'en','plugins/ecommerce/products','cross_selling_products','Cross-selling products','2023-11-08 01:38:31','2023-11-08 01:38:31'),(2593,1,'en','plugins/ecommerce/products','up_selling_products','Up-selling products','2023-11-08 01:38:31','2023-11-08 01:38:31'),(2594,1,'en','plugins/ecommerce/products','grouped_products','Grouped products','2023-11-08 01:38:31','2023-11-08 01:38:31'),(2595,1,'en','plugins/ecommerce/products','search_products','Search products','2023-11-08 01:38:31','2023-11-08 01:38:31'),(2596,1,'en','plugins/ecommerce/products','selected_products','Selected products','2023-11-08 01:38:31','2023-11-08 01:38:31'),(2597,1,'en','plugins/ecommerce/products','edit_variation_item','Edit','2023-11-08 01:38:31','2023-11-08 01:38:31'),(2598,1,'en','plugins/ecommerce/products','variations_box_description','Click on \"Edit attribute\" to add/remove attributes of variation or click on \"Add new variation\" to add variation.','2023-11-08 01:38:31','2023-11-08 01:38:31'),(2599,1,'en','plugins/ecommerce/products','save_changes','Save changes','2023-11-08 01:38:31','2023-11-08 01:38:31'),(2600,1,'en','plugins/ecommerce/products','continue','Continue','2023-11-08 01:38:31','2023-11-08 01:38:31'),(2601,1,'en','plugins/ecommerce/products','edit_attribute','Edit attribute','2023-11-08 01:38:31','2023-11-08 01:38:31'),(2602,1,'en','plugins/ecommerce/products','select_attribute','Select attribute','2023-11-08 01:38:32','2023-11-08 01:38:32'),(2603,1,'en','plugins/ecommerce/products','add_new_variation','Add new variation','2023-11-08 01:38:32','2023-11-08 01:38:32'),(2604,1,'en','plugins/ecommerce/products','edit_variation','Edit variation','2023-11-08 01:38:32','2023-11-08 01:38:32'),(2605,1,'en','plugins/ecommerce/products','generate_all_variations','Generate all variations','2023-11-08 01:38:32','2023-11-08 01:38:32'),(2606,1,'en','plugins/ecommerce/products','generate_all_variations_confirmation','Are you sure you want to generate all variations for this product?','2023-11-08 01:38:32','2023-11-08 01:38:32'),(2607,1,'en','plugins/ecommerce/products','delete_variation','Delete variation?','2023-11-08 01:38:32','2023-11-08 01:38:32'),(2608,1,'en','plugins/ecommerce/products','delete_variation_confirmation','Are you sure you want to delete this variation? This action cannot be undo.','2023-11-08 01:38:32','2023-11-08 01:38:32'),(2609,1,'en','plugins/ecommerce/products','delete_variations_confirmation','Are you sure you want to delete those variations? This action cannot be undo.','2023-11-08 01:38:32','2023-11-08 01:38:32'),(2610,1,'en','plugins/ecommerce/products','product_create_validate_name_required','Please enter product\'s name','2023-11-08 01:38:32','2023-11-08 01:38:32'),(2611,1,'en','plugins/ecommerce/products','product_create_validate_sale_price_max','The discount must be less than the original price','2023-11-08 01:38:32','2023-11-08 01:38:32'),(2612,1,'en','plugins/ecommerce/products','product_create_validate_cost_per_item_max','The cost per item must be less than the original price','2023-11-08 01:38:32','2023-11-08 01:38:32'),(2613,1,'en','plugins/ecommerce/products','product_create_validate_sale_price_required_if','Must enter a discount when you want to schedule a promotion','2023-11-08 01:38:32','2023-11-08 01:38:32'),(2614,1,'en','plugins/ecommerce/products','product_create_validate_end_date_after','End date must be after start date','2023-11-08 01:38:32','2023-11-08 01:38:32'),(2615,1,'en','plugins/ecommerce/products','product_create_validate_start_date_required_if','Discount start date cannot be left blank when scheduling is selected','2023-11-08 01:38:32','2023-11-08 01:38:32'),(2616,1,'en','plugins/ecommerce/products','product_create_validate_sale_price','Discounts cannot be left blank when scheduling is selected','2023-11-08 01:38:32','2023-11-08 01:38:32'),(2617,1,'en','plugins/ecommerce/products','stock_statuses.in_stock','In stock','2023-11-08 01:38:32','2023-11-08 01:38:32'),(2618,1,'en','plugins/ecommerce/products','stock_statuses.out_of_stock','Out of stock','2023-11-08 01:38:32','2023-11-08 01:38:32'),(2619,1,'en','plugins/ecommerce/products','stock_statuses.on_backorder','On backorder','2023-11-08 01:38:32','2023-11-08 01:38:32'),(2620,1,'en','plugins/ecommerce/products','stock_status','Stock status','2023-11-08 01:38:32','2023-11-08 01:38:32'),(2621,1,'en','plugins/ecommerce/products','processing','Processing...','2023-11-08 01:38:32','2023-11-08 01:38:32'),(2622,1,'en','plugins/ecommerce/products','delete_selected_variations','Delete selected variations','2023-11-08 01:38:32','2023-11-08 01:38:32'),(2623,1,'en','plugins/ecommerce/products','delete_variations','Delete variations','2023-11-08 01:38:32','2023-11-08 01:38:32'),(2624,1,'en','plugins/ecommerce/products','category','Category','2023-11-08 01:38:32','2023-11-08 01:38:32'),(2625,1,'en','plugins/ecommerce/products','product_price_flash_sale_warning','This product is in flash sale <strong>:name</strong> so its price is <strong>:price</strong>.','2023-11-08 01:38:32','2023-11-08 01:38:32'),(2626,1,'en','plugins/ecommerce/products','product_price_discount_warning','This product is in discount <strong>:name</strong> so its price is <strong>:price</strong>.','2023-11-08 01:38:32','2023-11-08 01:38:32'),(2627,1,'en','plugins/ecommerce/products','product_image','Product image','2023-11-08 01:38:32','2023-11-08 01:38:32'),(2628,1,'en','plugins/ecommerce/products','product_name','Product name','2023-11-08 01:38:32','2023-11-08 01:38:32'),(2629,1,'en','plugins/ecommerce/products','types.physical','Physical','2023-11-08 01:38:32','2023-11-08 01:38:32'),(2630,1,'en','plugins/ecommerce/products','types.digital','Digital','2023-11-08 01:38:32','2023-11-08 01:38:32'),(2631,1,'en','plugins/ecommerce/products','digital_attachments.title','Digital attachments','2023-11-08 01:38:32','2023-11-08 01:38:32'),(2632,1,'en','plugins/ecommerce/products','digital_attachments.add','Add Attachment','2023-11-08 01:38:32','2023-11-08 01:38:32'),(2633,1,'en','plugins/ecommerce/products','digital_attachments.file_name','File name','2023-11-08 01:38:32','2023-11-08 01:38:32'),(2634,1,'en','plugins/ecommerce/products','digital_attachments.file_size','File size','2023-11-08 01:38:32','2023-11-08 01:38:32'),(2635,1,'en','plugins/ecommerce/products','digital_attachments.unsaved','Unsaved','2023-11-08 01:38:32','2023-11-08 01:38:32'),(2636,1,'en','plugins/ecommerce/products','digital_attachments.add_external_link','Add external link','2023-11-08 01:38:32','2023-11-08 01:38:32'),(2637,1,'en','plugins/ecommerce/products','digital_attachments.enter_file_name','Enter file name','2023-11-08 01:38:32','2023-11-08 01:38:32'),(2638,1,'en','plugins/ecommerce/products','digital_attachments.enter_external_link_download','Enter external link download','2023-11-08 01:38:32','2023-11-08 01:38:32'),(2639,1,'en','plugins/ecommerce/products','digital_attachments.enter_file_size','Enter file size','2023-11-08 01:38:32','2023-11-08 01:38:32'),(2640,1,'en','plugins/ecommerce/products','digital_attachments.external_link_download','External link download','2023-11-08 01:38:32','2023-11-08 01:38:32'),(2641,1,'en','plugins/ecommerce/products','digital_attachments.generate_license_code_after_purchasing_product','Generate license code after purchasing this product?','2023-11-08 01:38:32','2023-11-08 01:38:32'),(2642,1,'en','plugins/ecommerce/products','this_action_will_reload_page','This action will reload the page to update the data!','2023-11-08 01:38:32','2023-11-08 01:38:32'),(2643,1,'en','plugins/ecommerce/products','select','Select','2023-11-08 01:38:32','2023-11-08 01:38:32'),(2644,1,'en','plugins/ecommerce/products','set_this_variant_as_default','Set this variant as default','2023-11-08 01:38:32','2023-11-08 01:38:32'),(2645,1,'en','plugins/ecommerce/products','download','Download','2023-11-08 01:38:32','2023-11-08 01:38:32'),(2646,1,'en','plugins/ecommerce/reports','name','Report','2023-11-08 01:38:32','2023-11-08 01:38:32'),(2647,1,'en','plugins/ecommerce/reports','widget.order.title','Orders','2023-11-08 01:38:32','2023-11-08 01:38:32'),(2648,1,'en','plugins/ecommerce/reports','count.revenue','Today revenue','2023-11-08 01:38:32','2023-11-08 01:38:32'),(2649,1,'en','plugins/ecommerce/reports','count.orders','Today orders','2023-11-08 01:38:32','2023-11-08 01:38:32'),(2650,1,'en','plugins/ecommerce/reports','count.products','Total products','2023-11-08 01:38:32','2023-11-08 01:38:32'),(2651,1,'en','plugins/ecommerce/reports','count.customers','Total customers','2023-11-08 01:38:32','2023-11-08 01:38:32'),(2652,1,'en','plugins/ecommerce/reports','product_name','Product name','2023-11-08 01:38:32','2023-11-08 01:38:32'),(2653,1,'en','plugins/ecommerce/reports','quantity','Quantity','2023-11-08 01:38:32','2023-11-08 01:38:32'),(2654,1,'en','plugins/ecommerce/reports','revenue_statistics','Revenue statistics','2023-11-08 01:38:32','2023-11-08 01:38:32'),(2655,1,'en','plugins/ecommerce/reports','top_selling_products','Top Selling Products','2023-11-08 01:38:32','2023-11-08 01:38:32'),(2656,1,'en','plugins/ecommerce/reports','ranges.today','Today','2023-11-08 01:38:32','2023-11-08 01:38:32'),(2657,1,'en','plugins/ecommerce/reports','ranges.this_week','This week','2023-11-08 01:38:32','2023-11-08 01:38:32'),(2658,1,'en','plugins/ecommerce/reports','ranges.last_7_days','Last 7 days','2023-11-08 01:38:32','2023-11-08 01:38:32'),(2659,1,'en','plugins/ecommerce/reports','ranges.last_30_days','Last 30 days','2023-11-08 01:38:32','2023-11-08 01:38:32'),(2660,1,'en','plugins/ecommerce/reports','ranges.this_month','This month','2023-11-08 01:38:32','2023-11-08 01:38:32'),(2661,1,'en','plugins/ecommerce/reports','ranges.this_year','This year','2023-11-08 01:38:32','2023-11-08 01:38:32'),(2662,1,'en','plugins/ecommerce/reports','revenue_this_month','Revenue this month','2023-11-08 01:38:32','2023-11-08 01:38:32'),(2663,1,'en','plugins/ecommerce/reports','order_processing_this_month','order(s) processing in this month','2023-11-08 01:38:32','2023-11-08 01:38:32'),(2664,1,'en','plugins/ecommerce/reports','order_completed_this_month','order(s) completed in this month','2023-11-08 01:38:32','2023-11-08 01:38:32'),(2665,1,'en','plugins/ecommerce/reports','product_will_be_out_of_stock','product(s) will be out of stock soon','2023-11-08 01:38:32','2023-11-08 01:38:32'),(2666,1,'en','plugins/ecommerce/reports','product_out_of_stock','product(s) out of stock','2023-11-08 01:38:32','2023-11-08 01:38:32'),(2667,1,'en','plugins/ecommerce/reports','sales_reports','Sales Reports','2023-11-08 01:38:32','2023-11-08 01:38:32'),(2668,1,'en','plugins/ecommerce/reports','total_earnings','Total Earnings','2023-11-08 01:38:32','2023-11-08 01:38:32'),(2669,1,'en','plugins/ecommerce/reports','recent_orders','Recent Orders','2023-11-08 01:38:32','2023-11-08 01:38:32'),(2670,1,'en','plugins/ecommerce/reports','trending_products','Trending Products','2023-11-08 01:38:32','2023-11-08 01:38:32'),(2671,1,'en','plugins/ecommerce/reports','statistics','Statistics','2023-11-08 01:38:32','2023-11-08 01:38:32'),(2672,1,'en','plugins/ecommerce/reports','items_earning_sales','Items Earning Sales: :value','2023-11-08 01:38:32','2023-11-08 01:38:32'),(2673,1,'en','plugins/ecommerce/reports','revenue','Revenue','2023-11-08 01:38:32','2023-11-08 01:38:32'),(2674,1,'en','plugins/ecommerce/reports','orders','Orders','2023-11-08 01:38:32','2023-11-08 01:38:32'),(2675,1,'en','plugins/ecommerce/reports','products','Products','2023-11-08 01:38:32','2023-11-08 01:38:32'),(2676,1,'en','plugins/ecommerce/reports','customers','Customers','2023-11-08 01:38:32','2023-11-08 01:38:32'),(2677,1,'en','plugins/ecommerce/reports','earnings','Earnings','2023-11-08 01:38:32','2023-11-08 01:38:32'),(2678,1,'en','plugins/ecommerce/reports','views','Views','2023-11-08 01:38:32','2023-11-08 01:38:32'),(2679,1,'en','plugins/ecommerce/reports','date_range_format_value','From :from to :to','2023-11-08 01:38:32','2023-11-08 01:38:32'),(2680,1,'en','plugins/ecommerce/reports','select_range','Select Range','2023-11-08 01:38:32','2023-11-08 01:38:32'),(2681,1,'en','plugins/ecommerce/reports','customers_chart','Customers','2023-11-08 01:38:32','2023-11-08 01:38:32'),(2682,1,'en','plugins/ecommerce/reports','orders_chart','Orders','2023-11-08 01:38:32','2023-11-08 01:38:32'),(2683,1,'en','plugins/ecommerce/reports','number_of_orders','Number of orders','2023-11-08 01:38:32','2023-11-08 01:38:32'),(2684,1,'en','plugins/ecommerce/reports','number_of_customers','Number of customers','2023-11-08 01:38:32','2023-11-08 01:38:32'),(2685,1,'en','plugins/ecommerce/review','name','Reviews','2023-11-08 01:38:32','2023-11-08 01:38:32'),(2686,1,'en','plugins/ecommerce/review','add_review','Add review','2023-11-08 01:38:32','2023-11-08 01:38:32'),(2687,1,'en','plugins/ecommerce/review','delete_review','Delete review','2023-11-08 01:38:32','2023-11-08 01:38:32'),(2688,1,'en','plugins/ecommerce/review','create_review','Create Review','2023-11-08 01:38:32','2023-11-08 01:38:32'),(2689,1,'en','plugins/ecommerce/review','please_select_rating','Please select rating','2023-11-08 01:38:32','2023-11-08 01:38:32'),(2690,1,'en','plugins/ecommerce/review','comment','Comment','2023-11-08 01:38:32','2023-11-08 01:38:32'),(2691,1,'en','plugins/ecommerce/review','approve','Approve','2023-11-08 01:38:32','2023-11-08 01:38:32'),(2692,1,'en','plugins/ecommerce/review','approved','Approved','2023-11-08 01:38:32','2023-11-08 01:38:32'),(2693,1,'en','plugins/ecommerce/review','disapprove','Disapprove','2023-11-08 01:38:32','2023-11-08 01:38:32'),(2694,1,'en','plugins/ecommerce/review','disapproved','Disapproved','2023-11-08 01:38:32','2023-11-08 01:38:32'),(2695,1,'en','plugins/ecommerce/review','product','Product','2023-11-08 01:38:32','2023-11-08 01:38:32'),(2696,1,'en','plugins/ecommerce/review','user','User','2023-11-08 01:38:32','2023-11-08 01:38:32'),(2697,1,'en','plugins/ecommerce/review','star','Star','2023-11-08 01:38:32','2023-11-08 01:38:32'),(2698,1,'en','plugins/ecommerce/review','status','Status','2023-11-08 01:38:33','2023-11-08 01:38:33'),(2699,1,'en','plugins/ecommerce/review','list_review','Customer reviews','2023-11-08 01:38:33','2023-11-08 01:38:33'),(2700,1,'en','plugins/ecommerce/review','intro.title','Manage customer reviews','2023-11-08 01:38:33','2023-11-08 01:38:33'),(2701,1,'en','plugins/ecommerce/review','intro.description','Customer reviews will be shown here and you can manage it to show/hide in product detail page.','2023-11-08 01:38:33','2023-11-08 01:38:33'),(2702,1,'en','plugins/ecommerce/review','images','Images','2023-11-08 01:38:33','2023-11-08 01:38:33'),(2703,1,'en','plugins/ecommerce/review','delete','Delete','2023-11-08 01:38:33','2023-11-08 01:38:33'),(2704,1,'en','plugins/ecommerce/review','publish','Publish','2023-11-08 01:38:33','2023-11-08 01:38:33'),(2705,1,'en','plugins/ecommerce/review','unpublish','Unpublish','2023-11-08 01:38:33','2023-11-08 01:38:33'),(2706,1,'en','plugins/ecommerce/review','published_success','Review published successfully!','2023-11-08 01:38:33','2023-11-08 01:38:33'),(2707,1,'en','plugins/ecommerce/review','unpublished_success','Review unpublished successfully!','2023-11-08 01:38:33','2023-11-08 01:38:33'),(2708,1,'en','plugins/ecommerce/review','delete_modal.title','Delete review','2023-11-08 01:38:33','2023-11-08 01:38:33'),(2709,1,'en','plugins/ecommerce/review','delete_modal.description','Are you sure you want to delete this review? This action cannot be undone!','2023-11-08 01:38:33','2023-11-08 01:38:33'),(2710,1,'en','plugins/ecommerce/shipping','name','Shipping Rules','2023-11-08 01:38:33','2023-11-08 01:38:33'),(2711,1,'en','plugins/ecommerce/shipping','shipping','Shipping','2023-11-08 01:38:33','2023-11-08 01:38:33'),(2712,1,'en','plugins/ecommerce/shipping','title','Title','2023-11-08 01:38:33','2023-11-08 01:38:33'),(2713,1,'en','plugins/ecommerce/shipping','amount','Amount','2023-11-08 01:38:33','2023-11-08 01:38:33'),(2714,1,'en','plugins/ecommerce/shipping','enable','Enable','2023-11-08 01:38:33','2023-11-08 01:38:33'),(2715,1,'en','plugins/ecommerce/shipping','enabled','Enabled','2023-11-08 01:38:33','2023-11-08 01:38:33'),(2716,1,'en','plugins/ecommerce/shipping','disable','Disable','2023-11-08 01:38:33','2023-11-08 01:38:33'),(2717,1,'en','plugins/ecommerce/shipping','disabled','Disabled','2023-11-08 01:38:33','2023-11-08 01:38:33'),(2718,1,'en','plugins/ecommerce/shipping','create_shipping','Create a shipping','2023-11-08 01:38:33','2023-11-08 01:38:33'),(2719,1,'en','plugins/ecommerce/shipping','edit_shipping','Edit shipping :code','2023-11-08 01:38:33','2023-11-08 01:38:33'),(2720,1,'en','plugins/ecommerce/shipping','status','Status','2023-11-08 01:38:33','2023-11-08 01:38:33'),(2721,1,'en','plugins/ecommerce/shipping','shipping_methods','Shipping methods','2023-11-08 01:38:33','2023-11-08 01:38:33'),(2722,1,'en','plugins/ecommerce/shipping','create_shipping_method','Create shipping method','2023-11-08 01:38:33','2023-11-08 01:38:33'),(2723,1,'en','plugins/ecommerce/shipping','edit_shipping_method','Edit shipping method','2023-11-08 01:38:33','2023-11-08 01:38:33'),(2724,1,'en','plugins/ecommerce/shipping','add_shipping_region','Add shipping region','2023-11-08 01:38:33','2023-11-08 01:38:33'),(2725,1,'en','plugins/ecommerce/shipping','country','Country','2023-11-08 01:38:33','2023-11-08 01:38:33'),(2726,1,'en','plugins/ecommerce/shipping','state','State','2023-11-08 01:38:33','2023-11-08 01:38:33'),(2727,1,'en','plugins/ecommerce/shipping','city','City','2023-11-08 01:38:33','2023-11-08 01:38:33'),(2728,1,'en','plugins/ecommerce/shipping','address','Address','2023-11-08 01:38:33','2023-11-08 01:38:33'),(2729,1,'en','plugins/ecommerce/shipping','phone','Phone','2023-11-08 01:38:33','2023-11-08 01:38:33'),(2730,1,'en','plugins/ecommerce/shipping','email','Email','2023-11-08 01:38:33','2023-11-08 01:38:33'),(2731,1,'en','plugins/ecommerce/shipping','zip_code','Zip code','2023-11-08 01:38:33','2023-11-08 01:38:33'),(2732,1,'en','plugins/ecommerce/shipping','methods.default','Default','2023-11-08 01:38:33','2023-11-08 01:38:33'),(2733,1,'en','plugins/ecommerce/shipping','statuses.not_approved','Not approved','2023-11-08 01:38:33','2023-11-08 01:38:33'),(2734,1,'en','plugins/ecommerce/shipping','statuses.approved','Approved','2023-11-08 01:38:33','2023-11-08 01:38:33'),(2735,1,'en','plugins/ecommerce/shipping','statuses.pending','Pending','2023-11-08 01:38:33','2023-11-08 01:38:33'),(2736,1,'en','plugins/ecommerce/shipping','statuses.arrange_shipment','Arrange shipment','2023-11-08 01:38:33','2023-11-08 01:38:33'),(2737,1,'en','plugins/ecommerce/shipping','statuses.ready_to_be_shipped_out','Ready to be shipped out','2023-11-08 01:38:33','2023-11-08 01:38:33'),(2738,1,'en','plugins/ecommerce/shipping','statuses.picking','Picking','2023-11-08 01:38:33','2023-11-08 01:38:33'),(2739,1,'en','plugins/ecommerce/shipping','statuses.delay_picking','Delay picking','2023-11-08 01:38:33','2023-11-08 01:38:33'),(2740,1,'en','plugins/ecommerce/shipping','statuses.picked','Picked','2023-11-08 01:38:33','2023-11-08 01:38:33'),(2741,1,'en','plugins/ecommerce/shipping','statuses.not_picked','Not picked','2023-11-08 01:38:33','2023-11-08 01:38:33'),(2742,1,'en','plugins/ecommerce/shipping','statuses.delivering','Delivering','2023-11-08 01:38:33','2023-11-08 01:38:33'),(2743,1,'en','plugins/ecommerce/shipping','statuses.delivered','Delivered','2023-11-08 01:38:33','2023-11-08 01:38:33'),(2744,1,'en','plugins/ecommerce/shipping','statuses.not_delivered','Not delivered','2023-11-08 01:38:33','2023-11-08 01:38:33'),(2745,1,'en','plugins/ecommerce/shipping','statuses.audited','Audited','2023-11-08 01:38:33','2023-11-08 01:38:33'),(2746,1,'en','plugins/ecommerce/shipping','statuses.canceled','Canceled','2023-11-08 01:38:33','2023-11-08 01:38:33'),(2747,1,'en','plugins/ecommerce/shipping','cod_statuses.pending','Pending','2023-11-08 01:38:33','2023-11-08 01:38:33'),(2748,1,'en','plugins/ecommerce/shipping','cod_statuses.completed','Completed','2023-11-08 01:38:33','2023-11-08 01:38:33'),(2749,1,'en','plugins/ecommerce/shipping','delete','Delete','2023-11-08 01:38:33','2023-11-08 01:38:33'),(2750,1,'en','plugins/ecommerce/shipping','shipping_rules','Shipping Rules','2023-11-08 01:38:33','2023-11-08 01:38:33'),(2751,1,'en','plugins/ecommerce/shipping','shipping_rules_description','Rules to calculate shipping fee.','2023-11-08 01:38:33','2023-11-08 01:38:33'),(2752,1,'en','plugins/ecommerce/shipping','select_country','Select country','2023-11-08 01:38:33','2023-11-08 01:38:33'),(2753,1,'en','plugins/ecommerce/shipping','add_shipping_rule','Add shipping rule','2023-11-08 01:38:33','2023-11-08 01:38:33'),(2754,1,'en','plugins/ecommerce/shipping','delete_shipping_rate','Delete shipping rate for area','2023-11-08 01:38:33','2023-11-08 01:38:33'),(2755,1,'en','plugins/ecommerce/shipping','delete_shipping_rate_confirmation','Are you sure you want to delete <strong class=\"region-price-item-label\"></strong> from this shipping area?','2023-11-08 01:38:33','2023-11-08 01:38:33'),(2756,1,'en','plugins/ecommerce/shipping','delete_shipping_area','Delete shipping area','2023-11-08 01:38:33','2023-11-08 01:38:33'),(2757,1,'en','plugins/ecommerce/shipping','delete_shipping_area_confirmation','Are you sure you want to delete shipping area <strong class=\"region-item-label\"></strong>?','2023-11-08 01:38:33','2023-11-08 01:38:33'),(2758,1,'en','plugins/ecommerce/shipping','add_shipping_fee_for_area','Add shipping fee for area','2023-11-08 01:38:33','2023-11-08 01:38:33'),(2759,1,'en','plugins/ecommerce/shipping','confirm','Confirm','2023-11-08 01:38:33','2023-11-08 01:38:33'),(2760,1,'en','plugins/ecommerce/shipping','save','Save','2023-11-08 01:38:33','2023-11-08 01:38:33'),(2761,1,'en','plugins/ecommerce/shipping','greater_than','Greater than','2023-11-08 01:38:33','2023-11-08 01:38:33'),(2762,1,'en','plugins/ecommerce/shipping','type','Type','2023-11-08 01:38:33','2023-11-08 01:38:33'),(2763,1,'en','plugins/ecommerce/shipping','shipping_rule_name','Name of shipping rule','2023-11-08 01:38:33','2023-11-08 01:38:33'),(2764,1,'en','plugins/ecommerce/shipping','shipping_fee','Shipping fee','2023-11-08 01:38:33','2023-11-08 01:38:33'),(2765,1,'en','plugins/ecommerce/shipping','cancel','Cancel','2023-11-08 01:38:33','2023-11-08 01:38:33'),(2766,1,'en','plugins/ecommerce/shipping','based_on_weight','Based on product\'s weight (:unit)','2023-11-08 01:38:33','2023-11-08 01:38:33'),(2767,1,'en','plugins/ecommerce/shipping','based_on_price','Based on product\'s price','2023-11-08 01:38:33','2023-11-08 01:38:33'),(2768,1,'en','plugins/ecommerce/shipping','shipment_canceled','Shipment was canceled','2023-11-08 01:38:33','2023-11-08 01:38:33'),(2769,1,'en','plugins/ecommerce/shipping','at','At','2023-11-08 01:38:33','2023-11-08 01:38:33'),(2770,1,'en','plugins/ecommerce/shipping','cash_on_delivery','Cash on delivery (COD)','2023-11-08 01:38:33','2023-11-08 01:38:33'),(2771,1,'en','plugins/ecommerce/shipping','update_shipping_status','Update shipping status','2023-11-08 01:38:33','2023-11-08 01:38:33'),(2772,1,'en','plugins/ecommerce/shipping','update_cod_status','Update COD status','2023-11-08 01:38:33','2023-11-08 01:38:33'),(2773,1,'en','plugins/ecommerce/shipping','history','History','2023-11-08 01:38:33','2023-11-08 01:38:33'),(2774,1,'en','plugins/ecommerce/shipping','shipment_information','Shipment information','2023-11-08 01:38:33','2023-11-08 01:38:33'),(2775,1,'en','plugins/ecommerce/shipping','order_number','Order number','2023-11-08 01:38:33','2023-11-08 01:38:33'),(2776,1,'en','plugins/ecommerce/shipping','shipping_method','Shipping method','2023-11-08 01:38:33','2023-11-08 01:38:33'),(2777,1,'en','plugins/ecommerce/shipping','select_shipping_method','Select shipping method','2023-11-08 01:38:33','2023-11-08 01:38:33'),(2778,1,'en','plugins/ecommerce/shipping','cod_status','COD status','2023-11-08 01:38:33','2023-11-08 01:38:33'),(2779,1,'en','plugins/ecommerce/shipping','shipping_status','Shipping status','2023-11-08 01:38:33','2023-11-08 01:38:33'),(2780,1,'en','plugins/ecommerce/shipping','customer_information','Customer information','2023-11-08 01:38:33','2023-11-08 01:38:33'),(2781,1,'en','plugins/ecommerce/shipping','sku','SKU','2023-11-08 01:38:33','2023-11-08 01:38:33'),(2782,1,'en','plugins/ecommerce/shipping','change_status_confirm_title','Confirm <span class=\"shipment-status-label\"></span> ?','2023-11-08 01:38:33','2023-11-08 01:38:33'),(2783,1,'en','plugins/ecommerce/shipping','change_status_confirm_description','Are you sure you want to confirm <span class=\"shipment-status-label\"></span> for this shipment?','2023-11-08 01:38:33','2023-11-08 01:38:33'),(2784,1,'en','plugins/ecommerce/shipping','accept','Accept','2023-11-08 01:38:33','2023-11-08 01:38:33'),(2785,1,'en','plugins/ecommerce/shipping','weight_unit','Weight (:unit)','2023-11-08 01:38:33','2023-11-08 01:38:33'),(2786,1,'en','plugins/ecommerce/shipping','updated_at','Last Update','2023-11-08 01:38:33','2023-11-08 01:38:33'),(2787,1,'en','plugins/ecommerce/shipping','cod_amount','Cash on delivery amount (COD)','2023-11-08 01:38:33','2023-11-08 01:38:33'),(2788,1,'en','plugins/ecommerce/shipping','cancel_shipping','Cancel shipping','2023-11-08 01:38:33','2023-11-08 01:38:33'),(2789,1,'en','plugins/ecommerce/shipping','shipping_address','Shipping address','2023-11-08 01:38:33','2023-11-08 01:38:33'),(2790,1,'en','plugins/ecommerce/shipping','packages','Packages','2023-11-08 01:38:34','2023-11-08 01:38:34'),(2791,1,'en','plugins/ecommerce/shipping','edit','Edit','2023-11-08 01:38:34','2023-11-08 01:38:34'),(2792,1,'en','plugins/ecommerce/shipping','fee','Fee','2023-11-08 01:38:34','2023-11-08 01:38:34'),(2793,1,'en','plugins/ecommerce/shipping','note','Note','2023-11-08 01:38:34','2023-11-08 01:38:34'),(2794,1,'en','plugins/ecommerce/shipping','finish','Finish','2023-11-08 01:38:34','2023-11-08 01:38:34'),(2795,1,'en','plugins/ecommerce/shipping','shipping_fee_cod','Shipping fee/COD','2023-11-08 01:38:34','2023-11-08 01:38:34'),(2796,1,'en','plugins/ecommerce/shipping','send_confirmation_email_to_customer','Send confirmation email to customer','2023-11-08 01:38:34','2023-11-08 01:38:34'),(2797,1,'en','plugins/ecommerce/shipping','form_name','Name','2023-11-08 01:38:34','2023-11-08 01:38:34'),(2798,1,'en','plugins/ecommerce/shipping','changed_shipping_status','Changed status of shipping to: :status. Updated by: %user_name%','2023-11-08 01:38:34','2023-11-08 01:38:34'),(2799,1,'en','plugins/ecommerce/shipping','order_confirmed_by','Order confirmed by %user_name%','2023-11-08 01:38:34','2023-11-08 01:38:34'),(2800,1,'en','plugins/ecommerce/shipping','shipping_canceled_by','Shipping is cancelled by %user_name%','2023-11-08 01:38:34','2023-11-08 01:38:34'),(2801,1,'en','plugins/ecommerce/shipping','update_shipping_status_success','Update shipping status successfully!','2023-11-08 01:38:34','2023-11-08 01:38:34'),(2802,1,'en','plugins/ecommerce/shipping','update_cod_status_success','Updated COD status of shipping successfully!','2023-11-08 01:38:34','2023-11-08 01:38:34'),(2803,1,'en','plugins/ecommerce/shipping','updated_cod_status_by','Updated COD status to :status . Updated by: %user_name%','2023-11-08 01:38:34','2023-11-08 01:38:34'),(2804,1,'en','plugins/ecommerce/shipping','all','All','2023-11-08 01:38:34','2023-11-08 01:38:34'),(2805,1,'en','plugins/ecommerce/shipping','error_when_adding_new_region','There is an error when adding new region!','2023-11-08 01:38:34','2023-11-08 01:38:34'),(2806,1,'en','plugins/ecommerce/shipping','delivery','Delivery','2023-11-08 01:38:34','2023-11-08 01:38:34'),(2807,1,'en','plugins/ecommerce/shipping','adjustment_price_of','Adjustment price of :key','2023-11-08 01:38:34','2023-11-08 01:38:34'),(2808,1,'en','plugins/ecommerce/shipping','warehouse','Warehouse','2023-11-08 01:38:34','2023-11-08 01:38:34'),(2809,1,'en','plugins/ecommerce/shipping','delivery_note','Delivery note','2023-11-08 01:38:34','2023-11-08 01:38:34'),(2810,1,'en','plugins/ecommerce/shipping','shipments','Shipments','2023-11-08 01:38:34','2023-11-08 01:38:34'),(2811,1,'en','plugins/ecommerce/shipping','order_id','Order ID','2023-11-08 01:38:34','2023-11-08 01:38:34'),(2812,1,'en','plugins/ecommerce/shipping','not_available','Not available','2023-11-08 01:38:34','2023-11-08 01:38:34'),(2813,1,'en','plugins/ecommerce/shipping','shipping_amount','Shipping Amount','2023-11-08 01:38:34','2023-11-08 01:38:34'),(2814,1,'en','plugins/ecommerce/shipping','additional_shipment_information','Additional shipment information','2023-11-08 01:38:34','2023-11-08 01:38:34'),(2815,1,'en','plugins/ecommerce/shipping','shipping_company_name','Shipping Company Name','2023-11-08 01:38:34','2023-11-08 01:38:34'),(2816,1,'en','plugins/ecommerce/shipping','tracking_id','Tracking ID','2023-11-08 01:38:34','2023-11-08 01:38:34'),(2817,1,'en','plugins/ecommerce/shipping','tracking_link','Tracking Link','2023-11-08 01:38:34','2023-11-08 01:38:34'),(2818,1,'en','plugins/ecommerce/shipping','estimate_date_shipped','Estimate Date Shipped','2023-11-08 01:38:34','2023-11-08 01:38:34'),(2819,1,'en','plugins/ecommerce/shipping','date_shipped','Date Shipped','2023-11-08 01:38:34','2023-11-08 01:38:34'),(2820,1,'en','plugins/ecommerce/shipping','add_note','Add note...','2023-11-08 01:38:34','2023-11-08 01:38:34'),(2821,1,'en','plugins/ecommerce/shipping','view_order','View Order :order_id','2023-11-08 01:38:34','2023-11-08 01:38:34'),(2822,1,'en','plugins/ecommerce/shipping','rule.types.based_on_weight','Based on product\'s weight (:unit)','2023-11-08 01:38:34','2023-11-08 01:38:34'),(2823,1,'en','plugins/ecommerce/shipping','rule.types.based_on_price','Based on product\'s price','2023-11-08 01:38:34','2023-11-08 01:38:34'),(2824,1,'en','plugins/ecommerce/shipping','rule.types.based_on_zipcode','Based on zipcode','2023-11-08 01:38:34','2023-11-08 01:38:34'),(2825,1,'en','plugins/ecommerce/shipping','rule.types.based_on_location','Based on location','2023-11-08 01:38:34','2023-11-08 01:38:34'),(2826,1,'en','plugins/ecommerce/shipping','rule.types.unavailable','Unavailable','2023-11-08 01:38:34','2023-11-08 01:38:34'),(2827,1,'en','plugins/ecommerce/shipping','rule.item.name','Shipping Rule Items','2023-11-08 01:38:34','2023-11-08 01:38:34'),(2828,1,'en','plugins/ecommerce/shipping','rule.item.edit','Edit item','2023-11-08 01:38:34','2023-11-08 01:38:34'),(2829,1,'en','plugins/ecommerce/shipping','rule.item.create','Create new item','2023-11-08 01:38:34','2023-11-08 01:38:34'),(2830,1,'en','plugins/ecommerce/shipping','rule.item.delete','Delete shipping rule item','2023-11-08 01:38:34','2023-11-08 01:38:34'),(2831,1,'en','plugins/ecommerce/shipping','rule.item.confirmation','Are you sure you want to delete shipping rule item <strong class=\"item-label\"></strong>?','2023-11-08 01:38:34','2023-11-08 01:38:34'),(2832,1,'en','plugins/ecommerce/shipping','rule.item.load_data_table','Load data table (:total)','2023-11-08 01:38:34','2023-11-08 01:38:34'),(2833,1,'en','plugins/ecommerce/shipping','rule.item.tables.shipping_rule','Shipping rule','2023-11-08 01:38:34','2023-11-08 01:38:34'),(2834,1,'en','plugins/ecommerce/shipping','rule.item.tables.country','Country','2023-11-08 01:38:34','2023-11-08 01:38:34'),(2835,1,'en','plugins/ecommerce/shipping','rule.item.tables.state','State','2023-11-08 01:38:34','2023-11-08 01:38:34'),(2836,1,'en','plugins/ecommerce/shipping','rule.item.tables.city','City','2023-11-08 01:38:34','2023-11-08 01:38:34'),(2837,1,'en','plugins/ecommerce/shipping','rule.item.tables.zip_code','Zip code','2023-11-08 01:38:34','2023-11-08 01:38:34'),(2838,1,'en','plugins/ecommerce/shipping','rule.item.tables.adjustment_price','Adjustment price','2023-11-08 01:38:34','2023-11-08 01:38:34'),(2839,1,'en','plugins/ecommerce/shipping','rule.item.tables.is_enabled','Is enabled?','2023-11-08 01:38:34','2023-11-08 01:38:34'),(2840,1,'en','plugins/ecommerce/shipping','rule.item.forms.country','Country','2023-11-08 01:38:34','2023-11-08 01:38:34'),(2841,1,'en','plugins/ecommerce/shipping','rule.item.forms.country_placeholder','Country','2023-11-08 01:38:34','2023-11-08 01:38:34'),(2842,1,'en','plugins/ecommerce/shipping','rule.item.forms.state','State','2023-11-08 01:38:34','2023-11-08 01:38:34'),(2843,1,'en','plugins/ecommerce/shipping','rule.item.forms.state_placeholder','State','2023-11-08 01:38:34','2023-11-08 01:38:34'),(2844,1,'en','plugins/ecommerce/shipping','rule.item.forms.city','City','2023-11-08 01:38:34','2023-11-08 01:38:34'),(2845,1,'en','plugins/ecommerce/shipping','rule.item.forms.city_placeholder','City','2023-11-08 01:38:34','2023-11-08 01:38:34'),(2846,1,'en','plugins/ecommerce/shipping','rule.item.forms.zip_code','Zip code','2023-11-08 01:38:34','2023-11-08 01:38:34'),(2847,1,'en','plugins/ecommerce/shipping','rule.item.forms.zip_code_placeholder','Zip code','2023-11-08 01:38:34','2023-11-08 01:38:34'),(2848,1,'en','plugins/ecommerce/shipping','rule.item.forms.adjustment_price','Adjustment price','2023-11-08 01:38:34','2023-11-08 01:38:34'),(2849,1,'en','plugins/ecommerce/shipping','rule.item.forms.adjustment_price_placeholder','Adjustment price','2023-11-08 01:38:34','2023-11-08 01:38:34'),(2850,1,'en','plugins/ecommerce/shipping','rule.item.forms.is_enabled','Is enabled?','2023-11-08 01:38:34','2023-11-08 01:38:34'),(2851,1,'en','plugins/ecommerce/shipping','rule.item.forms.shipping_rule','Shipping rule','2023-11-08 01:38:34','2023-11-08 01:38:34'),(2852,1,'en','plugins/ecommerce/shipping','rule.item.forms.no_shipping_rule','No shipping rule','2023-11-08 01:38:34','2023-11-08 01:38:34'),(2853,1,'en','plugins/ecommerce/shipping','rule.item.bulk-import.menu','Bulk import Shipping Rule Items','2023-11-08 01:38:34','2023-11-08 01:38:34'),(2854,1,'en','plugins/ecommerce/shipping','rule.item.bulk-import.greater_than_or_equal','Only numbers or decimals are accepted and greater than or equal to :min.','2023-11-08 01:38:34','2023-11-08 01:38:34'),(2855,1,'en','plugins/ecommerce/shipping','rule.item.bulk-import.less_than_or_equal','Only numbers or decimals are accepted and less than or equal to :max.','2023-11-08 01:38:34','2023-11-08 01:38:34'),(2856,1,'en','plugins/ecommerce/shipping','rule.item.bulk-import.between','Only numbers or decimals are accepted and between :min and :max.','2023-11-08 01:38:34','2023-11-08 01:38:34'),(2857,1,'en','plugins/ecommerce/shipping','rule.item.bulk-import.overwrite','Overwrite','2023-11-08 01:38:34','2023-11-08 01:38:34'),(2858,1,'en','plugins/ecommerce/shipping','rule.item.bulk-import.add_new','Add new','2023-11-08 01:38:34','2023-11-08 01:38:34'),(2859,1,'en','plugins/ecommerce/shipping','rule.item.bulk-import.skip','Skip','2023-11-08 01:38:34','2023-11-08 01:38:34'),(2860,1,'en','plugins/ecommerce/shipping','rule.select_type','Select type','2023-11-08 01:38:34','2023-11-08 01:38:34'),(2861,1,'en','plugins/ecommerce/shipping','rule.cannot_create_rule_type_for_this_location','Cannot create rule type \":type\" on this location!','2023-11-08 01:38:34','2023-11-08 01:38:34'),(2862,1,'en','plugins/ecommerce/store-locator','name','Store locators','2023-11-08 01:38:34','2023-11-08 01:38:34'),(2863,1,'en','plugins/ecommerce/store-locator','description','This address will appear on your invoice and will be used to calculate your shipping price.','2023-11-08 01:38:34','2023-11-08 01:38:34'),(2864,1,'en','plugins/ecommerce/store-locator','shop_name','Shop name','2023-11-08 01:38:34','2023-11-08 01:38:34'),(2865,1,'en','plugins/ecommerce/store-locator','phone','Phone','2023-11-08 01:38:34','2023-11-08 01:38:34'),(2866,1,'en','plugins/ecommerce/store-locator','email','Email','2023-11-08 01:38:34','2023-11-08 01:38:34'),(2867,1,'en','plugins/ecommerce/store-locator','state','State','2023-11-08 01:38:34','2023-11-08 01:38:34'),(2868,1,'en','plugins/ecommerce/store-locator','city','City','2023-11-08 01:38:34','2023-11-08 01:38:34'),(2869,1,'en','plugins/ecommerce/store-locator','country','Country','2023-11-08 01:38:34','2023-11-08 01:38:34'),(2870,1,'en','plugins/ecommerce/store-locator','address','Address','2023-11-08 01:38:34','2023-11-08 01:38:34'),(2871,1,'en','plugins/ecommerce/store-locator','primary_store_is','Primary store is','2023-11-08 01:38:34','2023-11-08 01:38:34'),(2872,1,'en','plugins/ecommerce/store-locator','store_name','Store name','2023-11-08 01:38:34','2023-11-08 01:38:34'),(2873,1,'en','plugins/ecommerce/store-locator','select_country','Select country...','2023-11-08 01:38:34','2023-11-08 01:38:34'),(2874,1,'en','plugins/ecommerce/store-locator','default_shipping_location','Default shipping location','2023-11-08 01:38:34','2023-11-08 01:38:34'),(2875,1,'en','plugins/ecommerce/store-locator','default_store','Default store','2023-11-08 01:38:34','2023-11-08 01:38:34'),(2876,1,'en','plugins/ecommerce/store-locator','company','Company','2023-11-08 01:38:34','2023-11-08 01:38:34'),(2877,1,'en','plugins/ecommerce/store-locator','zip_code','Zip Code','2023-11-08 01:38:34','2023-11-08 01:38:34'),(2878,1,'en','plugins/ecommerce/tax','name','Taxes','2023-11-08 01:38:34','2023-11-08 01:38:34'),(2879,1,'en','plugins/ecommerce/tax','create','Create a tax','2023-11-08 01:38:34','2023-11-08 01:38:34'),(2880,1,'en','plugins/ecommerce/tax','edit','Edit tax :title','2023-11-08 01:38:34','2023-11-08 01:38:34'),(2881,1,'en','plugins/ecommerce/tax','title','Title','2023-11-08 01:38:34','2023-11-08 01:38:34'),(2882,1,'en','plugins/ecommerce/tax','percentage','Percentage %','2023-11-08 01:38:34','2023-11-08 01:38:34'),(2883,1,'en','plugins/ecommerce/tax','priority','Priority','2023-11-08 01:38:34','2023-11-08 01:38:34'),(2884,1,'en','plugins/ecommerce/tax','select_tax','-- select --','2023-11-08 01:38:34','2023-11-08 01:38:34'),(2885,1,'en','plugins/ecommerce/tax','default','Default','2023-11-08 01:38:34','2023-11-08 01:38:34'),(2886,1,'en','plugins/ecommerce/tax','country','Country','2023-11-08 01:38:34','2023-11-08 01:38:34'),(2887,1,'en','plugins/ecommerce/tax','state','State','2023-11-08 01:38:34','2023-11-08 01:38:34'),(2888,1,'en','plugins/ecommerce/tax','city','City','2023-11-08 01:38:35','2023-11-08 01:38:35'),(2889,1,'en','plugins/ecommerce/tax','zip_code','Zipcode','2023-11-08 01:38:35','2023-11-08 01:38:35'),(2890,1,'en','plugins/ecommerce/tax','rules','Rules','2023-11-08 01:38:35','2023-11-08 01:38:35'),(2891,1,'en','plugins/ecommerce/tax','tax','Tax','2023-11-08 01:38:35','2023-11-08 01:38:35'),(2892,1,'en','plugins/ecommerce/tax','rule.name','Tax rules','2023-11-08 01:38:35','2023-11-08 01:38:35'),(2893,1,'en','plugins/ecommerce/tax','rule.create','Create a tax rule','2023-11-08 01:38:35','2023-11-08 01:38:35'),(2894,1,'en','plugins/ecommerce/tax','rule.edit','Edit tax rule :title','2023-11-08 01:38:35','2023-11-08 01:38:35'),(2895,1,'en','plugins/faq/faq-category','name','Categories','2023-11-08 01:38:35','2023-11-08 01:38:35'),(2896,1,'en','plugins/faq/faq-category','create','New category','2023-11-08 01:38:35','2023-11-08 01:38:35'),(2897,1,'en','plugins/faq/faq','name','FAQ','2023-11-08 01:38:35','2023-11-08 01:38:35'),(2898,1,'en','plugins/faq/faq','create','New faq','2023-11-08 01:38:35','2023-11-08 01:38:35'),(2899,1,'en','plugins/faq/faq','question','Question','2023-11-08 01:38:35','2023-11-08 01:38:35'),(2900,1,'en','plugins/faq/faq','answer','Answer','2023-11-08 01:38:35','2023-11-08 01:38:35'),(2901,1,'en','plugins/faq/faq','category','Category','2023-11-08 01:38:35','2023-11-08 01:38:35'),(2902,1,'en','plugins/faq/faq','all','All','2023-11-08 01:38:35','2023-11-08 01:38:35'),(2903,1,'en','plugins/faq/faq','faq_schema_config','FAQ schema configuration (:link)','2023-11-08 01:38:35','2023-11-08 01:38:35'),(2904,1,'en','plugins/faq/faq','learn_more','Learn more','2023-11-08 01:38:35','2023-11-08 01:38:35'),(2905,1,'en','plugins/faq/faq','settings.title','FAQ','2023-11-08 01:38:35','2023-11-08 01:38:35'),(2906,1,'en','plugins/faq/faq','settings.description','Settings for FAQ','2023-11-08 01:38:35','2023-11-08 01:38:35'),(2907,1,'en','plugins/faq/faq','settings.enable_faq_schema','Enable FAQ Schema?','2023-11-08 01:38:35','2023-11-08 01:38:35'),(2908,1,'en','plugins/faq/faq','settings.enable_faq_schema_description','Learn more: https://developers.google.com/search/docs/data-types/faqpage','2023-11-08 01:38:35','2023-11-08 01:38:35'),(2909,1,'en','plugins/faq/faq','select_category','Select a category','2023-11-08 01:38:35','2023-11-08 01:38:35'),(2910,1,'en','plugins/faq/faq','add_item','Add item','2023-11-08 01:38:35','2023-11-08 01:38:35'),(2911,1,'en','plugins/language/language','name','Languages','2023-11-08 01:38:35','2023-11-08 01:38:35'),(2912,1,'en','plugins/language/language','choose_language','Choose a language','2023-11-08 01:38:35','2023-11-08 01:38:35'),(2913,1,'en','plugins/language/language','select_language','Select language','2023-11-08 01:38:35','2023-11-08 01:38:35'),(2914,1,'en','plugins/language/language','choose_language_helper','You can choose a language in the list or directly edit it below.','2023-11-08 01:38:35','2023-11-08 01:38:35'),(2915,1,'en','plugins/language/language','language_name','Language name','2023-11-08 01:38:35','2023-11-08 01:38:35'),(2916,1,'en','plugins/language/language','language_name_helper','The name is how it is displayed on your site (for example: English).','2023-11-08 01:38:35','2023-11-08 01:38:35'),(2917,1,'en','plugins/language/language','locale','Locale','2023-11-08 01:38:35','2023-11-08 01:38:35'),(2918,1,'en','plugins/language/language','locale_helper','Laravel Locale for the language (for example: <code>en</code>).','2023-11-08 01:38:35','2023-11-08 01:38:35'),(2919,1,'en','plugins/language/language','language_code','Language code','2023-11-08 01:38:35','2023-11-08 01:38:35'),(2920,1,'en','plugins/language/language','language_code_helper','Language code - preferably 2-letters ISO 639-1 (for example: en)','2023-11-08 01:38:35','2023-11-08 01:38:35'),(2921,1,'en','plugins/language/language','text_direction','Text direction','2023-11-08 01:38:35','2023-11-08 01:38:35'),(2922,1,'en','plugins/language/language','text_direction_helper','Choose the text direction for the language','2023-11-08 01:38:35','2023-11-08 01:38:35'),(2923,1,'en','plugins/language/language','left_to_right','Left to right','2023-11-08 01:38:35','2023-11-08 01:38:35'),(2924,1,'en','plugins/language/language','right_to_left','Right to left','2023-11-08 01:38:35','2023-11-08 01:38:35'),(2925,1,'en','plugins/language/language','flag','Flag','2023-11-08 01:38:35','2023-11-08 01:38:35'),(2926,1,'en','plugins/language/language','flag_helper','Choose a flag for the language.','2023-11-08 01:38:35','2023-11-08 01:38:35'),(2927,1,'en','plugins/language/language','order','Order','2023-11-08 01:38:35','2023-11-08 01:38:35'),(2928,1,'en','plugins/language/language','order_helper','Position of the language in the language switcher','2023-11-08 01:38:35','2023-11-08 01:38:35'),(2929,1,'en','plugins/language/language','add_new_language','Add new language','2023-11-08 01:38:35','2023-11-08 01:38:35'),(2930,1,'en','plugins/language/language','code','Code','2023-11-08 01:38:35','2023-11-08 01:38:35'),(2931,1,'en','plugins/language/language','default_language','Is default?','2023-11-08 01:38:35','2023-11-08 01:38:35'),(2932,1,'en','plugins/language/language','actions','Actions','2023-11-08 01:38:35','2023-11-08 01:38:35'),(2933,1,'en','plugins/language/language','translations','Translations','2023-11-08 01:38:36','2023-11-08 01:38:36'),(2934,1,'en','plugins/language/language','edit','Edit','2023-11-08 01:38:36','2023-11-08 01:38:36'),(2935,1,'en','plugins/language/language','edit_tooltip','Edit this language','2023-11-08 01:38:36','2023-11-08 01:38:36'),(2936,1,'en','plugins/language/language','delete','Delete','2023-11-08 01:38:36','2023-11-08 01:38:36'),(2937,1,'en','plugins/language/language','delete_tooltip','Delete this language and all its associated data','2023-11-08 01:38:36','2023-11-08 01:38:36'),(2938,1,'en','plugins/language/language','choose_default_language','Choose :language as default language','2023-11-08 01:38:36','2023-11-08 01:38:36'),(2939,1,'en','plugins/language/language','current_language','Current record\'s language','2023-11-08 01:38:36','2023-11-08 01:38:36'),(2940,1,'en','plugins/language/language','edit_related','Edit related language for this record','2023-11-08 01:38:36','2023-11-08 01:38:36'),(2941,1,'en','plugins/language/language','add_language_for_item','Add other language version for this record','2023-11-08 01:38:36','2023-11-08 01:38:36'),(2942,1,'en','plugins/language/language','settings','Settings','2023-11-08 01:38:36','2023-11-08 01:38:36'),(2943,1,'en','plugins/language/language','language_hide_default','Hide default language from URL?','2023-11-08 01:38:36','2023-11-08 01:38:36'),(2944,1,'en','plugins/language/language','language_display_flag_only','Flag only','2023-11-08 01:38:36','2023-11-08 01:38:36'),(2945,1,'en','plugins/language/language','language_display_name_only','Name only','2023-11-08 01:38:36','2023-11-08 01:38:36'),(2946,1,'en','plugins/language/language','language_display_all','Display all flag and name','2023-11-08 01:38:36','2023-11-08 01:38:36'),(2947,1,'en','plugins/language/language','language_display','Language display','2023-11-08 01:38:36','2023-11-08 01:38:36'),(2948,1,'en','plugins/language/language','switcher_display','Switcher language display','2023-11-08 01:38:36','2023-11-08 01:38:36'),(2949,1,'en','plugins/language/language','language_switcher_display_dropdown','Dropdown','2023-11-08 01:38:36','2023-11-08 01:38:36'),(2950,1,'en','plugins/language/language','language_switcher_display_list','List','2023-11-08 01:38:36','2023-11-08 01:38:36'),(2951,1,'en','plugins/language/language','current_language_edit_notification','You are editing \"<strong class=\"current_language_text\">:language</strong>\" version','2023-11-08 01:38:36','2023-11-08 01:38:36'),(2952,1,'en','plugins/language/language','confirm-change-language','Confirm change language','2023-11-08 01:38:36','2023-11-08 01:38:36'),(2953,1,'en','plugins/language/language','confirm-change-language-message','Do you really want to change language to \"<strong class=\"change_to_language_text\"></strong>\" ? This action will be override \"<strong class=\"change_to_language_text\"></strong>\" version if it\'s existed!','2023-11-08 01:38:36','2023-11-08 01:38:36'),(2954,1,'en','plugins/language/language','confirm-change-language-btn','Confirm change','2023-11-08 01:38:36','2023-11-08 01:38:36'),(2955,1,'en','plugins/language/language','hide_languages','Hide languages','2023-11-08 01:38:36','2023-11-08 01:38:36'),(2956,1,'en','plugins/language/language','hide_languages_description','You can completely hide content in specific languages from visitors and search engines, but still view it yourself. This allows reviewing translations that are in progress.','2023-11-08 01:38:36','2023-11-08 01:38:36'),(2957,1,'en','plugins/language/language','hide_languages_helper_display_hidden','{0} All languages are currently displayed.|{1} :language is currently hidden to visitors.|[2, Inf] :language are currently hidden to visitors.','2023-11-08 01:38:36','2023-11-08 01:38:36'),(2958,1,'en','plugins/language/language','show_all','Show all','2023-11-08 01:38:36','2023-11-08 01:38:36'),(2959,1,'en','plugins/language/language','change_language','Language','2023-11-08 01:38:36','2023-11-08 01:38:36'),(2960,1,'en','plugins/language/language','language_show_default_item_if_current_version_not_existed','Show item in default language if it is not existed in current language','2023-11-08 01:38:36','2023-11-08 01:38:36'),(2961,1,'en','plugins/language/language','select_flag','Select a flag...','2023-11-08 01:38:36','2023-11-08 01:38:36'),(2962,1,'en','plugins/language/language','delete_confirmation_message','Do you really want to delete this language? It also deletes all items in this language and cannot rollback!','2023-11-08 01:38:36','2023-11-08 01:38:36'),(2963,1,'en','plugins/language/language','added_already','This language was added already!','2023-11-08 01:38:36','2023-11-08 01:38:36'),(2964,1,'en','plugins/language/language','language_auto_detect_user_language','Auto detect user language?','2023-11-08 01:38:36','2023-11-08 01:38:36'),(2965,1,'en','plugins/location/bulk-import','name','Bulk Import','2023-11-08 01:38:36','2023-11-08 01:38:36'),(2966,1,'en','plugins/location/bulk-import','imported_successfully','Your locations have been imported successfully!','2023-11-08 01:38:36','2023-11-08 01:38:36'),(2967,1,'en','plugins/location/bulk-import','please_choose_the_file_mime','Please choose the file mime :types','2023-11-08 01:38:36','2023-11-08 01:38:36'),(2968,1,'en','plugins/location/bulk-import','please_choose_the_file','Please choose the file','2023-11-08 01:38:36','2023-11-08 01:38:36'),(2969,1,'en','plugins/location/bulk-import','start_import','Start Import','2023-11-08 01:38:36','2023-11-08 01:38:36'),(2970,1,'en','plugins/location/bulk-import','note','Note!','2023-11-08 01:38:36','2023-11-08 01:38:36'),(2971,1,'en','plugins/location/bulk-import','warning_before_importing','If this is your first time using this feature, please read the documentation or contact the Administrator for access to the correct functionality!','2023-11-08 01:38:36','2023-11-08 01:38:36'),(2972,1,'en','plugins/location/bulk-import','results','Result: :success successes, :failed failures','2023-11-08 01:38:36','2023-11-08 01:38:36'),(2973,1,'en','plugins/location/bulk-import','failures','Failures','2023-11-08 01:38:36','2023-11-08 01:38:36'),(2974,1,'en','plugins/location/bulk-import','tables.import','Import','2023-11-08 01:38:36','2023-11-08 01:38:36'),(2975,1,'en','plugins/location/bulk-import','template','Template','2023-11-08 01:38:36','2023-11-08 01:38:36'),(2976,1,'en','plugins/location/bulk-import','rules','Rules','2023-11-08 01:38:36','2023-11-08 01:38:36'),(2977,1,'en','plugins/location/bulk-import','choose_file_with_mime','Choose file with mime: (:types)','2023-11-08 01:38:36','2023-11-08 01:38:36'),(2978,1,'en','plugins/location/bulk-import','choose_file','Choose file','2023-11-08 01:38:36','2023-11-08 01:38:36'),(2979,1,'en','plugins/location/bulk-import','menu','Import locations','2023-11-08 01:38:36','2023-11-08 01:38:36'),(2980,1,'en','plugins/location/bulk-import','download-csv-file','Download CSV template','2023-11-08 01:38:37','2023-11-08 01:38:37'),(2981,1,'en','plugins/location/bulk-import','download-excel-file','Download Excel template','2023-11-08 01:38:37','2023-11-08 01:38:37'),(2982,1,'en','plugins/location/bulk-import','downloading','Downloading...','2023-11-08 01:38:37','2023-11-08 01:38:37'),(2983,1,'en','plugins/location/bulk-import','export.template.input_error','Input error','2023-11-08 01:38:37','2023-11-08 01:38:37'),(2984,1,'en','plugins/location/bulk-import','export.template.number_not_allowed','Number is not allowed!','2023-11-08 01:38:37','2023-11-08 01:38:37'),(2985,1,'en','plugins/location/bulk-import','export.template.allowed_input','Allowed input','2023-11-08 01:38:37','2023-11-08 01:38:37'),(2986,1,'en','plugins/location/bulk-import','export.template.prompt_decimal','Only numbers or decimals are accepted and greater than or equal to :min.','2023-11-08 01:38:37','2023-11-08 01:38:37'),(2987,1,'en','plugins/location/bulk-import','export.template.prompt_whole_number','Only numbers are accepted and greater than or equal to :min.','2023-11-08 01:38:37','2023-11-08 01:38:37'),(2988,1,'en','plugins/location/bulk-import','export.template.prompt_list','Please pick a value from the drop-down list.','2023-11-08 01:38:37','2023-11-08 01:38:37'),(2989,1,'en','plugins/location/bulk-import','export.template.pick_from_list','Pick from list','2023-11-08 01:38:37','2023-11-08 01:38:37'),(2990,1,'en','plugins/location/bulk-import','export.template.value_not_in_list','Value is not in list.','2023-11-08 01:38:37','2023-11-08 01:38:37'),(2991,1,'en','plugins/location/bulk-import','export.template.max_text_length','Max text length','2023-11-08 01:38:37','2023-11-08 01:38:37'),(2992,1,'en','plugins/location/bulk-import','export.template.prompt_max_text_length','Only accept text with length less than or equal to :max.','2023-11-08 01:38:37','2023-11-08 01:38:37'),(2993,1,'en','plugins/location/bulk-import','import_failed_description','Import failed, please check the errors below!','2023-11-08 01:38:37','2023-11-08 01:38:37'),(2994,1,'en','plugins/location/bulk-import','available_enable_multi_language','Only available when you enable \"Is Multi Language?\"','2023-11-08 01:38:37','2023-11-08 01:38:37'),(2995,1,'en','plugins/location/bulk-import','import_type_required_if','The :attribute field is required when \"Import Type\" is :value.','2023-11-08 01:38:37','2023-11-08 01:38:37'),(2996,1,'en','plugins/location/bulk-import','import_available_data','Import available data','2023-11-08 01:38:37','2023-11-08 01:38:37'),(2997,1,'en','plugins/location/bulk-import','import','Import','2023-11-08 01:38:37','2023-11-08 01:38:37'),(2998,1,'en','plugins/location/bulk-import','import_available_data_confirmation','Import available data confirmation','2023-11-08 01:38:37','2023-11-08 01:38:37'),(2999,1,'en','plugins/location/bulk-import','import_available_data_confirmation_content','Do you really want to import states/cities for this country?','2023-11-08 01:38:37','2023-11-08 01:38:37'),(3000,1,'en','plugins/location/bulk-import','upload_file_placeholder','Drag and drop file here or click to upload','2023-11-08 01:38:37','2023-11-08 01:38:37'),(3001,1,'en','plugins/location/bulk-import','uploading','Uploading...','2023-11-08 01:38:37','2023-11-08 01:38:37'),(3002,1,'en','plugins/location/bulk-import','validating','Validating...','2023-11-08 01:38:37','2023-11-08 01:38:37'),(3003,1,'en','plugins/location/bulk-import','importing','Importing...','2023-11-08 01:38:37','2023-11-08 01:38:37'),(3004,1,'en','plugins/location/bulk-import','validating_message','Validating from :from to :to...','2023-11-08 01:38:37','2023-11-08 01:38:37'),(3005,1,'en','plugins/location/bulk-import','importing_message','Importing from :from to :to...','2023-11-08 01:38:37','2023-11-08 01:38:37'),(3006,1,'en','plugins/location/bulk-import','total_rows','You have imported :total rows successfully!','2023-11-08 01:38:37','2023-11-08 01:38:37'),(3007,1,'en','plugins/location/city','name','Cities','2023-11-08 01:38:37','2023-11-08 01:38:37'),(3008,1,'en','plugins/location/city','create','New city','2023-11-08 01:38:37','2023-11-08 01:38:37'),(3009,1,'en','plugins/location/city','state','State','2023-11-08 01:38:37','2023-11-08 01:38:37'),(3010,1,'en','plugins/location/city','select_state','Select state...','2023-11-08 01:38:37','2023-11-08 01:38:37'),(3011,1,'en','plugins/location/city','select_city','Select city...','2023-11-08 01:38:37','2023-11-08 01:38:37'),(3012,1,'en','plugins/location/city','country','Country','2023-11-08 01:38:37','2023-11-08 01:38:37'),(3013,1,'en','plugins/location/city','select_country','Select country...','2023-11-08 01:38:37','2023-11-08 01:38:37'),(3014,1,'en','plugins/location/city','city','City','2023-11-08 01:38:37','2023-11-08 01:38:37'),(3015,1,'en','plugins/location/country','name','Countries','2023-11-08 01:38:37','2023-11-08 01:38:37'),(3016,1,'en','plugins/location/country','create','New country','2023-11-08 01:38:37','2023-11-08 01:38:37'),(3017,1,'en','plugins/location/country','nationality','Nationality','2023-11-08 01:38:37','2023-11-08 01:38:37'),(3018,1,'en','plugins/location/country','code','Country ISO code','2023-11-08 01:38:37','2023-11-08 01:38:37'),(3019,1,'en','plugins/location/country','code_placeholder','ISO country code, uppercase. Ex: US.','2023-11-08 01:38:37','2023-11-08 01:38:37'),(3020,1,'en','plugins/location/country','code_helper','Find country ISO code from here: https://en.wikipedia.org/wiki/List_of_ISO_3166_country_codes','2023-11-08 01:38:37','2023-11-08 01:38:37'),(3021,1,'en','plugins/location/location','name','Locations','2023-11-08 01:38:37','2023-11-08 01:38:37'),(3022,1,'en','plugins/location/location','all_states','All states','2023-11-08 01:38:37','2023-11-08 01:38:37'),(3023,1,'en','plugins/location/location','abbreviation','Abbreviation','2023-11-08 01:38:37','2023-11-08 01:38:37'),(3024,1,'en','plugins/location/location','abbreviation_placeholder','E.g: CA','2023-11-08 01:38:37','2023-11-08 01:38:37'),(3025,1,'en','plugins/location/location','exporting','Exporting','2023-11-08 01:38:37','2023-11-08 01:38:37'),(3026,1,'en','plugins/location/location','total_country','Total countries','2023-11-08 01:38:37','2023-11-08 01:38:37'),(3027,1,'en','plugins/location/location','total_state','Total states','2023-11-08 01:38:37','2023-11-08 01:38:37'),(3028,1,'en','plugins/location/location','total_city','Total cities','2023-11-08 01:38:37','2023-11-08 01:38:37'),(3029,1,'en','plugins/location/location','export_location','Export location','2023-11-08 01:38:37','2023-11-08 01:38:37'),(3030,1,'en','plugins/location/location','start_export','Start exporting','2023-11-08 01:38:37','2023-11-08 01:38:37'),(3031,1,'en','plugins/location/location','enums.import_type.country','Country','2023-11-08 01:38:37','2023-11-08 01:38:37'),(3032,1,'en','plugins/location/location','enums.import_type.state','State','2023-11-08 01:38:37','2023-11-08 01:38:37'),(3033,1,'en','plugins/location/location','enums.import_type.city','City','2023-11-08 01:38:37','2023-11-08 01:38:37'),(3034,1,'en','plugins/location/state','name','States','2023-11-08 01:38:37','2023-11-08 01:38:37'),(3035,1,'en','plugins/location/state','create','New state','2023-11-08 01:38:37','2023-11-08 01:38:37'),(3036,1,'en','plugins/location/state','country','Country','2023-11-08 01:38:37','2023-11-08 01:38:37'),(3037,1,'en','plugins/location/state','select_country','Select a country...','2023-11-08 01:38:37','2023-11-08 01:38:37'),(3038,1,'en','plugins/location/state','state','State','2023-11-08 01:38:37','2023-11-08 01:38:37'),(3039,1,'en','plugins/marketplace/marketplace','name','Marketplace','2023-11-08 01:38:37','2023-11-08 01:38:37'),(3040,1,'en','plugins/marketplace/marketplace','email.store_new_order_title','Notice about new order','2023-11-08 01:38:37','2023-11-08 01:38:37'),(3041,1,'en','plugins/marketplace/marketplace','email.store_new_order_description','Send email to the store owner when an order placed','2023-11-08 01:38:37','2023-11-08 01:38:37'),(3042,1,'en','plugins/marketplace/marketplace','email.verify_vendor_title','Verify vendor','2023-11-08 01:38:37','2023-11-08 01:38:37'),(3043,1,'en','plugins/marketplace/marketplace','email.verify_vendor_description','Send email to the admin when a vendor registers','2023-11-08 01:38:37','2023-11-08 01:38:37'),(3044,1,'en','plugins/marketplace/marketplace','email.pending_product_approval_title','Pending product approval','2023-11-08 01:38:37','2023-11-08 01:38:37'),(3045,1,'en','plugins/marketplace/marketplace','email.pending_product_approval_description','Send email to the admin when a vendor post their products','2023-11-08 01:38:37','2023-11-08 01:38:37'),(3046,1,'en','plugins/marketplace/marketplace','email.vendor_account_approved_title','Vendor account approved','2023-11-08 01:38:37','2023-11-08 01:38:37'),(3047,1,'en','plugins/marketplace/marketplace','email.vendor_account_approved_description','Send email to vendor when their account approved','2023-11-08 01:38:37','2023-11-08 01:38:37'),(3048,1,'en','plugins/marketplace/marketplace','email.product_approved_title','Product approved','2023-11-08 01:38:37','2023-11-08 01:38:37'),(3049,1,'en','plugins/marketplace/marketplace','email.product_approved_description','Send email to vendor when their product approved','2023-11-08 01:38:37','2023-11-08 01:38:37'),(3050,1,'en','plugins/marketplace/marketplace','email.withdrawal_approved_title','Withdrawal approved','2023-11-08 01:38:38','2023-11-08 01:38:38'),(3051,1,'en','plugins/marketplace/marketplace','email.withdrawal_approved_description','Send email to vendor when their withdrawal request approved','2023-11-08 01:38:38','2023-11-08 01:38:38'),(3052,1,'en','plugins/marketplace/marketplace','current_balance','Current balance','2023-11-08 01:38:38','2023-11-08 01:38:38'),(3053,1,'en','plugins/marketplace/marketplace','settings.name','Settings','2023-11-08 01:38:38','2023-11-08 01:38:38'),(3054,1,'en','plugins/marketplace/marketplace','settings.title','Settings for marketplace','2023-11-08 01:38:38','2023-11-08 01:38:38'),(3055,1,'en','plugins/marketplace/marketplace','settings.description','Setup commission fee','2023-11-08 01:38:38','2023-11-08 01:38:38'),(3056,1,'en','plugins/marketplace/marketplace','settings.fee_per_order','Fee per fee (%), suggest: 2 or 3','2023-11-08 01:38:38','2023-11-08 01:38:38'),(3057,1,'en','plugins/marketplace/marketplace','settings.default_commission_fee','Default commission fee (%), suggest: 2 or 3','2023-11-08 01:38:38','2023-11-08 01:38:38'),(3058,1,'en','plugins/marketplace/marketplace','settings.enable_commission_fee_for_each_category','Enable commission fee for each category?','2023-11-08 01:38:38','2023-11-08 01:38:38'),(3059,1,'en','plugins/marketplace/marketplace','settings.categories','Categories','2023-11-08 01:38:38','2023-11-08 01:38:38'),(3060,1,'en','plugins/marketplace/marketplace','settings.select_categories','Select categories..','2023-11-08 01:38:38','2023-11-08 01:38:38'),(3061,1,'en','plugins/marketplace/marketplace','settings.commission_fee','Commission fee (%)','2023-11-08 01:38:38','2023-11-08 01:38:38'),(3062,1,'en','plugins/marketplace/marketplace','settings.commission_fee_by_category','Commission fee by category (%)','2023-11-08 01:38:38','2023-11-08 01:38:38'),(3063,1,'en','plugins/marketplace/marketplace','settings.fee_withdrawal','Fee withdrawal (Fixed amount)','2023-11-08 01:38:38','2023-11-08 01:38:38'),(3064,1,'en','plugins/marketplace/marketplace','settings.check_valid_signature','Check valid signature in vendor\'s earnings','2023-11-08 01:38:38','2023-11-08 01:38:38'),(3065,1,'en','plugins/marketplace/marketplace','settings.verify_vendor','Vendor verification (Vendor just can post their product listing after getting verified)','2023-11-08 01:38:38','2023-11-08 01:38:38'),(3066,1,'en','plugins/marketplace/marketplace','settings.enable_product_approval','Enable product approval','2023-11-08 01:38:38','2023-11-08 01:38:38'),(3067,1,'en','plugins/marketplace/marketplace','settings.hide_store_phone_number','Hide store phone number?','2023-11-08 01:38:38','2023-11-08 01:38:38'),(3068,1,'en','plugins/marketplace/marketplace','settings.hide_store_email','Hide store email?','2023-11-08 01:38:38','2023-11-08 01:38:38'),(3069,1,'en','plugins/marketplace/marketplace','settings.hide_store_social_links','Hide store social links?','2023-11-08 01:38:38','2023-11-08 01:38:38'),(3070,1,'en','plugins/marketplace/marketplace','settings.allow_vendor_manage_shipping','Allow vendor manage shipping?','2023-11-08 01:38:38','2023-11-08 01:38:38'),(3071,1,'en','plugins/marketplace/marketplace','settings.commission_fee_each_category_fee_name','Commission fee of commission setting :key','2023-11-08 01:38:38','2023-11-08 01:38:38'),(3072,1,'en','plugins/marketplace/marketplace','settings.commission_fee_each_category_name','Categories of commission setting :key','2023-11-08 01:38:38','2023-11-08 01:38:38'),(3073,1,'en','plugins/marketplace/marketplace','settings.add_new','Add new','2023-11-08 01:38:38','2023-11-08 01:38:38'),(3074,1,'en','plugins/marketplace/marketplace','settings.payout_methods','Payout methods','2023-11-08 01:38:38','2023-11-08 01:38:38'),(3075,1,'en','plugins/marketplace/marketplace','settings.max_upload_filesize','Max upload filesize (MB)','2023-11-08 01:38:38','2023-11-08 01:38:38'),(3076,1,'en','plugins/marketplace/marketplace','settings.max_upload_filesize_placeholder','Default: 10','2023-11-08 01:38:38','2023-11-08 01:38:38'),(3077,1,'en','plugins/marketplace/marketplace','settings.max_product_images_upload_by_vendor','Max number of images for each product','2023-11-08 01:38:38','2023-11-08 01:38:38'),(3078,1,'en','plugins/marketplace/marketplace','theme_options.name','Marketplace','2023-11-08 01:38:38','2023-11-08 01:38:38'),(3079,1,'en','plugins/marketplace/marketplace','theme_options.description','Theme options for Marketplace','2023-11-08 01:38:38','2023-11-08 01:38:38'),(3080,1,'en','plugins/marketplace/marketplace','theme_options.logo_vendor_dashboard','Logo in the vendor dashboard (Default is the main logo)','2023-11-08 01:38:38','2023-11-08 01:38:38'),(3081,1,'en','plugins/marketplace/marketplace','store_name','Store name','2023-11-08 01:38:38','2023-11-08 01:38:38'),(3082,1,'en','plugins/marketplace/marketplace','store_email','Store email','2023-11-08 01:38:38','2023-11-08 01:38:38'),(3083,1,'en','plugins/marketplace/marketplace','store_phone','Store phone','2023-11-08 01:38:38','2023-11-08 01:38:38'),(3084,1,'en','plugins/marketplace/marketplace','product_name','Product name','2023-11-08 01:38:38','2023-11-08 01:38:38'),(3085,1,'en','plugins/marketplace/marketplace','product_url','Product URL','2023-11-08 01:38:38','2023-11-08 01:38:38'),(3086,1,'en','plugins/marketplace/marketplace','withdrawal_amount','Withdrawal amount','2023-11-08 01:38:38','2023-11-08 01:38:38'),(3087,1,'en','plugins/marketplace/marketplace','helpers.customer_status','If you change the status other than \":status\" this vendor\'s store will also change to \":store\"','2023-11-08 01:38:38','2023-11-08 01:38:38'),(3088,1,'en','plugins/marketplace/marketplace','helpers.store_status','If you change the status other than \":status\" this store\'s account will also change to \":customer\"','2023-11-08 01:38:38','2023-11-08 01:38:38'),(3089,1,'en','plugins/marketplace/marketplace','tables.earnings','Earnings','2023-11-08 01:38:38','2023-11-08 01:38:38'),(3090,1,'en','plugins/marketplace/marketplace','tables.products_count','Products Count','2023-11-08 01:38:38','2023-11-08 01:38:38'),(3091,1,'en','plugins/marketplace/marketplace','vendors','Vendors','2023-11-08 01:38:38','2023-11-08 01:38:38'),(3092,1,'en','plugins/marketplace/marketplace','payout_payment_methods.bank_transfer','Bank Transfer','2023-11-08 01:38:38','2023-11-08 01:38:38'),(3093,1,'en','plugins/marketplace/marketplace','payout_payment_methods.paypal','PayPal','2023-11-08 01:38:38','2023-11-08 01:38:38'),(3094,1,'en','plugins/marketplace/marketplace','reports.name','Reports','2023-11-08 01:38:38','2023-11-08 01:38:38'),(3095,1,'en','plugins/marketplace/marketplace','reports.total_fee_earnings','Total fee earnings: :value','2023-11-08 01:38:38','2023-11-08 01:38:38'),(3096,1,'en','plugins/marketplace/marketplace','reports.total_fee','Total fee','2023-11-08 01:38:38','2023-11-08 01:38:38'),(3097,1,'en','plugins/marketplace/marketplace','reports.total_amount','Total amount','2023-11-08 01:38:38','2023-11-08 01:38:38'),(3098,1,'en','plugins/marketplace/marketplace','reports.store_revenues','Store revenues','2023-11-08 01:38:38','2023-11-08 01:38:38'),(3099,1,'en','plugins/marketplace/marketplace','reports.sale_commissions','Sale commissions','2023-11-08 01:38:38','2023-11-08 01:38:38'),(3100,1,'en','plugins/marketplace/marketplace','reports.fee','Fee (:symbol)','2023-11-08 01:38:38','2023-11-08 01:38:38'),(3101,1,'en','plugins/marketplace/marketplace','reports.amount','Amount (:symbol)','2023-11-08 01:38:38','2023-11-08 01:38:38'),(3102,1,'en','plugins/marketplace/marketplace','vendor','Vendor','2023-11-08 01:38:38','2023-11-08 01:38:38'),(3103,1,'en','plugins/marketplace/order','shipping_method_required','Shipping method for \":name\" store order is required.','2023-11-08 01:38:38','2023-11-08 01:38:38'),(3104,1,'en','plugins/marketplace/order','shipping_method_in','Shipping method for \":name\" store order is invalid.','2023-11-08 01:38:38','2023-11-08 01:38:38'),(3105,1,'en','plugins/marketplace/order','shipping_option_required','Shipping option for \":name\" store order is required.','2023-11-08 01:38:38','2023-11-08 01:38:38'),(3106,1,'en','plugins/marketplace/order','refund.insufficient_balance','Balance of vendor is not enough to refund order, balance: :balance','2023-11-08 01:38:38','2023-11-08 01:38:38'),(3107,1,'en','plugins/marketplace/order','refund.description','Refunded from the order #:order','2023-11-08 01:38:38','2023-11-08 01:38:38'),(3108,1,'en','plugins/marketplace/order','products_are_from_different_vendors','Cannot create order! Products are from different vendors.','2023-11-08 01:38:38','2023-11-08 01:38:38'),(3109,1,'en','plugins/marketplace/order','return.description','Returned from the order #:order','2023-11-08 01:38:38','2023-11-08 01:38:38'),(3110,1,'en','plugins/marketplace/revenue','edit','Update wallet balance','2023-11-08 01:38:38','2023-11-08 01:38:38'),(3111,1,'en','plugins/marketplace/revenue','view_store','View store \":store\"','2023-11-08 01:38:38','2023-11-08 01:38:38'),(3112,1,'en','plugins/marketplace/revenue','forms.description_placeholder','Update the exact amount with order #__ORDER_ID__ with reason: __REASON__','2023-11-08 01:38:38','2023-11-08 01:38:38'),(3113,1,'en','plugins/marketplace/revenue','forms.amount','Amount','2023-11-08 01:38:38','2023-11-08 01:38:38'),(3114,1,'en','plugins/marketplace/revenue','forms.amount_placeholder','Enter Amount','2023-11-08 01:38:38','2023-11-08 01:38:38'),(3115,1,'en','plugins/marketplace/revenue','forms.type','Type','2023-11-08 01:38:38','2023-11-08 01:38:38'),(3116,1,'en','plugins/marketplace/revenue','forms.created_by','Created By','2023-11-08 01:38:38','2023-11-08 01:38:38'),(3117,1,'en','plugins/marketplace/revenue','types.add-amount','Add Amount','2023-11-08 01:38:38','2023-11-08 01:38:38'),(3118,1,'en','plugins/marketplace/revenue','types.subtract-amount','Subtract Amount','2023-11-08 01:38:38','2023-11-08 01:38:38'),(3119,1,'en','plugins/marketplace/revenue','types.order-return','Order Return','2023-11-08 01:38:39','2023-11-08 01:38:39'),(3120,1,'en','plugins/marketplace/revenue','store_name','Store Name','2023-11-08 01:38:39','2023-11-08 01:38:39'),(3121,1,'en','plugins/marketplace/revenue','vendor_name','Vendor Name','2023-11-08 01:38:39','2023-11-08 01:38:39'),(3122,1,'en','plugins/marketplace/revenue','balance','Balance','2023-11-08 01:38:39','2023-11-08 01:38:39'),(3123,1,'en','plugins/marketplace/revenue','store_information','Store information','2023-11-08 01:38:39','2023-11-08 01:38:39'),(3124,1,'en','plugins/marketplace/revenue','update_balance','Adjust Balance','2023-11-08 01:38:39','2023-11-08 01:38:39'),(3125,1,'en','plugins/marketplace/revenue','update_balance_title','Add/Subtract amount of vendor','2023-11-08 01:38:39','2023-11-08 01:38:39'),(3126,1,'en','plugins/marketplace/revenue','statements','Statements','2023-11-08 01:38:39','2023-11-08 01:38:39'),(3127,1,'en','plugins/marketplace/revenue','products','Products','2023-11-08 01:38:39','2023-11-08 01:38:39'),(3128,1,'en','plugins/marketplace/store','name','Stores','2023-11-08 01:38:39','2023-11-08 01:38:39'),(3129,1,'en','plugins/marketplace/store','create','New store','2023-11-08 01:38:39','2023-11-08 01:38:39'),(3130,1,'en','plugins/marketplace/store','edit','Edit store','2023-11-08 01:38:39','2023-11-08 01:38:39'),(3131,1,'en','plugins/marketplace/store','view','View','2023-11-08 01:38:39','2023-11-08 01:38:39'),(3132,1,'en','plugins/marketplace/store','forms.logo','Logo','2023-11-08 01:38:39','2023-11-08 01:38:39'),(3133,1,'en','plugins/marketplace/store','forms.email','Email','2023-11-08 01:38:39','2023-11-08 01:38:39'),(3134,1,'en','plugins/marketplace/store','forms.email_placeholder','Ex: name@store.com','2023-11-08 01:38:39','2023-11-08 01:38:39'),(3135,1,'en','plugins/marketplace/store','forms.phone','Phone','2023-11-08 01:38:39','2023-11-08 01:38:39'),(3136,1,'en','plugins/marketplace/store','forms.phone_placeholder','Phone','2023-11-08 01:38:39','2023-11-08 01:38:39'),(3137,1,'en','plugins/marketplace/store','forms.address','Address','2023-11-08 01:38:39','2023-11-08 01:38:39'),(3138,1,'en','plugins/marketplace/store','forms.address_placeholder','Address','2023-11-08 01:38:39','2023-11-08 01:38:39'),(3139,1,'en','plugins/marketplace/store','forms.city','City','2023-11-08 01:38:39','2023-11-08 01:38:39'),(3140,1,'en','plugins/marketplace/store','forms.city_placeholder','City','2023-11-08 01:38:39','2023-11-08 01:38:39'),(3141,1,'en','plugins/marketplace/store','forms.state','State','2023-11-08 01:38:39','2023-11-08 01:38:39'),(3142,1,'en','plugins/marketplace/store','forms.state_placeholder','State','2023-11-08 01:38:39','2023-11-08 01:38:39'),(3143,1,'en','plugins/marketplace/store','forms.country','Country','2023-11-08 01:38:39','2023-11-08 01:38:39'),(3144,1,'en','plugins/marketplace/store','forms.country_placeholder','Country','2023-11-08 01:38:39','2023-11-08 01:38:39'),(3145,1,'en','plugins/marketplace/store','forms.store_owner','Store owner','2023-11-08 01:38:39','2023-11-08 01:38:39'),(3146,1,'en','plugins/marketplace/store','forms.select_store_owner','Select a store owner...','2023-11-08 01:38:39','2023-11-08 01:38:39'),(3147,1,'en','plugins/marketplace/store','forms.store','Store','2023-11-08 01:38:39','2023-11-08 01:38:39'),(3148,1,'en','plugins/marketplace/store','forms.select_store','Select a store...','2023-11-08 01:38:39','2023-11-08 01:38:39'),(3149,1,'en','plugins/marketplace/store','forms.is_vendor','Is vendor?','2023-11-08 01:38:39','2023-11-08 01:38:39'),(3150,1,'en','plugins/marketplace/store','forms.company','Company','2023-11-08 01:38:39','2023-11-08 01:38:39'),(3151,1,'en','plugins/marketplace/store','forms.company_placeholder','Company','2023-11-08 01:38:39','2023-11-08 01:38:39'),(3152,1,'en','plugins/marketplace/store','forms.zip_code','Zip Code','2023-11-08 01:38:39','2023-11-08 01:38:39'),(3153,1,'en','plugins/marketplace/store','forms.zip_code_placeholder','Zip Code','2023-11-08 01:38:39','2023-11-08 01:38:39'),(3154,1,'en','plugins/marketplace/store','store','Store','2023-11-08 01:38:39','2023-11-08 01:38:39'),(3155,1,'en','plugins/marketplace/store','store_name','Store name','2023-11-08 01:38:39','2023-11-08 01:38:39'),(3156,1,'en','plugins/marketplace/store','store_phone','Store phone','2023-11-08 01:38:39','2023-11-08 01:38:39'),(3157,1,'en','plugins/marketplace/store','store_link','Store link','2023-11-08 01:38:39','2023-11-08 01:38:39'),(3158,1,'en','plugins/marketplace/store','product_approval_notification','This product was created by :vendor. It needs to be approved to be shown on your website. :approve_link','2023-11-08 01:38:39','2023-11-08 01:38:39'),(3159,1,'en','plugins/marketplace/store','approve_here','Approve it here.','2023-11-08 01:38:39','2023-11-08 01:38:39'),(3160,1,'en','plugins/marketplace/store','approve_product_confirmation','Approve product confirmation','2023-11-08 01:38:39','2023-11-08 01:38:39'),(3161,1,'en','plugins/marketplace/store','approve_product_confirmation_description','Are you sure you really want to approve this product from :vendor?','2023-11-08 01:38:39','2023-11-08 01:38:39'),(3162,1,'en','plugins/marketplace/store','approve','Approve','2023-11-08 01:38:39','2023-11-08 01:38:39'),(3163,1,'en','plugins/marketplace/store','approve_product_success','Approved product successfully','2023-11-08 01:38:39','2023-11-08 01:38:39'),(3164,1,'en','plugins/marketplace/store','product_approved_notification','This product was created by :vendor. Approved by :user.','2023-11-08 01:38:39','2023-11-08 01:38:39'),(3165,1,'en','plugins/marketplace/store','information','Store information','2023-11-08 01:38:39','2023-11-08 01:38:39'),(3166,1,'en','plugins/marketplace/store','vendor_information','Vendor information','2023-11-08 01:38:39','2023-11-08 01:38:39'),(3167,1,'en','plugins/marketplace/store','vendor_name','Name','2023-11-08 01:38:39','2023-11-08 01:38:39'),(3168,1,'en','plugins/marketplace/store','withdrawal_approval_notification','This withdrawal request has been created by :vendor. Their current balance is :balance.','2023-11-08 01:38:39','2023-11-08 01:38:39'),(3169,1,'en','plugins/marketplace/unverified-vendor','name','Unverified vendors','2023-11-08 01:38:39','2023-11-08 01:38:39'),(3170,1,'en','plugins/marketplace/unverified-vendor','verify','Verify vendor \":name\"','2023-11-08 01:38:39','2023-11-08 01:38:39'),(3171,1,'en','plugins/marketplace/unverified-vendor','forms.email','Email','2023-11-08 01:38:39','2023-11-08 01:38:39'),(3172,1,'en','plugins/marketplace/unverified-vendor','forms.store_name','Store name','2023-11-08 01:38:39','2023-11-08 01:38:39'),(3173,1,'en','plugins/marketplace/unverified-vendor','forms.store_phone','Store phone','2023-11-08 01:38:39','2023-11-08 01:38:39'),(3174,1,'en','plugins/marketplace/unverified-vendor','forms.vendor_phone','Phone','2023-11-08 01:38:39','2023-11-08 01:38:39'),(3175,1,'en','plugins/marketplace/unverified-vendor','forms.verify_vendor','Verify vendor','2023-11-08 01:38:39','2023-11-08 01:38:39'),(3176,1,'en','plugins/marketplace/unverified-vendor','forms.registered_at','Registered At','2023-11-08 01:38:39','2023-11-08 01:38:39'),(3177,1,'en','plugins/marketplace/unverified-vendor','approve','Approve','2023-11-08 01:38:39','2023-11-08 01:38:39'),(3178,1,'en','plugins/marketplace/unverified-vendor','approve_vendor_confirmation','Approve vendor confirmation','2023-11-08 01:38:39','2023-11-08 01:38:39'),(3179,1,'en','plugins/marketplace/unverified-vendor','approve_vendor_confirmation_description','Are you sure you really want to approve :vendor for selling on this site?','2023-11-08 01:38:39','2023-11-08 01:38:39'),(3180,1,'en','plugins/marketplace/unverified-vendor','vendor_approval_notification','Do you want to approve this vendor for selling on this site? :approve_link','2023-11-08 01:38:39','2023-11-08 01:38:39'),(3181,1,'en','plugins/marketplace/unverified-vendor','new_vendor_notifications.new_vendor','New vendor','2023-11-08 01:38:39','2023-11-08 01:38:39'),(3182,1,'en','plugins/marketplace/unverified-vendor','new_vendor_notifications.view','View','2023-11-08 01:38:39','2023-11-08 01:38:39'),(3183,1,'en','plugins/marketplace/unverified-vendor','new_vendor_notifications.description',':customer has registered but not verified.','2023-11-08 01:38:39','2023-11-08 01:38:39'),(3184,1,'en','plugins/marketplace/withdrawal','name','Withdrawals','2023-11-08 01:38:39','2023-11-08 01:38:39'),(3185,1,'en','plugins/marketplace/withdrawal','edit','Edit withdrawal','2023-11-08 01:38:39','2023-11-08 01:38:39'),(3186,1,'en','plugins/marketplace/withdrawal','statuses.pending','Pending','2023-11-08 01:38:39','2023-11-08 01:38:39'),(3187,1,'en','plugins/marketplace/withdrawal','statuses.processing','Processing','2023-11-08 01:38:39','2023-11-08 01:38:39'),(3188,1,'en','plugins/marketplace/withdrawal','statuses.completed','Completed','2023-11-08 01:38:39','2023-11-08 01:38:39'),(3189,1,'en','plugins/marketplace/withdrawal','statuses.canceled','Canceled','2023-11-08 01:38:39','2023-11-08 01:38:39'),(3190,1,'en','plugins/marketplace/withdrawal','statuses.refused','Refused','2023-11-08 01:38:39','2023-11-08 01:38:39'),(3191,1,'en','plugins/marketplace/withdrawal','amount','Amount','2023-11-08 01:38:39','2023-11-08 01:38:39'),(3192,1,'en','plugins/marketplace/withdrawal','customer','Customer','2023-11-08 01:38:39','2023-11-08 01:38:39'),(3193,1,'en','plugins/marketplace/withdrawal','vendor','Vendor','2023-11-08 01:38:39','2023-11-08 01:38:39'),(3194,1,'en','plugins/marketplace/withdrawal','currency','Currency','2023-11-08 01:38:39','2023-11-08 01:38:39'),(3195,1,'en','plugins/marketplace/withdrawal','forms.amount','Amount','2023-11-08 01:38:39','2023-11-08 01:38:39'),(3196,1,'en','plugins/marketplace/withdrawal','forms.amount_placeholder','Amount you want to withdrawal','2023-11-08 01:38:39','2023-11-08 01:38:39'),(3197,1,'en','plugins/marketplace/withdrawal','forms.fee','Fee','2023-11-08 01:38:39','2023-11-08 01:38:39'),(3198,1,'en','plugins/marketplace/withdrawal','forms.fee_helper','You have to pay a fee when withdrawing: :fee','2023-11-08 01:38:39','2023-11-08 01:38:39'),(3199,1,'en','plugins/marketplace/withdrawal','forms.pending_status_helper','To complete withdrawal, please update status as processing then completed','2023-11-08 01:38:39','2023-11-08 01:38:39'),(3200,1,'en','plugins/marketplace/withdrawal','forms.payment_channel','Payment Channel','2023-11-08 01:38:40','2023-11-08 01:38:40'),(3201,1,'en','plugins/marketplace/withdrawal','forms.payment_channel_placeholder','Payment Channel','2023-11-08 01:38:40','2023-11-08 01:38:40'),(3202,1,'en','plugins/marketplace/withdrawal','forms.transaction_id','Transaction ID','2023-11-08 01:38:40','2023-11-08 01:38:40'),(3203,1,'en','plugins/marketplace/withdrawal','forms.transaction_id_placeholder','Transaction ID','2023-11-08 01:38:40','2023-11-08 01:38:40'),(3204,1,'en','plugins/marketplace/withdrawal','forms.amount_with_balance','Amount (balance: :balance)','2023-11-08 01:38:40','2023-11-08 01:38:40'),(3205,1,'en','plugins/marketplace/withdrawal','new_withdrawal_request_notifications.new_withdrawal_request','New withdrawal request','2023-11-08 01:38:40','2023-11-08 01:38:40'),(3206,1,'en','plugins/marketplace/withdrawal','new_withdrawal_request_notifications.view','View','2023-11-08 01:38:40','2023-11-08 01:38:40'),(3207,1,'en','plugins/marketplace/withdrawal','new_withdrawal_request_notifications.description',':customer has requested a withdrawal.','2023-11-08 01:38:40','2023-11-08 01:38:40'),(3208,1,'en','plugins/newsletter/newsletter','name','Newsletters','2023-11-08 01:38:40','2023-11-08 01:38:40'),(3209,1,'en','plugins/newsletter/newsletter','settings.email.templates.title','Newsletter','2023-11-08 01:38:40','2023-11-08 01:38:40'),(3210,1,'en','plugins/newsletter/newsletter','settings.email.templates.description','Config newsletter email templates','2023-11-08 01:38:40','2023-11-08 01:38:40'),(3211,1,'en','plugins/newsletter/newsletter','settings.email.templates.to_admin.title','Email send to admin','2023-11-08 01:38:40','2023-11-08 01:38:40'),(3212,1,'en','plugins/newsletter/newsletter','settings.email.templates.to_admin.description','Template for sending email to admin','2023-11-08 01:38:40','2023-11-08 01:38:40'),(3213,1,'en','plugins/newsletter/newsletter','settings.email.templates.to_user.title','Email send to user','2023-11-08 01:38:40','2023-11-08 01:38:40'),(3214,1,'en','plugins/newsletter/newsletter','settings.email.templates.to_user.description','Template for sending email to subscriber','2023-11-08 01:38:40','2023-11-08 01:38:40'),(3215,1,'en','plugins/newsletter/newsletter','settings.title','Newsletter','2023-11-08 01:38:40','2023-11-08 01:38:40'),(3216,1,'en','plugins/newsletter/newsletter','settings.description','Settings for newsletter (auto send newsletter email to SendGrid, Mailchimp... when someone register newsletter on website).','2023-11-08 01:38:40','2023-11-08 01:38:40'),(3217,1,'en','plugins/newsletter/newsletter','settings.mailchimp_api_key','Mailchimp API Key','2023-11-08 01:38:40','2023-11-08 01:38:40'),(3218,1,'en','plugins/newsletter/newsletter','settings.mailchimp_list_id','Mailchimp List ID','2023-11-08 01:38:40','2023-11-08 01:38:40'),(3219,1,'en','plugins/newsletter/newsletter','settings.mailchimp_list','Mailchimp List','2023-11-08 01:38:40','2023-11-08 01:38:40'),(3220,1,'en','plugins/newsletter/newsletter','settings.sendgrid_api_key','Sendgrid API Key','2023-11-08 01:38:40','2023-11-08 01:38:40'),(3221,1,'en','plugins/newsletter/newsletter','settings.sendgrid_list_id','Sendgrid List ID','2023-11-08 01:38:40','2023-11-08 01:38:40'),(3222,1,'en','plugins/newsletter/newsletter','settings.sendgrid_list','Sendgrid List','2023-11-08 01:38:40','2023-11-08 01:38:40'),(3223,1,'en','plugins/newsletter/newsletter','settings.enable_newsletter_contacts_list_api','Enable newsletter contacts list API?','2023-11-08 01:38:40','2023-11-08 01:38:40'),(3224,1,'en','plugins/newsletter/newsletter','statuses.subscribed','Subscribed','2023-11-08 01:38:40','2023-11-08 01:38:40'),(3225,1,'en','plugins/newsletter/newsletter','statuses.unsubscribed','Unsubscribed','2023-11-08 01:38:40','2023-11-08 01:38:40'),(3226,1,'en','plugins/payment/payment','payments','Payments','2023-11-08 01:38:40','2023-11-08 01:38:40'),(3227,1,'en','plugins/payment/payment','checkout_success','Checkout successfully!','2023-11-08 01:38:40','2023-11-08 01:38:40'),(3228,1,'en','plugins/payment/payment','view_payment','View payment #','2023-11-08 01:38:40','2023-11-08 01:38:40'),(3229,1,'en','plugins/payment/payment','charge_id','Charge ID','2023-11-08 01:38:40','2023-11-08 01:38:40'),(3230,1,'en','plugins/payment/payment','amount','Amount','2023-11-08 01:38:40','2023-11-08 01:38:40'),(3231,1,'en','plugins/payment/payment','currency','Currency','2023-11-08 01:38:40','2023-11-08 01:38:40'),(3232,1,'en','plugins/payment/payment','user','User','2023-11-08 01:38:40','2023-11-08 01:38:40'),(3233,1,'en','plugins/payment/payment','stripe','Stripe','2023-11-08 01:38:40','2023-11-08 01:38:40'),(3234,1,'en','plugins/payment/payment','paypal','PayPal','2023-11-08 01:38:41','2023-11-08 01:38:41'),(3235,1,'en','plugins/payment/payment','action','Action','2023-11-08 01:38:41','2023-11-08 01:38:41'),(3236,1,'en','plugins/payment/payment','payment_via_card','Payment via card','2023-11-08 01:38:41','2023-11-08 01:38:41'),(3237,1,'en','plugins/payment/payment','card_number','Card number','2023-11-08 01:38:41','2023-11-08 01:38:41'),(3238,1,'en','plugins/payment/payment','full_name','Full name','2023-11-08 01:38:41','2023-11-08 01:38:41'),(3239,1,'en','plugins/payment/payment','payment_via_paypal','Fast and safe online payment via PayPal.','2023-11-08 01:38:41','2023-11-08 01:38:41'),(3240,1,'en','plugins/payment/payment','mm_yy','MM/YY','2023-11-08 01:38:41','2023-11-08 01:38:41'),(3241,1,'en','plugins/payment/payment','cvc','CVC','2023-11-08 01:38:41','2023-11-08 01:38:41'),(3242,1,'en','plugins/payment/payment','details','Details','2023-11-08 01:38:41','2023-11-08 01:38:41'),(3243,1,'en','plugins/payment/payment','payer_name','Payer Name','2023-11-08 01:38:41','2023-11-08 01:38:41'),(3244,1,'en','plugins/payment/payment','email','Email','2023-11-08 01:38:41','2023-11-08 01:38:41'),(3245,1,'en','plugins/payment/payment','phone','Phone','2023-11-08 01:38:41','2023-11-08 01:38:41'),(3246,1,'en','plugins/payment/payment','country','Country','2023-11-08 01:38:41','2023-11-08 01:38:41'),(3247,1,'en','plugins/payment/payment','shipping_address','Shipping Address','2023-11-08 01:38:41','2023-11-08 01:38:41'),(3248,1,'en','plugins/payment/payment','payment_details','Payment Details','2023-11-08 01:38:41','2023-11-08 01:38:41'),(3249,1,'en','plugins/payment/payment','card','Card','2023-11-08 01:38:41','2023-11-08 01:38:41'),(3250,1,'en','plugins/payment/payment','address','Address','2023-11-08 01:38:41','2023-11-08 01:38:41'),(3251,1,'en','plugins/payment/payment','could_not_get_stripe_token','Could not get Stripe token to make a charge.','2023-11-08 01:38:41','2023-11-08 01:38:41'),(3252,1,'en','plugins/payment/payment','payment_id','Payment ID','2023-11-08 01:38:41','2023-11-08 01:38:41'),(3253,1,'en','plugins/payment/payment','payment_methods','Payment methods','2023-11-08 01:38:41','2023-11-08 01:38:41'),(3254,1,'en','plugins/payment/payment','transactions','Transactions','2023-11-08 01:38:41','2023-11-08 01:38:41'),(3255,1,'en','plugins/payment/payment','payment_methods_description','Setup payment methods for website','2023-11-08 01:38:41','2023-11-08 01:38:41'),(3256,1,'en','plugins/payment/payment','paypal_description','Customer can buy product and pay directly via PayPal','2023-11-08 01:38:41','2023-11-08 01:38:41'),(3257,1,'en','plugins/payment/payment','use','Use','2023-11-08 01:38:41','2023-11-08 01:38:41'),(3258,1,'en','plugins/payment/payment','stripe_description','Customer can buy product and pay directly using Visa, Credit card via Stripe','2023-11-08 01:38:41','2023-11-08 01:38:41'),(3259,1,'en','plugins/payment/payment','edit','Edit','2023-11-08 01:38:41','2023-11-08 01:38:41'),(3260,1,'en','plugins/payment/payment','settings','Settings','2023-11-08 01:38:41','2023-11-08 01:38:41'),(3261,1,'en','plugins/payment/payment','activate','Activate','2023-11-08 01:38:41','2023-11-08 01:38:41'),(3262,1,'en','plugins/payment/payment','deactivate','Deactivate','2023-11-08 01:38:41','2023-11-08 01:38:41'),(3263,1,'en','plugins/payment/payment','update','Update','2023-11-08 01:38:41','2023-11-08 01:38:41'),(3264,1,'en','plugins/payment/payment','configuration_instruction','Configuration instruction for :name','2023-11-08 01:38:41','2023-11-08 01:38:41'),(3265,1,'en','plugins/payment/payment','configuration_requirement','To use :name, you need','2023-11-08 01:38:41','2023-11-08 01:38:41'),(3266,1,'en','plugins/payment/payment','service_registration','Register with :name','2023-11-08 01:38:42','2023-11-08 01:38:42'),(3267,1,'en','plugins/payment/payment','after_service_registration_msg','After registration at :name, you will have Client ID, Client Secret','2023-11-08 01:38:42','2023-11-08 01:38:42'),(3268,1,'en','plugins/payment/payment','enter_client_id_and_secret','Enter Client ID, Secret into the box in right hand','2023-11-08 01:38:42','2023-11-08 01:38:42'),(3269,1,'en','plugins/payment/payment','method_name','Method name','2023-11-08 01:38:42','2023-11-08 01:38:42'),(3270,1,'en','plugins/payment/payment','please_provide_information','Please provide information','2023-11-08 01:38:42','2023-11-08 01:38:42'),(3271,1,'en','plugins/payment/payment','client_id','Client ID','2023-11-08 01:38:42','2023-11-08 01:38:42'),(3272,1,'en','plugins/payment/payment','client_secret','Client Secret','2023-11-08 01:38:42','2023-11-08 01:38:42'),(3273,1,'en','plugins/payment/payment','secret','Secret','2023-11-08 01:38:42','2023-11-08 01:38:42'),(3274,1,'en','plugins/payment/payment','stripe_key','Stripe Public Key','2023-11-08 01:38:42','2023-11-08 01:38:42'),(3275,1,'en','plugins/payment/payment','stripe_secret','Stripe Private Key','2023-11-08 01:38:42','2023-11-08 01:38:42'),(3276,1,'en','plugins/payment/payment','stripe_after_service_registration_msg','After registration at :name, you will have Public, Secret keys','2023-11-08 01:38:42','2023-11-08 01:38:42'),(3277,1,'en','plugins/payment/payment','stripe_enter_client_id_and_secret','Enter Public, Secret keys into the box in right hand','2023-11-08 01:38:42','2023-11-08 01:38:42'),(3278,1,'en','plugins/payment/payment','pay_online_via','Pay online via :name','2023-11-08 01:38:42','2023-11-08 01:38:42'),(3279,1,'en','plugins/payment/payment','sandbox_mode','Sandbox mode','2023-11-08 01:38:42','2023-11-08 01:38:42'),(3280,1,'en','plugins/payment/payment','deactivate_payment_method','Deactivate payment method','2023-11-08 01:38:42','2023-11-08 01:38:42'),(3281,1,'en','plugins/payment/payment','deactivate_payment_method_description','Do you really want to deactivate this payment method?','2023-11-08 01:38:43','2023-11-08 01:38:43'),(3282,1,'en','plugins/payment/payment','agree','Agree','2023-11-08 01:38:43','2023-11-08 01:38:43'),(3283,1,'en','plugins/payment/payment','name','Payments','2023-11-08 01:38:43','2023-11-08 01:38:43'),(3284,1,'en','plugins/payment/payment','create','New payment','2023-11-08 01:38:43','2023-11-08 01:38:43'),(3285,1,'en','plugins/payment/payment','go_back','Go back','2023-11-08 01:38:43','2023-11-08 01:38:43'),(3286,1,'en','plugins/payment/payment','information','Information','2023-11-08 01:38:43','2023-11-08 01:38:43'),(3287,1,'en','plugins/payment/payment','methods.paypal','PayPal','2023-11-08 01:38:43','2023-11-08 01:38:43'),(3288,1,'en','plugins/payment/payment','methods.cod','Cash on delivery (COD)','2023-11-08 01:38:43','2023-11-08 01:38:43'),(3289,1,'en','plugins/payment/payment','methods.bank_transfer','Bank transfer','2023-11-08 01:38:43','2023-11-08 01:38:43'),(3290,1,'en','plugins/payment/payment','statuses.pending','Pending','2023-11-08 01:38:43','2023-11-08 01:38:43'),(3291,1,'en','plugins/payment/payment','statuses.completed','Completed','2023-11-08 01:38:43','2023-11-08 01:38:43'),(3292,1,'en','plugins/payment/payment','statuses.refunding','Refunding','2023-11-08 01:38:43','2023-11-08 01:38:43'),(3293,1,'en','plugins/payment/payment','statuses.refunded','Refunded','2023-11-08 01:38:43','2023-11-08 01:38:43'),(3294,1,'en','plugins/payment/payment','statuses.fraud','Fraud','2023-11-08 01:38:43','2023-11-08 01:38:43'),(3295,1,'en','plugins/payment/payment','statuses.failed','Failed','2023-11-08 01:38:43','2023-11-08 01:38:43'),(3296,1,'en','plugins/payment/payment','payment_methods_instruction','Guide customers to pay directly. You can choose to pay by delivery or bank transfer','2023-11-08 01:38:43','2023-11-08 01:38:43'),(3297,1,'en','plugins/payment/payment','payment_method_description','Payment guide - (Displayed on the notice of successful purchase and payment page)','2023-11-08 01:38:43','2023-11-08 01:38:43'),(3298,1,'en','plugins/payment/payment','payment_via_cod','Cash on delivery (COD)','2023-11-08 01:38:43','2023-11-08 01:38:43'),(3299,1,'en','plugins/payment/payment','payment_via_bank_transfer','Bank transfer','2023-11-08 01:38:43','2023-11-08 01:38:43'),(3300,1,'en','plugins/payment/payment','payment_pending','Checkout successfully. Your payment is pending and will be checked by our staff.','2023-11-08 01:38:43','2023-11-08 01:38:43'),(3301,1,'en','plugins/payment/payment','created_at','Created At','2023-11-08 01:38:43','2023-11-08 01:38:43'),(3302,1,'en','plugins/payment/payment','payment_channel','Payment Channel','2023-11-08 01:38:43','2023-11-08 01:38:43'),(3303,1,'en','plugins/payment/payment','total','Total','2023-11-08 01:38:43','2023-11-08 01:38:43'),(3304,1,'en','plugins/payment/payment','status','Status','2023-11-08 01:38:43','2023-11-08 01:38:43'),(3305,1,'en','plugins/payment/payment','default_payment_method','Default payment method','2023-11-08 01:38:43','2023-11-08 01:38:43'),(3306,1,'en','plugins/payment/payment','turn_off_success','Turn off payment method successfully!','2023-11-08 01:38:43','2023-11-08 01:38:43'),(3307,1,'en','plugins/payment/payment','saved_payment_method_success','Saved payment method successfully!','2023-11-08 01:38:43','2023-11-08 01:38:43'),(3308,1,'en','plugins/payment/payment','saved_payment_settings_success','Saved payment settings successfully!','2023-11-08 01:38:43','2023-11-08 01:38:43'),(3309,1,'en','plugins/payment/payment','payment_name','Name','2023-11-08 01:38:43','2023-11-08 01:38:43'),(3310,1,'en','plugins/payment/payment','payment_not_found','Payment not found!','2023-11-08 01:38:43','2023-11-08 01:38:43'),(3311,1,'en','plugins/payment/payment','refunds.title','Refunds','2023-11-08 01:38:43','2023-11-08 01:38:43'),(3312,1,'en','plugins/payment/payment','refunds.id','ID','2023-11-08 01:38:43','2023-11-08 01:38:43'),(3313,1,'en','plugins/payment/payment','refunds.breakdowns','Breakdowns','2023-11-08 01:38:43','2023-11-08 01:38:43'),(3314,1,'en','plugins/payment/payment','refunds.gross_amount','Gross amount','2023-11-08 01:38:43','2023-11-08 01:38:43'),(3315,1,'en','plugins/payment/payment','refunds.paypal_fee','PayPal fee','2023-11-08 01:38:43','2023-11-08 01:38:43'),(3316,1,'en','plugins/payment/payment','refunds.net_amount','Net amount','2023-11-08 01:38:43','2023-11-08 01:38:43'),(3317,1,'en','plugins/payment/payment','refunds.total_refunded_amount','Total refunded amount','2023-11-08 01:38:44','2023-11-08 01:38:44'),(3318,1,'en','plugins/payment/payment','refunds.create_time','Create time','2023-11-08 01:38:44','2023-11-08 01:38:44'),(3319,1,'en','plugins/payment/payment','refunds.update_time','Update time','2023-11-08 01:38:44','2023-11-08 01:38:44'),(3320,1,'en','plugins/payment/payment','refunds.status','Status','2023-11-08 01:38:44','2023-11-08 01:38:44'),(3321,1,'en','plugins/payment/payment','refunds.description','Description','2023-11-08 01:38:44','2023-11-08 01:38:44'),(3322,1,'en','plugins/payment/payment','refunds.refunded_at','Refunded at','2023-11-08 01:38:44','2023-11-08 01:38:44'),(3323,1,'en','plugins/payment/payment','refunds.error_message','Error message','2023-11-08 01:38:44','2023-11-08 01:38:44'),(3324,1,'en','plugins/payment/payment','view_response_source','View response source','2023-11-08 01:38:44','2023-11-08 01:38:44'),(3325,1,'en','plugins/payment/payment','status_is_not_completed','Status is not COMPLETED','2023-11-08 01:38:44','2023-11-08 01:38:44'),(3326,1,'en','plugins/payment/payment','cannot_found_capture_id','Can not found capture id with payment detail','2023-11-08 01:38:44','2023-11-08 01:38:44'),(3327,1,'en','plugins/payment/payment','amount_refunded','Amount refunded','2023-11-08 01:38:44','2023-11-08 01:38:44'),(3328,1,'en','plugins/payment/payment','amount_remaining','Amount remaining','2023-11-08 01:38:44','2023-11-08 01:38:44'),(3329,1,'en','plugins/payment/payment','paid_at','Paid At','2023-11-08 01:38:44','2023-11-08 01:38:44'),(3330,1,'en','plugins/payment/payment','invalid_settings','Settings for :name are invalid!','2023-11-08 01:38:44','2023-11-08 01:38:44'),(3331,1,'en','plugins/payment/payment','view_transaction','Transaction \":charge_id\"','2023-11-08 01:38:44','2023-11-08 01:38:44'),(3332,1,'en','plugins/payment/payment','payment_description','Pay for your order #:order_id at :site_url','2023-11-08 01:38:44','2023-11-08 01:38:44'),(3333,1,'en','plugins/shippo/shippo','name','Shippo','2023-11-08 01:38:44','2023-11-08 01:38:44'),(3334,1,'en','plugins/shippo/shippo','description','All of the Carriers and Stores You Need','2023-11-08 01:38:44','2023-11-08 01:38:44'),(3335,1,'en','plugins/shippo/shippo','note_0','Before activating, please read the instructions below','2023-11-08 01:38:44','2023-11-08 01:38:44'),(3336,1,'en','plugins/shippo/shippo','note_1','Need to use cities, states, countries from Admin -> Locations, <a href=\":link\" target=\"_blank\" rel=\"noopener noreferrer\">:link</a>','2023-11-08 01:38:44','2023-11-08 01:38:44'),(3337,1,'en','plugins/shippo/shippo','note_2','Enabled \"Load countries, states, cities from plugin location?\" and \"Enable Zip Code?\" for Shippo to work correctly','2023-11-08 01:38:44','2023-11-08 01:38:44'),(3338,1,'en','plugins/shippo/shippo','note_3','Update city, state, country with location plugin data, enter and check the address and zip code in \"<a href=\":link\" target=\"_blank\">Basic information</a>\"','2023-11-08 01:38:44','2023-11-08 01:38:44'),(3339,1,'en','plugins/shippo/shippo','note_4','Vendor needs to update Company & Zip Code. Update city, state, country with location plugin data','2023-11-08 01:38:44','2023-11-08 01:38:44'),(3340,1,'en','plugins/shippo/shippo','note_5','Shippo only allows to create transactions with shipment/rate within 24 hours, if more than 24 hours, please update the rate again','2023-11-08 01:38:44','2023-11-08 01:38:44'),(3341,1,'en','plugins/shippo/shippo','note_6','COD payment method refer <a href=\":link\" target=\"_blank\" rel=\"noopener noreferrer\">here</a>','2023-11-08 01:38:45','2023-11-08 01:38:45'),(3342,1,'en','plugins/shippo/shippo','configuration_instruction','Configuration instruction for :name','2023-11-08 01:38:45','2023-11-08 01:38:45'),(3343,1,'en','plugins/shippo/shippo','configuration_requirement','To use :name, you need','2023-11-08 01:38:45','2023-11-08 01:38:45'),(3344,1,'en','plugins/shippo/shippo','service_registration','Register with :name','2023-11-08 01:38:45','2023-11-08 01:38:45'),(3345,1,'en','plugins/shippo/shippo','after_service_registration_msg','After registration at :name, you will have API Key','2023-11-08 01:38:45','2023-11-08 01:38:45'),(3346,1,'en','plugins/shippo/shippo','enter_api_key','Enter API Key into the box in right hand','2023-11-08 01:38:45','2023-11-08 01:38:45'),(3347,1,'en','plugins/shippo/shippo','please_provide_information','Please provide information','2023-11-08 01:38:45','2023-11-08 01:38:45'),(3348,1,'en','plugins/shippo/shippo','sandbox_mode','Test mode','2023-11-08 01:38:45','2023-11-08 01:38:45'),(3349,1,'en','plugins/shippo/shippo','activate','Activate','2023-11-08 01:38:45','2023-11-08 01:38:45'),(3350,1,'en','plugins/shippo/shippo','disabled_in_demo_mode','You cannot update Shippo settings in demo mode!','2023-11-08 01:38:45','2023-11-08 01:38:45'),(3351,1,'en','plugins/shippo/shippo','parcel','Parcel','2023-11-08 01:38:45','2023-11-08 01:38:45'),(3352,1,'en','plugins/shippo/shippo','estimated_days','Estimated delivery in :day day(s)','2023-11-08 01:38:45','2023-11-08 01:38:45'),(3353,1,'en','plugins/shippo/shippo','from_address','From address','2023-11-08 01:38:45','2023-11-08 01:38:45'),(3354,1,'en','plugins/shippo/shippo','to_address','To address','2023-11-08 01:38:45','2023-11-08 01:38:45'),(3355,1,'en','plugins/shippo/shippo','check_validate_token','Check validate token?','2023-11-08 01:38:45','2023-11-08 01:38:45'),(3356,1,'en','plugins/shippo/shippo','saved_shipping_settings_success','Saved settings successfully!','2023-11-08 01:38:45','2023-11-08 01:38:45'),(3357,1,'en','plugins/shippo/shippo','token_name_is_required',':name is required for the integration to work','2023-11-08 01:38:45','2023-11-08 01:38:45'),(3358,1,'en','plugins/shippo/shippo','token_name_is_invalid',':name is invalid','2023-11-08 01:38:45','2023-11-08 01:38:45'),(3359,1,'en','plugins/shippo/shippo','live_api_token','Live API Token','2023-11-08 01:38:45','2023-11-08 01:38:45'),(3360,1,'en','plugins/shippo/shippo','test_api_token','Test API Token','2023-11-08 01:38:45','2023-11-08 01:38:45'),(3361,1,'en','plugins/shippo/shippo','print_label','Print label','2023-11-08 01:38:45','2023-11-08 01:38:45'),(3362,1,'en','plugins/shippo/shippo','transaction.created','Created transaction #:tracking','2023-11-08 01:38:45','2023-11-08 01:38:45'),(3363,1,'en','plugins/shippo/shippo','transaction.view_and_create','View and Create transaction','2023-11-08 01:38:45','2023-11-08 01:38:45'),(3364,1,'en','plugins/shippo/shippo','transaction.create','Create transaction','2023-11-08 01:38:45','2023-11-08 01:38:45'),(3365,1,'en','plugins/shippo/shippo','transaction.created_success','Created transaction successfully!','2023-11-08 01:38:45','2023-11-08 01:38:45'),(3366,1,'en','plugins/shippo/shippo','transaction.updated','Updated transaction #:tracking','2023-11-08 01:38:45','2023-11-08 01:38:45'),(3367,1,'en','plugins/shippo/shippo','tracking.updated','Updated tracking #:tracking','2023-11-08 01:38:45','2023-11-08 01:38:45'),(3368,1,'en','plugins/shippo/shippo','tracking.statuses.pre_transit','The label is created but before the package is dropped off or picked up by the carrier.','2023-11-08 01:38:45','2023-11-08 01:38:45'),(3369,1,'en','plugins/shippo/shippo','tracking.statuses.transit','The package has been scanned by the carrier and is in transit.','2023-11-08 01:38:45','2023-11-08 01:38:45'),(3370,1,'en','plugins/shippo/shippo','tracking.statuses.delivered','The package has been successfully delivered.','2023-11-08 01:38:45','2023-11-08 01:38:45'),(3371,1,'en','plugins/shippo/shippo','tracking.statuses.returned','The package is en route to be returned to the sender, or has been returned successfully.','2023-11-08 01:38:45','2023-11-08 01:38:45'),(3372,1,'en','plugins/shippo/shippo','tracking.statuses.failure','The carrier indicated that there has been an issue with the delivery. This can happen for various reasons and depends on the carrier. This status does not indicate a technical, but a delivery issue.','2023-11-08 01:38:45','2023-11-08 01:38:45'),(3373,1,'en','plugins/shippo/shippo','tracking.statuses.unknown','The package has not been found via the carrier’s tracking system.','2023-11-08 01:38:45','2023-11-08 01:38:45'),(3374,1,'en','plugins/shippo/shippo','view_other_exchange_rates','View :count other exchange rates','2023-11-08 01:38:45','2023-11-08 01:38:45'),(3375,1,'en','plugins/shippo/shippo','carrier_could_not_be_found','The carrier for which the order was selected could not be found','2023-11-08 01:38:45','2023-11-08 01:38:45'),(3376,1,'en','plugins/shippo/shippo','update_rate','Update rate','2023-11-08 01:38:45','2023-11-08 01:38:45'),(3377,1,'en','plugins/shippo/shippo','updated_rate_success','Created rate successfully!','2023-11-08 01:38:45','2023-11-08 01:38:45'),(3378,1,'en','plugins/shippo/shippo','recheck_rate','Recheck rate','2023-11-08 01:38:45','2023-11-08 01:38:45'),(3379,1,'en','plugins/shippo/shippo','shipment_object_id_not_found','No matching shipping #:id information found','2023-11-08 01:38:45','2023-11-08 01:38:45'),(3380,1,'en','plugins/shippo/shippo','order_amount','Order amount','2023-11-08 01:38:45','2023-11-08 01:38:45'),(3381,1,'en','plugins/shippo/shippo','logging','Logging?','2023-11-08 01:38:45','2023-11-08 01:38:45'),(3382,1,'en','plugins/shippo/shippo','webhooks','Webhooks?','2023-11-08 01:38:45','2023-11-08 01:38:45'),(3383,1,'en','plugins/shippo/shippo','cache_response','Cache response?','2023-11-08 01:38:45','2023-11-08 01:38:45'),(3384,1,'en','plugins/shippo/shippo','not_available_in_cod_payment_method','Shippo options won\'t be shown if the selected payment method is COD!','2023-11-08 01:38:45','2023-11-08 01:38:45'),(3385,1,'en','plugins/simple-slider/simple-slider','create','New slider','2023-11-08 01:38:45','2023-11-08 01:38:45'),(3386,1,'en','plugins/simple-slider/simple-slider','menu','Simple sliders','2023-11-08 01:38:45','2023-11-08 01:38:45'),(3387,1,'en','plugins/simple-slider/simple-slider','settings.title','Simple sliders','2023-11-08 01:38:45','2023-11-08 01:38:45'),(3388,1,'en','plugins/simple-slider/simple-slider','settings.description','Settings for Simple sliders','2023-11-08 01:38:45','2023-11-08 01:38:45'),(3389,1,'en','plugins/simple-slider/simple-slider','settings.using_assets','Using default assets?','2023-11-08 01:38:45','2023-11-08 01:38:45'),(3390,1,'en','plugins/simple-slider/simple-slider','settings.using_assets_description','If using assets option is enabled then below scripts will be auto added to front site.','2023-11-08 01:38:45','2023-11-08 01:38:45'),(3391,1,'en','plugins/simple-slider/simple-slider','add_new','Add new','2023-11-08 01:38:45','2023-11-08 01:38:45'),(3392,1,'en','plugins/simple-slider/simple-slider','save_sorting','Save sorting','2023-11-08 01:38:45','2023-11-08 01:38:45'),(3393,1,'en','plugins/simple-slider/simple-slider','key','Key','2023-11-08 01:38:45','2023-11-08 01:38:45'),(3394,1,'en','plugins/simple-slider/simple-slider','slide_items','Slide Items','2023-11-08 01:38:46','2023-11-08 01:38:46'),(3395,1,'en','plugins/simple-slider/simple-slider','update_slide_position_success','Updated slide position successfully!','2023-11-08 01:38:46','2023-11-08 01:38:46'),(3396,1,'en','plugins/simple-slider/simple-slider','create_new_slide','Create a new slide','2023-11-08 01:38:46','2023-11-08 01:38:46'),(3397,1,'en','plugins/simple-slider/simple-slider','edit_slide','Edit slide #:id','2023-11-08 01:38:46','2023-11-08 01:38:46'),(3398,1,'en','plugins/simple-slider/simple-slider','simple_slider_shortcode_name','Simple slider','2023-11-08 01:38:46','2023-11-08 01:38:46'),(3399,1,'en','plugins/simple-slider/simple-slider','simple_slider_shortcode_description','Add a simple slider','2023-11-08 01:38:46','2023-11-08 01:38:46'),(3400,1,'en','plugins/simple-slider/simple-slider','select_slider','Select a slider','2023-11-08 01:38:46','2023-11-08 01:38:46'),(3401,1,'en','plugins/social-login/social-login','settings.title','Social Login settings','2023-11-08 01:38:46','2023-11-08 01:38:46'),(3402,1,'en','plugins/social-login/social-login','settings.description','Configure social login options','2023-11-08 01:38:46','2023-11-08 01:38:46'),(3403,1,'en','plugins/social-login/social-login','settings.facebook.title','Facebook login settings','2023-11-08 01:38:46','2023-11-08 01:38:46'),(3404,1,'en','plugins/social-login/social-login','settings.facebook.description','Enable/disable & configure app credentials for Facebook login','2023-11-08 01:38:46','2023-11-08 01:38:46'),(3405,1,'en','plugins/social-login/social-login','settings.facebook.app_id','App ID','2023-11-08 01:38:46','2023-11-08 01:38:46'),(3406,1,'en','plugins/social-login/social-login','settings.facebook.app_secret','App Secret','2023-11-08 01:38:46','2023-11-08 01:38:46'),(3407,1,'en','plugins/social-login/social-login','settings.facebook.helper','Please go to https://developers.facebook.com to create new app update App ID, App Secret. Callback URL is :callback','2023-11-08 01:38:46','2023-11-08 01:38:46'),(3408,1,'en','plugins/social-login/social-login','settings.google.title','Google login settings','2023-11-08 01:38:46','2023-11-08 01:38:46'),(3409,1,'en','plugins/social-login/social-login','settings.google.description','Enable/disable & configure app credentials for Google login','2023-11-08 01:38:46','2023-11-08 01:38:46'),(3410,1,'en','plugins/social-login/social-login','settings.google.app_id','App ID','2023-11-08 01:38:46','2023-11-08 01:38:46'),(3411,1,'en','plugins/social-login/social-login','settings.google.app_secret','App Secret','2023-11-08 01:38:46','2023-11-08 01:38:46'),(3412,1,'en','plugins/social-login/social-login','settings.google.helper','Please go to https://console.developers.google.com/apis/dashboard to create new app update App ID, App Secret. Callback URL is :callback','2023-11-08 01:38:46','2023-11-08 01:38:46'),(3413,1,'en','plugins/social-login/social-login','settings.github.title','Github login settings','2023-11-08 01:38:46','2023-11-08 01:38:46'),(3414,1,'en','plugins/social-login/social-login','settings.github.description','Enable/disable & configure app credentials for Github login','2023-11-08 01:38:46','2023-11-08 01:38:46'),(3415,1,'en','plugins/social-login/social-login','settings.github.app_id','App ID','2023-11-08 01:38:46','2023-11-08 01:38:46'),(3416,1,'en','plugins/social-login/social-login','settings.github.app_secret','App Secret','2023-11-08 01:38:46','2023-11-08 01:38:46'),(3417,1,'en','plugins/social-login/social-login','settings.github.helper','Please go to https://github.com/settings/developers to create new app update App ID, App Secret. Callback URL is :callback','2023-11-08 01:38:46','2023-11-08 01:38:46'),(3418,1,'en','plugins/social-login/social-login','settings.linkedin.title','Linkedin login settings','2023-11-08 01:38:46','2023-11-08 01:38:46'),(3419,1,'en','plugins/social-login/social-login','settings.linkedin.description','Enable/disable & configure app credentials for Linkedin login','2023-11-08 01:38:46','2023-11-08 01:38:46'),(3420,1,'en','plugins/social-login/social-login','settings.linkedin.app_id','App ID','2023-11-08 01:38:46','2023-11-08 01:38:46'),(3421,1,'en','plugins/social-login/social-login','settings.linkedin.app_secret','App Secret','2023-11-08 01:38:46','2023-11-08 01:38:46'),(3422,1,'en','plugins/social-login/social-login','settings.linkedin.helper','Please go to https://www.linkedin.com/developers/apps/new to create new app update App ID, App Secret. Callback URL is :callback','2023-11-08 01:38:46','2023-11-08 01:38:46'),(3423,1,'en','plugins/social-login/social-login','settings.enable','Enable?','2023-11-08 01:38:46','2023-11-08 01:38:46'),(3424,1,'en','plugins/social-login/social-login','menu','Social Login','2023-11-08 01:38:46','2023-11-08 01:38:46'),(3425,1,'en','plugins/translation/translation','translations','Translations','2023-11-08 01:38:46','2023-11-08 01:38:46'),(3426,1,'en','plugins/translation/translation','translations_description','Translate all words in system.','2023-11-08 01:38:46','2023-11-08 01:38:46'),(3427,1,'en','plugins/translation/translation','export_warning','Warning, translations are not visible until they are exported back to lang folder. Please use \"Publish translations\" button to apply changes.','2023-11-08 01:38:46','2023-11-08 01:38:46'),(3428,1,'en','plugins/translation/translation','import_done','Done importing, processed :counter items! Reload this page to refresh the groups!','2023-11-08 01:38:46','2023-11-08 01:38:46'),(3429,1,'en','plugins/translation/translation','translation_manager','Translations Manager','2023-11-08 01:38:46','2023-11-08 01:38:46'),(3430,1,'en','plugins/translation/translation','done_publishing','Done publishing the translations for group','2023-11-08 01:38:46','2023-11-08 01:38:46'),(3431,1,'en','plugins/translation/translation','append_translation','Append new translations','2023-11-08 01:38:46','2023-11-08 01:38:46'),(3432,1,'en','plugins/translation/translation','replace_translation','Replace existing translations','2023-11-08 01:38:46','2023-11-08 01:38:46'),(3433,1,'en','plugins/translation/translation','import_group','Import group','2023-11-08 01:38:46','2023-11-08 01:38:46'),(3434,1,'en','plugins/translation/translation','confirm_publish_group','Are you sure you want to publish the translations group \":group\"? This will overwrite existing language files.','2023-11-08 01:38:46','2023-11-08 01:38:46'),(3435,1,'en','plugins/translation/translation','publish_translations','Publish translations','2023-11-08 01:38:46','2023-11-08 01:38:46'),(3436,1,'en','plugins/translation/translation','back','Back','2023-11-08 01:38:46','2023-11-08 01:38:46'),(3437,1,'en','plugins/translation/translation','edit_title','Enter translation','2023-11-08 01:38:47','2023-11-08 01:38:47'),(3438,1,'en','plugins/translation/translation','choose_group_msg','Choose a group to display the group translations. If no groups are visible, make sure you have imported the translations.','2023-11-08 01:38:47','2023-11-08 01:38:47'),(3439,1,'en','plugins/translation/translation','choose_a_group','Choose a group','2023-11-08 01:38:47','2023-11-08 01:38:47'),(3440,1,'en','plugins/translation/translation','locales','Locales','2023-11-08 01:38:47','2023-11-08 01:38:47'),(3441,1,'en','plugins/translation/translation','theme-translations','Theme translations','2023-11-08 01:38:47','2023-11-08 01:38:47'),(3442,1,'en','plugins/translation/translation','admin-translations','Other translations','2023-11-08 01:38:47','2023-11-08 01:38:47'),(3443,1,'en','plugins/translation/translation','translate_from','Translate from','2023-11-08 01:38:47','2023-11-08 01:38:47'),(3444,1,'en','plugins/translation/translation','to','to','2023-11-08 01:38:47','2023-11-08 01:38:47'),(3445,1,'en','plugins/translation/translation','no_other_languages','No other language to translate!','2023-11-08 01:38:47','2023-11-08 01:38:47'),(3446,1,'en','plugins/translation/translation','edit','Edit','2023-11-08 01:38:47','2023-11-08 01:38:47'),(3447,1,'en','plugins/translation/translation','locale','Locale','2023-11-08 01:38:47','2023-11-08 01:38:47'),(3448,1,'en','plugins/translation/translation','locale_placeholder','Ex: en','2023-11-08 01:38:47','2023-11-08 01:38:47'),(3449,1,'en','plugins/translation/translation','name','Name','2023-11-08 01:38:47','2023-11-08 01:38:47'),(3450,1,'en','plugins/translation/translation','default_locale','Default locale?','2023-11-08 01:38:47','2023-11-08 01:38:47'),(3451,1,'en','plugins/translation/translation','actions','Actions','2023-11-08 01:38:47','2023-11-08 01:38:47'),(3452,1,'en','plugins/translation/translation','choose_language','Choose language','2023-11-08 01:38:47','2023-11-08 01:38:47'),(3453,1,'en','plugins/translation/translation','add_new_language','Add new language','2023-11-08 01:38:47','2023-11-08 01:38:47'),(3454,1,'en','plugins/translation/translation','select_language','Select language','2023-11-08 01:38:47','2023-11-08 01:38:47'),(3455,1,'en','plugins/translation/translation','flag','Flag','2023-11-08 01:38:47','2023-11-08 01:38:47'),(3456,1,'en','plugins/translation/translation','folder_is_not_writeable','Cannot write files! Folder :lang_path is not writable. Please chmod to make it writable!','2023-11-08 01:38:48','2023-11-08 01:38:48'),(3457,1,'en','plugins/translation/translation','delete','Delete','2023-11-08 01:38:48','2023-11-08 01:38:48'),(3458,1,'en','plugins/translation/translation','confirm_delete_message','Do you really want to delete this locale? It will delete all files/folders for this local in :lang_path!','2023-11-08 01:38:48','2023-11-08 01:38:48'),(3459,1,'en','plugins/translation/translation','download','Download','2023-11-08 01:38:48','2023-11-08 01:38:48'),(3460,1,'en','plugins/translation/translation','select_locale','Select locale','2023-11-08 01:38:48','2023-11-08 01:38:48'),(3461,1,'en','plugins/translation/translation','theme_translations_instruction','Click on text to translate. Do NOT translate variables, Eg. :username, :query, :link...','2023-11-08 01:38:48','2023-11-08 01:38:48'),(3462,1,'en','plugins/translation/translation','import_available_locale','Or import available locale from our GitHub repository','2023-11-08 01:38:48','2023-11-08 01:38:48'),(3463,1,'en','plugins/translation/translation','add_new_locale','Add new locale','2023-11-08 01:38:48','2023-11-08 01:38:48'),(3464,1,'en','plugins/translation/translation','download_locale','Download locale','2023-11-08 01:38:48','2023-11-08 01:38:48'),(3465,1,'en','plugins/translation/translation','import_available_locale_confirmation','Download locale from GitHub','2023-11-08 01:38:48','2023-11-08 01:38:48'),(3466,1,'en','plugins/translation/translation','import_available_locale_confirmation_content','Are you sure you want to download this locale? It will be downloaded into :lang_path, you can delete it later if you want.','2023-11-08 01:38:48','2023-11-08 01:38:48'),(3467,1,'en','plugins/translation/translation','is_default','Is default?','2023-11-08 01:38:48','2023-11-08 01:38:48');
/*!40000 ALTER TABLE `translations` ENABLE KEYS */;
UNLOCK TABLES;

--
-- Table structure for table `user_meta`
--

DROP TABLE IF EXISTS `user_meta`;
/*!40101 SET @saved_cs_client     = @@character_set_client */;
/*!50503 SET character_set_client = utf8mb4 */;
CREATE TABLE `user_meta` (
  `id` bigint unsigned NOT NULL AUTO_INCREMENT,
  `key` varchar(191) COLLATE utf8mb4_unicode_ci DEFAULT NULL,
  `value` varchar(191) COLLATE utf8mb4_unicode_ci DEFAULT NULL,
  `user_id` bigint unsigned NOT NULL,
  `created_at` timestamp NULL DEFAULT NULL,
  `updated_at` timestamp NULL DEFAULT NULL,
  PRIMARY KEY (`id`),
  KEY `user_meta_user_id_index` (`user_id`)
) ENGINE=InnoDB DEFAULT CHARSET=utf8mb4 COLLATE=utf8mb4_unicode_ci;
/*!40101 SET character_set_client = @saved_cs_client */;

--
-- Dumping data for table `user_meta`
--

LOCK TABLES `user_meta` WRITE;
/*!40000 ALTER TABLE `user_meta` DISABLE KEYS */;
/*!40000 ALTER TABLE `user_meta` ENABLE KEYS */;
UNLOCK TABLES;

--
-- Table structure for table `users`
--

DROP TABLE IF EXISTS `users`;
/*!40101 SET @saved_cs_client     = @@character_set_client */;
/*!50503 SET character_set_client = utf8mb4 */;
CREATE TABLE `users` (
  `id` bigint unsigned NOT NULL AUTO_INCREMENT,
  `email` varchar(191) COLLATE utf8mb4_unicode_ci NOT NULL,
  `email_verified_at` timestamp NULL DEFAULT NULL,
  `password` varchar(191) CHARACTER SET utf8mb4 COLLATE utf8mb4_unicode_ci DEFAULT NULL,
  `remember_token` varchar(100) COLLATE utf8mb4_unicode_ci DEFAULT NULL,
  `created_at` timestamp NULL DEFAULT NULL,
  `updated_at` timestamp NULL DEFAULT NULL,
  `first_name` varchar(191) COLLATE utf8mb4_unicode_ci DEFAULT NULL,
  `last_name` varchar(191) COLLATE utf8mb4_unicode_ci DEFAULT NULL,
  `username` varchar(60) COLLATE utf8mb4_unicode_ci DEFAULT NULL,
  `avatar_id` bigint unsigned DEFAULT NULL,
  `super_user` tinyint(1) NOT NULL DEFAULT '0',
  `manage_supers` tinyint(1) NOT NULL DEFAULT '0',
  `permissions` text COLLATE utf8mb4_unicode_ci,
  `last_login` timestamp NULL DEFAULT NULL,
  PRIMARY KEY (`id`),
  UNIQUE KEY `users_email_unique` (`email`),
  UNIQUE KEY `users_username_unique` (`username`)
) ENGINE=InnoDB AUTO_INCREMENT=4 DEFAULT CHARSET=utf8mb4 COLLATE=utf8mb4_unicode_ci;
/*!40101 SET character_set_client = @saved_cs_client */;

--
-- Dumping data for table `users`
--

LOCK TABLES `users` WRITE;
/*!40000 ALTER TABLE `users` DISABLE KEYS */;
INSERT INTO `users` VALUES (1,'super@botble.com',NULL,'$2y$12$yZQUjUV/n19DjYBvd36QOONvR3zOPkkjh2i3dHRyxiZtbwPMvJzuO',NULL,'2023-11-08 01:37:42','2023-11-08 01:37:42','Super','Admin','botble',NULL,1,1,NULL,NULL),(2,'admin@botble.com',NULL,'$2y$12$VI8cl4gG3YxD21JRXxvYeeLj/xBwFr3lu8hiQzQqVM60IiRoeHz06',NULL,'2023-11-08 01:37:42','2023-11-08 01:37:42','John','Smith','admin',NULL,1,1,NULL,NULL),(3,'user@botble.com',NULL,'$2y$12$hYHpNsCRKOqf2ztM15xe4O49d4hOwCaS7L2Vg2rW/LvKZxBHAIzXC',NULL,'2023-11-08 01:37:42','2023-11-08 01:37:42','Demon','Warlock','user',NULL,0,0,'{\"users.index\":true,\"users.create\":true,\"users.edit\":true,\"users.destroy\":true,\"roles.index\":true,\"roles.create\":true,\"roles.edit\":true,\"roles.destroy\":true,\"core.system\":true,\"core.manage.license\":true,\"media.index\":true,\"files.index\":true,\"files.create\":true,\"files.edit\":true,\"files.trash\":true,\"files.destroy\":true,\"folders.index\":true,\"folders.create\":true,\"folders.edit\":true,\"folders.trash\":true,\"folders.destroy\":true,\"settings.options\":true,\"settings.email\":true,\"settings.media\":true,\"settings.cronjob\":true,\"menus.index\":true,\"menus.create\":true,\"menus.edit\":true,\"menus.destroy\":true,\"pages.index\":true,\"pages.create\":true,\"pages.edit\":true,\"pages.destroy\":true,\"plugins.index\":true,\"plugins.edit\":true,\"plugins.remove\":true,\"plugins.marketplace\":true,\"core.appearance\":true,\"theme.index\":true,\"theme.activate\":true,\"theme.remove\":true,\"theme.options\":true,\"theme.custom-css\":true,\"theme.custom-js\":true,\"theme.custom-html\":true,\"widgets.index\":true,\"ads.index\":true,\"ads.create\":true,\"ads.edit\":true,\"ads.destroy\":true,\"analytics.general\":true,\"analytics.page\":true,\"analytics.browser\":true,\"analytics.referrer\":true,\"audit-log.index\":true,\"audit-log.destroy\":true,\"backups.index\":true,\"backups.create\":true,\"backups.restore\":true,\"backups.destroy\":true,\"plugins.blog\":true,\"posts.index\":true,\"posts.create\":true,\"posts.edit\":true,\"posts.destroy\":true,\"categories.index\":true,\"categories.create\":true,\"categories.edit\":true,\"categories.destroy\":true,\"tags.index\":true,\"tags.create\":true,\"tags.edit\":true,\"tags.destroy\":true,\"contacts.index\":true,\"contacts.edit\":true,\"contacts.destroy\":true,\"plugins.ecommerce\":true,\"ecommerce.settings\":true,\"ecommerce.report.index\":true,\"products.index\":true,\"products.create\":true,\"products.edit\":true,\"products.destroy\":true,\"products.duplicate\":true,\"product-categories.index\":true,\"product-categories.create\":true,\"product-categories.edit\":true,\"product-categories.destroy\":true,\"product-tag.index\":true,\"product-tag.create\":true,\"product-tag.edit\":true,\"product-tag.destroy\":true,\"brands.index\":true,\"brands.create\":true,\"brands.edit\":true,\"brands.destroy\":true,\"product-collections.index\":true,\"product-collections.create\":true,\"product-collections.edit\":true,\"product-collections.destroy\":true,\"product-attribute-sets.index\":true,\"product-attribute-sets.create\":true,\"product-attribute-sets.edit\":true,\"product-attribute-sets.destroy\":true,\"product-attributes.index\":true,\"product-attributes.create\":true,\"product-attributes.edit\":true,\"product-attributes.destroy\":true,\"tax.index\":true,\"tax.create\":true,\"tax.edit\":true,\"tax.destroy\":true,\"reviews.index\":true,\"reviews.destroy\":true,\"reviews.publish\":true,\"shipping_methods.index\":true,\"ecommerce.shipping-rule-items.index\":true,\"ecommerce.shipping-rule-items.create\":true,\"ecommerce.shipping-rule-items.edit\":true,\"ecommerce.shipping-rule-items.destroy\":true,\"ecommerce.shipping-rule-items.bulk-import\":true,\"ecommerce.shipments.index\":true,\"ecommerce.shipments.create\":true,\"ecommerce.shipments.edit\":true,\"ecommerce.shipments.destroy\":true,\"orders.index\":true,\"orders.create\":true,\"orders.edit\":true,\"orders.destroy\":true,\"discounts.index\":true,\"discounts.create\":true,\"discounts.edit\":true,\"discounts.destroy\":true,\"customers.index\":true,\"customers.create\":true,\"customers.edit\":true,\"customers.destroy\":true,\"flash-sale.index\":true,\"flash-sale.create\":true,\"flash-sale.edit\":true,\"flash-sale.destroy\":true,\"product-label.index\":true,\"product-label.create\":true,\"product-label.edit\":true,\"product-label.destroy\":true,\"ecommerce.import.products.index\":true,\"ecommerce.export.products.index\":true,\"order_returns.index\":true,\"order_returns.edit\":true,\"order_returns.destroy\":true,\"global-option.index\":true,\"global-option.create\":true,\"global-option.edit\":true,\"global-option.destroy\":true,\"ecommerce.invoice.index\":true,\"ecommerce.invoice.edit\":true,\"ecommerce.invoice.destroy\":true,\"ecommerce.invoice-template.index\":true,\"plugin.faq\":true,\"faq.index\":true,\"faq.create\":true,\"faq.edit\":true,\"faq.destroy\":true,\"faq_category.index\":true,\"faq_category.create\":true,\"faq_category.edit\":true,\"faq_category.destroy\":true,\"languages.index\":true,\"languages.create\":true,\"languages.edit\":true,\"languages.destroy\":true,\"plugin.location\":true,\"country.index\":true,\"country.create\":true,\"country.edit\":true,\"country.destroy\":true,\"state.index\":true,\"state.create\":true,\"state.edit\":true,\"state.destroy\":true,\"city.index\":true,\"city.create\":true,\"city.edit\":true,\"city.destroy\":true,\"location.bulk-import.index\":true,\"location.export.index\":true,\"marketplace.index\":true,\"marketplace.store.index\":true,\"marketplace.store.create\":true,\"marketplace.store.edit\":true,\"marketplace.store.destroy\":true,\"marketplace.store.view\":true,\"marketplace.store.revenue.create\":true,\"marketplace.withdrawal.index\":true,\"marketplace.withdrawal.edit\":true,\"marketplace.withdrawal.destroy\":true,\"marketplace.vendors.index\":true,\"marketplace.unverified-vendors.index\":true,\"marketplace.unverified-vendors.edit\":true,\"marketplace.settings\":true,\"marketplace.reports\":true,\"newsletter.index\":true,\"newsletter.destroy\":true,\"payment.index\":true,\"payments.settings\":true,\"payment.destroy\":true,\"simple-slider.index\":true,\"simple-slider.create\":true,\"simple-slider.edit\":true,\"simple-slider.destroy\":true,\"simple-slider-item.index\":true,\"simple-slider-item.create\":true,\"simple-slider-item.edit\":true,\"simple-slider-item.destroy\":true,\"social-login.settings\":true,\"plugins.translation\":true,\"translations.locales\":true,\"translations.theme-translations\":true,\"translations.index\":true}',NULL);
/*!40000 ALTER TABLE `users` ENABLE KEYS */;
UNLOCK TABLES;

--
-- Table structure for table `widgets`
--

DROP TABLE IF EXISTS `widgets`;
/*!40101 SET @saved_cs_client     = @@character_set_client */;
/*!50503 SET character_set_client = utf8mb4 */;
CREATE TABLE `widgets` (
  `id` bigint unsigned NOT NULL AUTO_INCREMENT,
  `widget_id` varchar(120) COLLATE utf8mb4_unicode_ci NOT NULL,
  `sidebar_id` varchar(120) COLLATE utf8mb4_unicode_ci NOT NULL,
  `theme` varchar(120) COLLATE utf8mb4_unicode_ci NOT NULL,
  `position` tinyint unsigned NOT NULL DEFAULT '0',
  `data` text COLLATE utf8mb4_unicode_ci,
  `created_at` timestamp NULL DEFAULT NULL,
  `updated_at` timestamp NULL DEFAULT NULL,
  PRIMARY KEY (`id`)
) ENGINE=InnoDB AUTO_INCREMENT=17 DEFAULT CHARSET=utf8mb4 COLLATE=utf8mb4_unicode_ci;
/*!40101 SET character_set_client = @saved_cs_client */;

--
-- Dumping data for table `widgets`
--

LOCK TABLES `widgets` WRITE;
/*!40000 ALTER TABLE `widgets` DISABLE KEYS */;
INSERT INTO `widgets` VALUES (1,'SiteInfoWidget','footer_sidebar','nest',0,'{\"id\":\"SiteInfoWidget\",\"name\":\"Site information\",\"about\":\"Awesome grocery store website template\",\"phone\":\"(+91) - 540-025-124553\",\"address\":\"5171 W Campbell Ave undefined Kent, Utah 53127 United States\",\"email\":\"sale@Nest.com\",\"working_hours\":\"10:00 - 18:00, Mon - Sat\"}','2023-11-08 01:37:43','2023-11-08 01:37:43'),(2,'CustomMenuWidget','footer_sidebar','nest',1,'{\"id\":\"CustomMenuWidget\",\"name\":\"Company\",\"menu_id\":\"company\"}','2023-11-08 01:37:43','2023-11-08 01:37:43'),(3,'CustomMenuWidget','footer_sidebar','nest',2,'{\"id\":\"CustomMenuWidget\",\"name\":\"Categories\",\"menu_id\":\"product-categories\"}','2023-11-08 01:37:43','2023-11-08 01:37:43'),(4,'CustomMenuWidget','footer_sidebar','nest',3,'{\"id\":\"CustomMenuWidget\",\"name\":\"Information\",\"menu_id\":\"information\"}','2023-11-08 01:37:43','2023-11-08 01:37:43'),(5,'InstallAppWidget','footer_sidebar','nest',3,'{\"id\":\"InstallAppWidget\",\"name\":\"Install App\",\"apps_description\":\"From App Store or Google Play\",\"ios_app_url\":\"#\",\"ios_app_image\":\"general\\/app-store.jpg\",\"android_app_url\":\"#\",\"android_app_image\":\"general\\/google-play.jpg\",\"payment_gateway_description\":\"Secured Payment Gateways\",\"payment_gateway_image\":\"general\\/payment-methods.png\"}','2023-11-08 01:37:43','2023-11-08 01:37:43'),(6,'BlogSearchWidget','primary_sidebar','nest',0,'{\"id\":\"BlogSearchWidget\",\"name\":\"Search\"}','2023-11-08 01:37:43','2023-11-08 01:37:43'),(7,'ProductCategoriesWidget','primary_sidebar','nest',1,'{\"id\":\"ProductCategoriesWidget\",\"name\":\"Categories\"}','2023-11-08 01:37:43','2023-11-08 01:37:43'),(8,'TrendingProductsWidget','primary_sidebar','nest',2,'{\"id\":\"TrendingProductsWidget\",\"name\":\"Trending Now\",\"number_display\":4}','2023-11-08 01:37:43','2023-11-08 01:37:43'),(9,'GalleryWidget','primary_sidebar','nest',3,'{\"id\":\"GalleryWidget\",\"name\":\"Gallery\",\"slider_key\":\"slider-blog-1\"}','2023-11-08 01:37:43','2023-11-08 01:37:43'),(10,'TagsWidget','primary_sidebar','nest',4,'{\"id\":\"TagsWidget\",\"name\":\"Popular Tags\"}','2023-11-08 01:37:43','2023-11-08 01:37:43'),(11,'AdsWidget','primary_sidebar','nest',5,'{\"id\":\"AdsWidget\",\"name\":\"Oganic\",\"ads_key\":\"IZ6WU8KUALYI\"}','2023-11-08 01:37:43','2023-11-08 01:37:43'),(12,'ProductCategoriesWidget','product_sidebar','nest',1,'{\"id\":\"ProductCategoriesWidget\",\"name\":\"Categories\"}','2023-11-08 01:37:43','2023-11-08 01:37:43'),(13,'NewProductsWidget','product_sidebar','nest',3,'{\"id\":\"NewProductsWidget\",\"name\":\"New products\"}','2023-11-08 01:37:43','2023-11-08 01:37:43'),(14,'AdsWidget','product_sidebar','nest',4,'{\"id\":\"AdsWidget\",\"name\":\"Oganic\",\"ads_key\":\"IZ6WU8KUALYI\"}','2023-11-08 01:37:43','2023-11-08 01:37:43'),(15,'NewsletterWidget','pre_footer_sidebar','nest',0,'{\"id\":\"NewsletterWidget\",\"title\":\"Stay home & get your daily <br \\/>needs from our shop\",\"subtitle\":\"Start Your Daily Shopping with <span>Nest Mart<\\/span>\",\"image\":\"general\\/newsletter-image.png\",\"background_image\":\"general\\/newsletter-background-image.png\"}','2023-11-08 01:37:43','2023-11-08 01:37:43'),(16,'SiteFeaturesWidget','pre_footer_sidebar','nest',1,'{\"id\":\"SiteFeaturesWidget\",\"title\":\"Site Features\",\"data\":{\"1\":{\"icon\":\"general\\/icon-1.png\",\"title\":\"Best prices & offers\",\"subtitle\":\"Orders $50 or more\"},\"2\":{\"icon\":\"general\\/icon-2.png\",\"title\":\"Free delivery\",\"subtitle\":\"24\\/7 amazing services\"},\"3\":{\"icon\":\"general\\/icon-3.png\",\"title\":\"Great daily deal\",\"subtitle\":\"When you sign up\"},\"4\":{\"icon\":\"general\\/icon-4.png\",\"title\":\"Wide assortment\",\"subtitle\":\"Mega Discounts\"},\"5\":{\"icon\":\"general\\/icon-5.png\",\"title\":\"Easy returns\",\"subtitle\":\"Within 30 days\"}}}','2023-11-08 01:37:43','2023-11-08 01:37:43');
/*!40000 ALTER TABLE `widgets` ENABLE KEYS */;
UNLOCK TABLES;
/*!40103 SET TIME_ZONE=@OLD_TIME_ZONE */;

/*!40101 SET SQL_MODE=@OLD_SQL_MODE */;
/*!40014 SET FOREIGN_KEY_CHECKS=@OLD_FOREIGN_KEY_CHECKS */;
/*!40014 SET UNIQUE_CHECKS=@OLD_UNIQUE_CHECKS */;
/*!40101 SET CHARACTER_SET_CLIENT=@OLD_CHARACTER_SET_CLIENT */;
/*!40101 SET CHARACTER_SET_RESULTS=@OLD_CHARACTER_SET_RESULTS */;
/*!40101 SET COLLATION_CONNECTION=@OLD_COLLATION_CONNECTION */;
/*!40111 SET SQL_NOTES=@OLD_SQL_NOTES */;

-- Dump completed on 2023-11-08 15:38:50
